Workbook

Sheet Jan
B1: ='[1]Dia 1 (b)'!C1 -> JANEIRO DE 2024 | K1: Umid. Específica (g.kg-1)
A3: H/D | B3: 1 | C3: 2 | D3: 3 | E3: 4 | F3: 5 | G3: 6 | H3: 7 | I3: 8 | J3: 9 | K3: 10 | L3: 11 | M3: 12 | N3: 13 | O3: 14 | P3: 15 | Q3: 16 | R3: 17 | S3: 18 | T3: 19 | U3: 20 | V3: 21 | W3: 22 | X3: 23 | Y3: 24 | Z3: 25 | AA3: 26 | AB3: 27 | AC3: 28 | AD3: 29 | AE3: 30 | AF3: 31
A4: 1
A5: 2
A6: 3
A7: 4
A8: 5
A9: 6
A10: 7 | B10: ='[1]Dia 1 (b)'!$X16 -> 12.027927 | C10: ='[1]Dia 2 (b)'!$X16 -> 12.89845 | D10: ='[1]Dia 3 (b)'!$X16 -> 15.31981 | E10: ='[1]Dia 4 (b)'!$X16 -> 15.164382 | F10: ='[1]Dia 5 (b)'!$X16 -> 14.866126 | G10: ='[1]Dia 6 (b)'!$X16 -> 14.222854 | H10: ='[1]Dia 7 (b)'!$X16 -> 14.198265 | I10: ='[1]Dia 8 (b)'!$X16 -> 16.224168 | J10: ='[1]Dia 9 (b)'!$X16 -> 16.566283 | K10: ='[1]Dia 10 (b)'!$X16 -> 16.489606 | L10: ='[1]Dia 11 (b)'!$X16 -> 16.741624 | M10: ='[1]Dia 12 (b)'!$X16 -> 16.957825 | N10: ='[1]Dia 13 (b)'!$X16 -> 15.489896 | O10: ='[1]Dia 14 (b)'!$X16 -> 13.138849 | P10: ='[1]Dia 15 (b)'!$X16 -> 17.846404 | Q10: ='[1]Dia 16 (b)'!$X16 -> 16.460523 | R10: ='[1]Dia 17 (b)'!$X16 -> 17.797551 | S10: ='[1]Dia 18 (b)'!$X16 -> 17.276124 | T10: ='[1]Dia 19 (b)'!$X16 -> 14.806554 | U10: ='[1]Dia 20 (b)'!$X16 -> 15.12387 | V10: ='[1]Dia 21 (b)'!$X16 -> 15.809028 | W10: ='[1]Dia 22 (b)'!$X16 -> 14.751695 | X10: ='[1]Dia 23 (b)'!$X16 -> 13.255763 | Y10: ='[1]Dia 24 (b)'!$X16 -> 12.241676 | Z10: ='[1]Dia 25 (b)'!$X16 -> 12.992008 | AA10: ='[1]Dia 26 (b)'!$X16 -> 11.890605 | AB10: ='[1]Dia 27 (b)'!$X16 -> 13.868937 | AC10: ='[1]Dia 28 (b)'!$X16 -> 14.178068 | AD10: ='[1]Dia 29 (b)'!$X16 -> 13.465432 | AE10: ='[1]Dia 30 (b)'!$X16 -> 15.376298 | AF10: ='[1]Dia 31 (b)'!$X16 -> 15.12302
A11: 8 | B11: ='[1]Dia 1 (b)'!$X17 -> 12.490845 | C11: ='[1]Dia 2 (b)'!$X17 -> 12.87485 | D11: ='[1]Dia 3 (b)'!$X17 -> 15.628435 | E11: ='[1]Dia 4 (b)'!$X17 -> 15.652118 | F11: ='[1]Dia 5 (b)'!$X17 -> 14.756437 | G11: ='[1]Dia 6 (b)'!$X17 -> 13.661778 | H11: ='[1]Dia 7 (b)'!$X17 -> 14.473832 | I11: ='[1]Dia 8 (b)'!$X17 -> 15.417817 | J11: ='[1]Dia 9 (b)'!$X17 -> 15.444797 | K11: ='[1]Dia 10 (b)'!$X17 -> 15.931346 | L11: ='[1]Dia 11 (b)'!$X17 -> 17.316516 | M11: ='[1]Dia 12 (b)'!$X17 -> 16.990957 | N11: ='[1]Dia 13 (b)'!$X17 -> 15.986338 | O11: ='[1]Dia 14 (b)'!$X17 -> 13.174783 | P11: ='[1]Dia 15 (b)'!$X17 -> 16.54757 | Q11: ='[1]Dia 16 (b)'!$X17 -> 16.084215 | R11: ='[1]Dia 17 (b)'!$X17 -> 16.773583 | S11: ='[1]Dia 18 (b)'!$X17 -> 17.389222 | T11: ='[1]Dia 19 (b)'!$X17 -> 14.260272 | U11: ='[1]Dia 20 (b)'!$X17 -> 15.411702 | V11: ='[1]Dia 21 (b)'!$X17 -> 15.397807 | W11: ='[1]Dia 22 (b)'!$X17 -> 14.704821 | X11: ='[1]Dia 23 (b)'!$X17 -> 13.514489 | Y11: ='[1]Dia 24 (b)'!$X17 -> 12.646397 | Z11: ='[1]Dia 25 (b)'!$X17 -> 13.156866 | AA11: ='[1]Dia 26 (b)'!$X17 -> 12.287647 | AB11: ='[1]Dia 27 (b)'!$X17 -> 13.921879 | AC11: ='[1]Dia 28 (b)'!$X17 -> 13.926699 | AD11: ='[1]Dia 29 (b)'!$X17 -> 13.118798 | AE11: ='[1]Dia 30 (b)'!$X17 -> 14.467559 | AF11: ='[1]Dia 31 (b)'!$X17 -> 14.974339
A12: 9 | B12: ='[1]Dia 1 (b)'!$X18 -> 12.150237 | C12: ='[1]Dia 2 (b)'!$X18 -> 13.129177 | D12: ='[1]Dia 3 (b)'!$X18 -> 15.582 | E12: ='[1]Dia 4 (b)'!$X18 -> 15.965439 | F12: ='[1]Dia 5 (b)'!$X18 -> 15.12344 | G12: ='[1]Dia 6 (b)'!$X18 -> 14.578493 | H12: ='[1]Dia 7 (b)'!$X18 -> 14.328502 | I12: ='[1]Dia 8 (b)'!$X18 -> 14.86156 | J12: ='[1]Dia 9 (b)'!$X18 -> 15.713409 | K12: ='[1]Dia 10 (b)'!$X18 -> 15.724977 | L12: ='[1]Dia 11 (b)'!$X18 -> 16.646669 | M12: ='[1]Dia 12 (b)'!$X18 -> 16.64589 | N12: ='[1]Dia 13 (b)'!$X18 -> 16.195588 | O12: ='[1]Dia 14 (b)'!$X18 -> 13.655604 | P12: ='[1]Dia 15 (b)'!$X18 -> 17.163899 | Q12: ='[1]Dia 16 (b)'!$X18 -> 15.908222 | R12: ='[1]Dia 17 (b)'!$X18 -> 17.245018 | S12: ='[1]Dia 18 (b)'!$X18 -> 17.329183 | T12: ='[1]Dia 19 (b)'!$X18 -> 14.208808 | U12: ='[1]Dia 20 (b)'!$X18 -> 15.44785 | V12: ='[1]Dia 21 (b)'!$X18 -> 15.67244 | W12: ='[1]Dia 22 (b)'!$X18 -> 15.34081 | X12: ='[1]Dia 23 (b)'!$X18 -> 13.853758 | Y12: ='[1]Dia 24 (b)'!$X18 -> 12.574703 | Z12: ='[1]Dia 25 (b)'!$X18 -> 13.773572 | AA12: ='[1]Dia 26 (b)'!$X18 -> 12.653571 | AB12: ='[1]Dia 27 (b)'!$X18 -> 13.893056 | AC12: ='[1]Dia 28 (b)'!$X18 -> 13.732439 | AD12: ='[1]Dia 29 (b)'!$X18 -> 12.945607 | AE12: ='[1]Dia 30 (b)'!$X18 -> 12.769801 | AF12: ='[1]Dia 31 (b)'!$X18 -> 14.689776
A13: 10 | B13: ='[1]Dia 1 (b)'!$X19 -> 12.461852 | C13: ='[1]Dia 2 (b)'!$X19 -> 13.156931 | D13: ='[1]Dia 3 (b)'!$X19 -> 15.462001 | E13: ='[1]Dia 4 (b)'!$X19 -> 16.288491 | F13: ='[1]Dia 5 (b)'!$X19 -> 14.945193 | G13: ='[1]Dia 6 (b)'!$X19 -> 13.976742 | H13: ='[1]Dia 7 (b)'!$X19 -> 14.137882 | I13: ='[1]Dia 8 (b)'!$X19 -> 13.88572 | J13: ='[1]Dia 9 (b)'!$X19 -> 14.934641 | K13: ='[1]Dia 10 (b)'!$X19 -> 14.925349 | L13: ='[1]Dia 11 (b)'!$X19 -> 16.126699 | M13: ='[1]Dia 12 (b)'!$X19 -> 16.444291 | N13: ='[1]Dia 13 (b)'!$X19 -> 15.288028 | O13: ='[1]Dia 14 (b)'!$X19 -> 14.375978 | P13: ='[1]Dia 15 (b)'!$X19 -> 16.577584 | Q13: ='[1]Dia 16 (b)'!$X19 -> 15.37748 | R13: ='[1]Dia 17 (b)'!$X19 -> 16.14258 | S13: ='[1]Dia 18 (b)'!$X19 -> 16.807754 | T13: ='[1]Dia 19 (b)'!$X19 -> 15.088187 | U13: ='[1]Dia 20 (b)'!$X19 -> 16.481395 | V13: ='[1]Dia 21 (b)'!$X19 -> 15.207773 | W13: ='[1]Dia 22 (b)'!$X19 -> 14.316622 | X13: ='[1]Dia 23 (b)'!$X19 -> 14.117833 | Y13: ='[1]Dia 24 (b)'!$X19 -> 12.704896 | Z13: ='[1]Dia 25 (b)'!$X19 -> 14.976481 | AA13: ='[1]Dia 26 (b)'!$X19 -> 12.954172 | AB13: ='[1]Dia 27 (b)'!$X19 -> 13.866049 | AC13: ='[1]Dia 28 (b)'!$X19 -> 14.023441 | AD13: ='[1]Dia 29 (b)'!$X19 -> 12.923704 | AE13: ='[1]Dia 30 (b)'!$X19 -> 11.974305 | AF13: ='[1]Dia 31 (b)'!$X19 -> 14.428157
A14: 11 | B14: ='[1]Dia 1 (b)'!$X20 -> 13.079153 | C14: ='[1]Dia 2 (b)'!$X20 -> 13.118901 | D14: ='[1]Dia 3 (b)'!$X20 -> 15.221213 | E14: ='[1]Dia 4 (b)'!$X20 -> 16.126697 | F14: ='[1]Dia 5 (b)'!$X20 -> 15.050244 | G14: ='[1]Dia 6 (b)'!$X20 -> 14.04632 | H14: ='[1]Dia 7 (b)'!$X20 -> 14.813889 | I14: ='[1]Dia 8 (b)'!$X20 -> 14.669516 | J14: ='[1]Dia 9 (b)'!$X20 -> 16.498478 | K14: ='[1]Dia 10 (b)'!$X20 -> 14.737001 | L14: ='[1]Dia 11 (b)'!$X20 -> 16.179752 | M14: ='[1]Dia 12 (b)'!$X20 -> 16.601835 | N14: ='[1]Dia 13 (b)'!$X20 -> 14.620228 | O14: ='[1]Dia 14 (b)'!$X20 -> 14.602875 | P14: ='[1]Dia 15 (b)'!$X20 -> 15.579248 | Q14: ='[1]Dia 16 (b)'!$X20 -> 14.983352 | R14: ='[1]Dia 17 (b)'!$X20 -> 16.358822 | S14: ='[1]Dia 18 (b)'!$X20 -> 16.721026 | T14: ='[1]Dia 19 (b)'!$X20 -> 15.203531 | U14: ='[1]Dia 20 (b)'!$X20 -> 17.041511 | V14: ='[1]Dia 21 (b)'!$X20 -> 16.2583 | W14: ='[1]Dia 22 (b)'!$X20 -> 14.181304 | X14: ='[1]Dia 23 (b)'!$X20 -> 13.75712 | Y14: ='[1]Dia 24 (b)'!$X20 -> 13.024903 | Z14: ='[1]Dia 25 (b)'!$X20 -> 13.240098 | AA14: ='[1]Dia 26 (b)'!$X20 -> 12.613595 | AB14: ='[1]Dia 27 (b)'!$X20 -> 14.170996 | AC14: ='[1]Dia 28 (b)'!$X20 -> 12.830185 | AD14: ='[1]Dia 29 (b)'!$X20 -> 12.563802 | AE14: ='[1]Dia 30 (b)'!$X20 -> 10.482733 | AF14: ='[1]Dia 31 (b)'!$X20 -> 13.535526
A15: 12 | B15: ='[1]Dia 1 (b)'!$X21 -> 13.793108 | C15: ='[1]Dia 2 (b)'!$X21 -> 14.480385 | D15: ='[1]Dia 3 (b)'!$X21 -> 14.26188 | E15: ='[1]Dia 4 (b)'!$X21 -> 17.188686 | F15: ='[1]Dia 5 (b)'!$X21 -> 15.270118 | G15: ='[1]Dia 6 (b)'!$X21 -> 15.556384 | H15: ='[1]Dia 7 (b)'!$X21 -> 13.164594 | I15: ='[1]Dia 8 (b)'!$X21 -> 14.143792 | J15: ='[1]Dia 9 (b)'!$X21 -> 15.373884 | K15: ='[1]Dia 10 (b)'!$X21 -> 13.86672 | L15: ='[1]Dia 11 (b)'!$X21 -> 15.914957 | M15: ='[1]Dia 12 (b)'!$X21 -> 16.276564 | N15: ='[1]Dia 13 (b)'!$X21 -> 14.430109 | O15: ='[1]Dia 14 (b)'!$X21 -> 14.897405 | P15: ='[1]Dia 15 (b)'!$X21 -> 15.476272 | Q15: ='[1]Dia 16 (b)'!$X21 -> 14.841312 | R15: ='[1]Dia 17 (b)'!$X21 -> 16.287209 | S15: ='[1]Dia 18 (b)'!$X21 -> 15.476272 | T15: ='[1]Dia 19 (b)'!$X21 -> 14.723846 | U15: ='[1]Dia 20 (b)'!$X21 -> 17.027963 | V15: ='[1]Dia 21 (b)'!$X21 -> 15.695953 | W15: ='[1]Dia 22 (b)'!$X21 -> 14.545259 | X15: ='[1]Dia 23 (b)'!$X21 -> 14.138595 | Y15: ='[1]Dia 24 (b)'!$X21 -> 13.545852 | Z15: ='[1]Dia 25 (b)'!$X21 -> 13.046595 | AA15: ='[1]Dia 26 (b)'!$X21 -> 12.813912 | AB15: ='[1]Dia 27 (b)'!$X21 -> 13.848883 | AC15: ='[1]Dia 28 (b)'!$X21 -> 13.444194 | AD15: ='[1]Dia 29 (b)'!$X21 -> 12.512928 | AE15: ='[1]Dia 30 (b)'!$X21 -> 10.801436 | AF15: ='[1]Dia 31 (b)'!$X21 -> 14.433715
A16: 13 | B16: ='[1]Dia 1 (b)'!$X22 -> 13.667083 | C16: ='[1]Dia 2 (b)'!$X22 -> 14.846194 | D16: ='[1]Dia 3 (b)'!$X22 -> 14.06972 | E16: ='[1]Dia 4 (b)'!$X22 -> 16.468246 | F16: ='[1]Dia 5 (b)'!$X22 -> 15.147318 | G16: ='[1]Dia 6 (b)'!$X22 -> 15.510008 | H16: ='[1]Dia 7 (b)'!$X22 -> 12.319266 | I16: ='[1]Dia 8 (b)'!$X22 -> 13.983061 | J16: ='[1]Dia 9 (b)'!$X22 -> 14.295587 | K16: ='[1]Dia 10 (b)'!$X22 -> 13.293316 | L16: ='[1]Dia 11 (b)'!$X22 -> 15.371552 | M16: ='[1]Dia 12 (b)'!$X22 -> 16.341021 | N16: ='[1]Dia 13 (b)'!$X22 -> 14.307761 | O16: ='[1]Dia 14 (b)'!$X22 -> 14.249228 | P16: ='[1]Dia 15 (b)'!$X22 -> 14.767187 | Q16: ='[1]Dia 16 (b)'!$X22 -> 14.403342 | R16: ='[1]Dia 17 (b)'!$X22 -> 15.107161 | S16: ='[1]Dia 18 (b)'!$X22 -> 15.320463 | T16: ='[1]Dia 19 (b)'!$X22 -> 16.18567 | U16: ='[1]Dia 20 (b)'!$X22 -> 17.288331 | V16: ='[1]Dia 21 (b)'!$X22 -> 16.32998 | W16: ='[1]Dia 22 (b)'!$X22 -> 14.525509 | X16: ='[1]Dia 23 (b)'!$X22 -> 14.152549 | Y16: ='[1]Dia 24 (b)'!$X22 -> 13.547771 | Z16: ='[1]Dia 25 (b)'!$X22 -> 12.486608 | AA16: ='[1]Dia 26 (b)'!$X22 -> 13.834794 | AB16: ='[1]Dia 27 (b)'!$X22 -> 14.392877 | AC16: ='[1]Dia 28 (b)'!$X22 -> 13.909528 | AD16: ='[1]Dia 29 (b)'!$X22 -> 12.835172 | AE16: ='[1]Dia 30 (b)'!$X22 -> 9.3093027 | AF16: ='[1]Dia 31 (b)'!$X22 -> 16.459703
A17: 14 | B17: ='[1]Dia 1 (b)'!$X23 -> 13.625038 | C17: ='[1]Dia 2 (b)'!$X23 -> 15.169757 | D17: ='[1]Dia 3 (b)'!$X23 -> 17.393879 | E17: ='[1]Dia 4 (b)'!$X23 -> 16.893199 | F17: ='[1]Dia 5 (b)'!$X23 -> 15.849296 | G17: ='[1]Dia 6 (b)'!$X23 -> 14.8221 | H17: ='[1]Dia 7 (b)'!$X23 -> 17.316063 | I17: ='[1]Dia 8 (b)'!$X23 -> 14.465039 | J17: ='[1]Dia 9 (b)'!$X23 -> 14.223734 | K17: ='[1]Dia 10 (b)'!$X23 -> 12.968697 | L17: ='[1]Dia 11 (b)'!$X23 -> 15.111625 | M17: ='[1]Dia 12 (b)'!$X23 -> 18.852952 | N17: ='[1]Dia 13 (b)'!$X23 -> 13.782 | O17: ='[1]Dia 14 (b)'!$X23 -> 14.503661 | P17: ='[1]Dia 15 (b)'!$X23 -> 14.356649 | Q17: ='[1]Dia 16 (b)'!$X23 -> 13.638501 | R17: ='[1]Dia 17 (b)'!$X23 -> 14.81534 | S17: ='[1]Dia 18 (b)'!$X23 -> 16.243399 | T17: ='[1]Dia 19 (b)'!$X23 -> 16.15013 | U17: ='[1]Dia 20 (b)'!$X23 -> 17.01521 | V17: ='[1]Dia 21 (b)'!$X23 -> 17.300768 | W17: ='[1]Dia 22 (b)'!$X23 -> 14.183083 | X17: ='[1]Dia 23 (b)'!$X23 -> 13.339331 | Y17: ='[1]Dia 24 (b)'!$X23 -> 13.786075 | Z17: ='[1]Dia 25 (b)'!$X23 -> 13.286277 | AA17: ='[1]Dia 26 (b)'!$X23 -> 12.616367 | AB17: ='[1]Dia 27 (b)'!$X23 -> 14.163775 | AC17: ='[1]Dia 28 (b)'!$X23 -> 13.390636 | AD17: ='[1]Dia 29 (b)'!$X23 -> 11.417736 | AE17: ='[1]Dia 30 (b)'!$X23 -> 9.4242489 | AF17: ='[1]Dia 31 (b)'!$X23 -> 17.069659
A18: 15 | B18: ='[1]Dia 1 (b)'!$X24 -> 13.658852 | C18: ='[1]Dia 2 (b)'!$X24 -> 14.612373 | D18: ='[1]Dia 3 (b)'!$X24 -> 16.705147 | E18: ='[1]Dia 4 (b)'!$X24 -> 15.883645 | F18: ='[1]Dia 5 (b)'!$X24 -> 15.203248 | G18: ='[1]Dia 6 (b)'!$X24 -> 14.854748 | H18: ='[1]Dia 7 (b)'!$X24 -> 17.080649 | I18: ='[1]Dia 8 (b)'!$X24 -> 13.815393 | J18: ='[1]Dia 9 (b)'!$X24 -> 13.784453 | K18: ='[1]Dia 10 (b)'!$X24 -> 12.298297 | L18: ='[1]Dia 11 (b)'!$X24 -> 14.507371 | M18: ='[1]Dia 12 (b)'!$X24 -> 18.137699 | N18: ='[1]Dia 13 (b)'!$X24 -> 13.567626 | O18: ='[1]Dia 14 (b)'!$X24 -> 16.487934 | P18: ='[1]Dia 15 (b)'!$X24 -> 14.455384 | Q18: ='[1]Dia 16 (b)'!$X24 -> 14.240404 | R18: ='[1]Dia 17 (b)'!$X24 -> 19.006543 | S18: ='[1]Dia 18 (b)'!$X24 -> 19.076714 | T18: ='[1]Dia 19 (b)'!$X24 -> 16.658078 | U18: ='[1]Dia 20 (b)'!$X24 -> 17.082821 | V18: ='[1]Dia 21 (b)'!$X24 -> 16.946935 | W18: ='[1]Dia 22 (b)'!$X24 -> 14.223578 | X18: ='[1]Dia 23 (b)'!$X24 -> 12.705534 | Y18: ='[1]Dia 24 (b)'!$X24 -> 13.777537 | Z18: ='[1]Dia 25 (b)'!$X24 -> 12.939979 | AA18: ='[1]Dia 26 (b)'!$X24 -> 12.487892 | AB18: ='[1]Dia 27 (b)'!$X24 -> 15.007342 | AC18: ='[1]Dia 28 (b)'!$X24 -> 12.65236 | AD18: ='[1]Dia 29 (b)'!$X24 -> 10.257794 | AE18: ='[1]Dia 30 (b)'!$X24 -> 9.5058199 | AF18: ='[1]Dia 31 (b)'!$X24 -> 12.040673
A19: 16
A20: 17
A21: 18
A22: 19
A23: 20
A24: 21
A25: 22
A26: 23
A27: 24
B28: NÃO ESTÃO SENDO MAIS INTERPOLADOS AS OBSERVAÇÕES ENTRE AS 16H E 6H.
A30: MÉDIA
A31: DIÁRIA
A34: MÁXIMA
A35: DIÁRIA
A38: MÍNIMA
A39: DIÁRIA
A42: AMPLITUDE
A43: DIÁRIA
H46: MÉDIA | K46: MÁXIMA | N46: MÍNIMA | Q46: AMPLITUDE | T46: MÉDIA | V46: MÉDIA | X46: DIF. DAS
H47: MENSAL | K47: MENSAL | N47: MENSAL | Q47: MENSAL | T47: DAS MÁX. | V47: DAS MÍN. | X47: MÉDIAS

Sheet Fev
B1: ='[2]Dia 1 (b)'!C1 -> FEVEREIRO DE 2024 | K1: Umid. Específica (g.kg-1)
A3: H/D | B3: 1 | C3: 2 | D3: 3 | E3: 4 | F3: 5 | G3: 6 | H3: 7 | I3: 8 | J3: 9 | K3: 10 | L3: 11 | M3: 12 | N3: 13 | O3: 14 | P3: 15 | Q3: 16 | R3: 17 | S3: 18 | T3: 19 | U3: 20 | V3: 21 | W3: 22 | X3: 23 | Y3: 24 | Z3: 25 | AA3: 26 | AB3: 27 | AC3: 28 | AD3: 29
A4: 1
A5: 2
A6: 3
A7: 4
A8: 5
A9: 6
A10: 7 | B10: ='[2]Dia 1 (b)'!$X16 -> 13.838866 | C10: ='[2]Dia 2 (b)'!$X16 -> 14.708345 | D10: ='[2]Dia 3 (b)'!$X16 -> 14.464591 | E10: ='[2]Dia 4 (b)'!$X16 -> 15.501971 | F10: ='[2]Dia 5 (b)'!$X16 -> 14.312973 | G10: ='[2]Dia 6 (b)'!$X16 -> 14.6671 | H10: ='[2]Dia 7 (b)'!$X16 -> 15.153796 | I10: ='[2]Dia 8 (b)'!$X16 -> 15.264912 | J10: ='[2]Dia 9 (b)'!$X16 -> 15.144749 | K10: ='[2]Dia 10 (b)'!$X16 -> 15.760467 | L10: ='[2]Dia 11 (b)'!$X16 -> 15.631344 | M10: ='[2]Dia 12 (b)'!$X16 -> 15.409136 | N10: ='[2]Dia 13 (b)'!$X16 -> 14.716899 | O10: ='[2]Dia 14 (b)'!$X16 -> 15.7176 | P10: ='[2]Dia 15 (b)'!$X16 -> 15.131061 | Q10: ='[2]Dia 16 (b)'!$X16 -> 14.193834 | R10: ='[2]Dia 17 (b)'!$X16 -> 13.664221 | S10: ='[2]Dia 18 (b)'!$X16 -> 14.79269 | T10: ='[2]Dia 19 (b)'!$X16 -> 14.779766 | U10: ='[2]Dia 20 (b)'!$X16 -> 15.864176 | V10: ='[2]Dia 21 (b)'!$X16 -> 15.036901 | W10: ='[2]Dia 22 (b)'!$X16 -> 15.463284 | X10: ='[2]Dia 23 (b)'!$X16 -> 16.649377 | Y10: ='[2]Dia 24 (b)'!$X16 -> 17.277676 | Z10: ='[2]Dia 25 (b)'!$X16 -> 17.515623 | AA10: ='[2]Dia 26 (b)'!$X16 -> 16.290905 | AB10: ='[2]Dia 27 (b)'!$X16 -> 16.660608 | AC10: ='[2]Dia 28 (b)'!$X16 -> 17.196573 | AD10: ='[2]Dia 29 (b)'!$X16 -> 17.763297
A11: 8 | B11: ='[2]Dia 1 (b)'!$X17 -> 13.201324 | C11: ='[2]Dia 2 (b)'!$X17 -> 14.439855 | D11: ='[2]Dia 3 (b)'!$X17 -> 14.581451 | E11: ='[2]Dia 4 (b)'!$X17 -> 14.152757 | F11: ='[2]Dia 5 (b)'!$X17 -> 14.053839 | G11: ='[2]Dia 6 (b)'!$X17 -> 14.991206 | H11: ='[2]Dia 7 (b)'!$X17 -> 15.515924 | I11: ='[2]Dia 8 (b)'!$X17 -> 15.552889 | J11: ='[2]Dia 9 (b)'!$X17 -> 14.895577 | K11: ='[2]Dia 10 (b)'!$X17 -> 15.60193 | L11: ='[2]Dia 11 (b)'!$X17 -> 15.326427 | M11: ='[2]Dia 12 (b)'!$X17 -> 15.249762 | N11: ='[2]Dia 13 (b)'!$X17 -> 14.521351 | O11: ='[2]Dia 14 (b)'!$X17 -> 15.462691 | P11: ='[2]Dia 15 (b)'!$X17 -> 15.308588 | Q11: ='[2]Dia 16 (b)'!$X17 -> 14.658135 | R11: ='[2]Dia 17 (b)'!$X17 -> 12.334497 | S11: ='[2]Dia 18 (b)'!$X17 -> 14.709314 | T11: ='[2]Dia 19 (b)'!$X17 -> 16.017218 | U11: ='[2]Dia 20 (b)'!$X17 -> 17.409616 | V11: ='[2]Dia 21 (b)'!$X17 -> 14.801934 | W11: ='[2]Dia 22 (b)'!$X17 -> 15.618464 | X11: ='[2]Dia 23 (b)'!$X17 -> 16.176649 | Y11: ='[2]Dia 24 (b)'!$X17 -> 18.18773 | Z11: ='[2]Dia 25 (b)'!$X17 -> 17.417966 | AA11: ='[2]Dia 26 (b)'!$X17 -> 15.812303 | AB11: ='[2]Dia 27 (b)'!$X17 -> 16.320065 | AC11: ='[2]Dia 28 (b)'!$X17 -> 17.180778 | AD11: ='[2]Dia 29 (b)'!$X17 -> 16.687861
A12: 9 | B12: ='[2]Dia 1 (b)'!$X18 -> 13.012366 | C12: ='[2]Dia 2 (b)'!$X18 -> 14.117889 | D12: ='[2]Dia 3 (b)'!$X18 -> 14.629607 | E12: ='[2]Dia 4 (b)'!$X18 -> 14.804226 | F12: ='[2]Dia 5 (b)'!$X18 -> 14.812767 | G12: ='[2]Dia 6 (b)'!$X18 -> 14.052356 | H12: ='[2]Dia 7 (b)'!$X18 -> 15.207158 | I12: ='[2]Dia 8 (b)'!$X18 -> 15.663299 | J12: ='[2]Dia 9 (b)'!$X18 -> 14.856753 | K12: ='[2]Dia 10 (b)'!$X18 -> 15.556405 | L12: ='[2]Dia 11 (b)'!$X18 -> 14.176858 | M12: ='[2]Dia 12 (b)'!$X18 -> 15.138878 | N12: ='[2]Dia 13 (b)'!$X18 -> 14.571683 | O12: ='[2]Dia 14 (b)'!$X18 -> 15.162913 | P12: ='[2]Dia 15 (b)'!$X18 -> 15.219868 | Q12: ='[2]Dia 16 (b)'!$X18 -> 14.590327 | R12: ='[2]Dia 17 (b)'!$X18 -> 13.227171 | S12: ='[2]Dia 18 (b)'!$X18 -> 14.917735 | T12: ='[2]Dia 19 (b)'!$X18 -> 14.745545 | U12: ='[2]Dia 20 (b)'!$X18 -> 17.028034 | V12: ='[2]Dia 21 (b)'!$X18 -> 14.635849 | W12: ='[2]Dia 22 (b)'!$X18 -> 15.42783 | X12: ='[2]Dia 23 (b)'!$X18 -> 15.940471 | Y12: ='[2]Dia 24 (b)'!$X18 -> 16.979664 | Z12: ='[2]Dia 25 (b)'!$X18 -> 17.187707 | AA12: ='[2]Dia 26 (b)'!$X18 -> 15.723504 | AB12: ='[2]Dia 27 (b)'!$X18 -> 16.463085 | AC12: ='[2]Dia 28 (b)'!$X18 -> 17.557129 | AD12: ='[2]Dia 29 (b)'!$X18 -> 15.980634
A13: 10 | B13: ='[2]Dia 1 (b)'!$X19 -> 14.372765 | C13: ='[2]Dia 2 (b)'!$X19 -> 15.591592 | D13: ='[2]Dia 3 (b)'!$X19 -> 14.827489 | E13: ='[2]Dia 4 (b)'!$X19 -> 12.23351 | F13: ='[2]Dia 5 (b)'!$X19 -> 12.577258 | G13: ='[2]Dia 6 (b)'!$X19 -> 14.028935 | H13: ='[2]Dia 7 (b)'!$X19 -> 13.974088 | I13: ='[2]Dia 8 (b)'!$X19 -> 15.113545 | J13: ='[2]Dia 9 (b)'!$X19 -> 15.654273 | K13: ='[2]Dia 10 (b)'!$X19 -> 14.746996 | L13: ='[2]Dia 11 (b)'!$X19 -> 13.721826 | M13: ='[2]Dia 12 (b)'!$X19 -> 14.529745 | N13: ='[2]Dia 13 (b)'!$X19 -> 14.656154 | O13: ='[2]Dia 14 (b)'!$X19 -> 15.083304 | P13: ='[2]Dia 15 (b)'!$X19 -> 15.605133 | Q13: ='[2]Dia 16 (b)'!$X19 -> 14.705519 | R13: ='[2]Dia 17 (b)'!$X19 -> 12.824167 | S13: ='[2]Dia 18 (b)'!$X19 -> 14.492165 | T13: ='[2]Dia 19 (b)'!$X19 -> 15.193467 | U13: ='[2]Dia 20 (b)'!$X19 -> 15.920805 | V13: ='[2]Dia 21 (b)'!$X19 -> 14.538027 | W13: ='[2]Dia 22 (b)'!$X19 -> 16.101104 | X13: ='[2]Dia 23 (b)'!$X19 -> 15.60542 | Y13: ='[2]Dia 24 (b)'!$X19 -> 16.275542 | Z13: ='[2]Dia 25 (b)'!$X19 -> 16.93071 | AA13: ='[2]Dia 26 (b)'!$X19 -> 16.62806 | AB13: ='[2]Dia 27 (b)'!$X19 -> 16.067726 | AC13: ='[2]Dia 28 (b)'!$X19 -> 17.879921 | AD13: ='[2]Dia 29 (b)'!$X19 -> 16.905765
A14: 11 | B14: ='[2]Dia 1 (b)'!$X20 -> 13.110151 | C14: ='[2]Dia 2 (b)'!$X20 -> 15.410076 | D14: ='[2]Dia 3 (b)'!$X20 -> 14.801538 | E14: ='[2]Dia 4 (b)'!$X20 -> 12.911986 | F14: ='[2]Dia 5 (b)'!$X20 -> 11.29761 | G14: ='[2]Dia 6 (b)'!$X20 -> 15.150384 | H14: ='[2]Dia 7 (b)'!$X20 -> 13.009003 | I14: ='[2]Dia 8 (b)'!$X20 -> 13.4267 | J14: ='[2]Dia 9 (b)'!$X20 -> 14.771931 | K14: ='[2]Dia 10 (b)'!$X20 -> 14.011061 | L14: ='[2]Dia 11 (b)'!$X20 -> 13.230706 | M14: ='[2]Dia 12 (b)'!$X20 -> 14.942655 | N14: ='[2]Dia 13 (b)'!$X20 -> 15.155027 | O14: ='[2]Dia 14 (b)'!$X20 -> 16.807199 | P14: ='[2]Dia 15 (b)'!$X20 -> 15.637876 | Q14: ='[2]Dia 16 (b)'!$X20 -> 14.138655 | R14: ='[2]Dia 17 (b)'!$X20 -> 13.342905 | S14: ='[2]Dia 18 (b)'!$X20 -> 14.689422 | T14: ='[2]Dia 19 (b)'!$X20 -> 14.994153 | U14: ='[2]Dia 20 (b)'!$X20 -> 17.315318 | V14: ='[2]Dia 21 (b)'!$X20 -> 14.288514 | W14: ='[2]Dia 22 (b)'!$X20 -> 15.408242 | X14: ='[2]Dia 23 (b)'!$X20 -> 16.758343 | Y14: ='[2]Dia 24 (b)'!$X20 -> 16.451652 | Z14: ='[2]Dia 25 (b)'!$X20 -> 16.831738 | AA14: ='[2]Dia 26 (b)'!$X20 -> 16.83845 | AB14: ='[2]Dia 27 (b)'!$X20 -> 16.56575 | AC14: ='[2]Dia 28 (b)'!$X20 -> 17.677965 | AD14: ='[2]Dia 29 (b)'!$X20 -> 17.471102
A15: 12 | B15: ='[2]Dia 1 (b)'!$X21 -> 12.334791 | C15: ='[2]Dia 2 (b)'!$X21 -> 14.716439 | D15: ='[2]Dia 3 (b)'!$X21 -> 15.648213 | E15: ='[2]Dia 4 (b)'!$X21 -> 12.239709 | F15: ='[2]Dia 5 (b)'!$X21 -> 11.209049 | G15: ='[2]Dia 6 (b)'!$X21 -> 14.246546 | H15: ='[2]Dia 7 (b)'!$X21 -> 12.665687 | I15: ='[2]Dia 8 (b)'!$X21 -> 12.970577 | J15: ='[2]Dia 9 (b)'!$X21 -> 16.121758 | K15: ='[2]Dia 10 (b)'!$X21 -> 13.963994 | L15: ='[2]Dia 11 (b)'!$X21 -> 13.021838 | M15: ='[2]Dia 12 (b)'!$X21 -> 14.215733 | N15: ='[2]Dia 13 (b)'!$X21 -> 15.824019 | O15: ='[2]Dia 14 (b)'!$X21 -> 16.155556 | P15: ='[2]Dia 15 (b)'!$X21 -> 15.722224 | Q15: ='[2]Dia 16 (b)'!$X21 -> 14.539355 | R15: ='[2]Dia 17 (b)'!$X21 -> 13.885485 | S15: ='[2]Dia 18 (b)'!$X21 -> 14.566855 | T15: ='[2]Dia 19 (b)'!$X21 -> 13.538665 | U15: ='[2]Dia 20 (b)'!$X21 -> 18.264631 | V15: ='[2]Dia 21 (b)'!$X21 -> 14.946474 | W15: ='[2]Dia 22 (b)'!$X21 -> 15.741954 | X15: ='[2]Dia 23 (b)'!$X21 -> 16.108164 | Y15: ='[2]Dia 24 (b)'!$X21 -> 16.618936 | Z15: ='[2]Dia 25 (b)'!$X21 -> 16.885484 | AA15: ='[2]Dia 26 (b)'!$X21 -> 17.188276 | AB15: ='[2]Dia 27 (b)'!$X21 -> 16.232566 | AC15: ='[2]Dia 28 (b)'!$X21 -> 18.128251 | AD15: ='[2]Dia 29 (b)'!$X21 -> 16.841451
A16: 13 | B16: ='[2]Dia 1 (b)'!$X22 -> 13.257238 | C16: ='[2]Dia 2 (b)'!$X22 -> 16.529861 | D16: ='[2]Dia 3 (b)'!$X22 -> 14.074987 | E16: ='[2]Dia 4 (b)'!$X22 -> 12.86386 | F16: ='[2]Dia 5 (b)'!$X22 -> 13.604816 | G16: ='[2]Dia 6 (b)'!$X22 -> 14.009022 | H16: ='[2]Dia 7 (b)'!$X22 -> 12.562082 | I16: ='[2]Dia 8 (b)'!$X22 -> 15.345086 | J16: ='[2]Dia 9 (b)'!$X22 -> 16.979738 | K16: ='[2]Dia 10 (b)'!$X22 -> 11.867801 | L16: ='[2]Dia 11 (b)'!$X22 -> 13.329633 | M16: ='[2]Dia 12 (b)'!$X22 -> 13.761146 | N16: ='[2]Dia 13 (b)'!$X22 -> 15.445295 | O16: ='[2]Dia 14 (b)'!$X22 -> 17.599298 | P16: ='[2]Dia 15 (b)'!$X22 -> 15.590771 | Q16: ='[2]Dia 16 (b)'!$X22 -> 15.336101 | R16: ='[2]Dia 17 (b)'!$X22 -> 14.5492 | S16: ='[2]Dia 18 (b)'!$X22 -> 15.521336 | T16: ='[2]Dia 19 (b)'!$X22 -> 13.746896 | U16: ='[2]Dia 20 (b)'!$X22 -> 17.483146 | V16: ='[2]Dia 21 (b)'!$X22 -> 16.457261 | W16: ='[2]Dia 22 (b)'!$X22 -> 15.081743 | X16: ='[2]Dia 23 (b)'!$X22 -> 15.956407 | Y16: ='[2]Dia 24 (b)'!$X22 -> 16.945357 | Z16: ='[2]Dia 25 (b)'!$X22 -> 16.651319 | AA16: ='[2]Dia 26 (b)'!$X22 -> 17.195874 | AB16: ='[2]Dia 27 (b)'!$X22 -> 17.454526 | AC16: ='[2]Dia 28 (b)'!$X22 -> 17.755614 | AD16: ='[2]Dia 29 (b)'!$X22 -> 15.08629
A17: 14 | B17: ='[2]Dia 1 (b)'!$X23 -> 13.39693 | C17: ='[2]Dia 2 (b)'!$X23 -> 13.631085 | D17: ='[2]Dia 3 (b)'!$X23 -> 15.114119 | E17: ='[2]Dia 4 (b)'!$X23 -> 15.853856 | F17: ='[2]Dia 5 (b)'!$X23 -> 11.565455 | G17: ='[2]Dia 6 (b)'!$X23 -> 15.661438 | H17: ='[2]Dia 7 (b)'!$X23 -> 16.419093 | I17: ='[2]Dia 8 (b)'!$X23 -> 15.361097 | J17: ='[2]Dia 9 (b)'!$X23 -> 17.322152 | K17: ='[2]Dia 10 (b)'!$X23 -> 15.069224 | L17: ='[2]Dia 11 (b)'!$X23 -> 12.670447 | M17: ='[2]Dia 12 (b)'!$X23 -> 14.369899 | N17: ='[2]Dia 13 (b)'!$X23 -> 15.00485 | O17: ='[2]Dia 14 (b)'!$X23 -> 17.279241 | P17: ='[2]Dia 15 (b)'!$X23 -> 15.419486 | Q17: ='[2]Dia 16 (b)'!$X23 -> 15.530901 | R17: ='[2]Dia 17 (b)'!$X23 -> 14.854394 | S17: ='[2]Dia 18 (b)'!$X23 -> 16.532207 | T17: ='[2]Dia 19 (b)'!$X23 -> 16.433593 | U17: ='[2]Dia 20 (b)'!$X23 -> 15.768568 | V17: ='[2]Dia 21 (b)'!$X23 -> 16.212138 | W17: ='[2]Dia 22 (b)'!$X23 -> 14.476887 | X17: ='[2]Dia 23 (b)'!$X23 -> 15.541275 | Y17: ='[2]Dia 24 (b)'!$X23 -> 16.543522 | Z17: ='[2]Dia 25 (b)'!$X23 -> 16.810263 | AA17: ='[2]Dia 26 (b)'!$X23 -> 17.383407 | AB17: ='[2]Dia 27 (b)'!$X23 -> 16.163287 | AC17: ='[2]Dia 28 (b)'!$X23 -> 20.926177 | AD17: ='[2]Dia 29 (b)'!$X23 -> 14.743466
A18: 15 | B18: ='[2]Dia 1 (b)'!$X24 -> 15.826813 | C18: ='[2]Dia 2 (b)'!$X24 -> 14.349996 | D18: ='[2]Dia 3 (b)'!$X24 -> 15.193642 | E18: ='[2]Dia 4 (b)'!$X24 -> 15.106621 | F18: ='[2]Dia 5 (b)'!$X24 -> 11.949455 | G18: ='[2]Dia 6 (b)'!$X24 -> 15.623564 | H18: ='[2]Dia 7 (b)'!$X24 -> 17.386681 | I18: ='[2]Dia 8 (b)'!$X24 -> 16.09764 | J18: ='[2]Dia 9 (b)'!$X24 -> 16.857863 | K18: ='[2]Dia 10 (b)'!$X24 -> 16.500324 | L18: ='[2]Dia 11 (b)'!$X24 -> 16.434601 | M18: ='[2]Dia 12 (b)'!$X24 -> 13.855674 | N18: ='[2]Dia 13 (b)'!$X24 -> 14.372769 | O18: ='[2]Dia 14 (b)'!$X24 -> 17.24108 | P18: ='[2]Dia 15 (b)'!$X24 -> 15.503522 | Q18: ='[2]Dia 16 (b)'!$X24 -> 15.457525 | R18: ='[2]Dia 17 (b)'!$X24 -> 15.87371 | S18: ='[2]Dia 18 (b)'!$X24 -> 15.689129 | T18: ='[2]Dia 19 (b)'!$X24 -> 17.74486 | U18: ='[2]Dia 20 (b)'!$X24 -> 16.378616 | V18: ='[2]Dia 21 (b)'!$X24 -> 17.301844 | W18: ='[2]Dia 22 (b)'!$X24 -> 16.985904 | X18: ='[2]Dia 23 (b)'!$X24 -> 15.771125 | Y18: ='[2]Dia 24 (b)'!$X24 -> 16.814122 | Z18: ='[2]Dia 25 (b)'!$X24 -> 17.738846 | AA18: ='[2]Dia 26 (b)'!$X24 -> 17.225721 | AB18: ='[2]Dia 27 (b)'!$X24 -> 16.522382 | AC18: ='[2]Dia 28 (b)'!$X24 -> 19.009953 | AD18: ='[2]Dia 29 (b)'!$X24 -> 15.021533
A19: 16
A20: 17
A21: 18
A22: 19
A23: 20
A24: 21
A25: 22
A26: 23
A27: 24
B28: NÃO ESTÃO SENDO MAIS INTERPOLADOS AS OBSERVAÇÕES ENTRE AS 16H E 6H.
A30: MÉDIA
A31: DIÁRIA
A34: MÁXIMA
A35: DIÁRIA
A38: MÍNIMA
A39: DIÁRIA
A42: AMPLITUDE
A43: DIÁRIA
H46: MÉDIA | K46: MÁXIMA | N46: MÍNIMA | Q46: AMPLITUDE | T46: MÉDIA | V46: MÉDIA | X46: DIF. DAS
H47: MENSAL | K47: MENSAL | N47: MENSAL | Q47: MENSAL | T47: DAS MÁX. | V47: DAS MÍN. | X47: MÉDIAS

Sheet Mar
B1: ='[3]Dia 1 (b)'!C1 -> MARÇO DE 2024 | K1: Umid. Específica (g.kg-1)
A3: H/D | B3: 1 | C3: 2 | D3: 3 | E3: 4 | F3: 5 | G3: 6 | H3: 7 | I3: 8 | J3: 9 | K3: 10 | L3: 11 | M3: 12 | N3: 13 | O3: 14 | P3: 15 | Q3: 16 | R3: 17 | S3: 18 | T3: 19 | U3: 20 | V3: 21 | W3: 22 | X3: 23 | Y3: 24 | Z3: 25 | AA3: 26 | AB3: 27 | AC3: 28 | AD3: 29 | AE3: 30 | AF3: 31
A4: 1
A5: 2
A6: 3
A7: 4
A8: 5
A9: 6
A10: 7 | B10: ='[3]Dia 1 (b)'!$X16 -> 17.195196 | C10: ='[3]Dia 2 (b)'!$X16 -> 14.200017 | D10: ='[3]Dia 3 (b)'!$X16 -> 13.642522 | E10: ='[3]Dia 4 (b)'!$X16 -> 15.18796 | F10: ='[3]Dia 5 (b)'!$X16 -> 16.976902 | G10: ='[3]Dia 6 (b)'!$X16 -> 17.176831 | H10: ='[3]Dia 7 (b)'!$X16 -> 15.475465 | I10: ='[3]Dia 8 (b)'!$X16 -> 16.042395 | J10: ='[3]Dia 9 (b)'!$X16 -> 17.782833 | K10: ='[3]Dia 10 (b)'!$X16 -> 17.230685 | L10: ='[3]Dia 11 (b)'!$X16 -> 14.8417 | M10: ='[3]Dia 12 (b)'!$X16 -> 12.367715 | N10: ='[3]Dia 13 (b)'!$X16 -> 14.774628 | O10: ='[3]Dia 14 (b)'!$X16 -> 16.850957 | P10: ='[3]Dia 15 (b)'!$X16 -> 16.988318 | Q10: ='[3]Dia 16 (b)'!$X16 -> 17.053221 | R10: ='[3]Dia 17 (b)'!$X16 -> 17.502157 | S10: ='[3]Dia 18 (b)'!$X16 -> 16.757333 | T10: ='[3]Dia 19 (b)'!$X16 -> 17.532337 | U10: ='[3]Dia 20 (b)'!$X16 -> 17.59859 | V10: ='[3]Dia 21 (b)'!$X16 -> 17.045159 | W10: ='[3]Dia 22 (b)'!$X16 -> 15.680075 | X10: ='[3]Dia 23 (b)'!$X16 -> 11.862078 | Y10: ='[3]Dia 24 (b)'!$X16 -> 13.335322 | Z10: ='[3]Dia 25 (b)'!$X16 -> 13.462438 | AA10: ='[3]Dia 26 (b)'!$X16 -> 13.243678 | AB10: ='[3]Dia 27 (b)'!$X16 -> 13.29875 | AC10: ='[3]Dia 28 (b)'!$X16 -> 14.160239 | AD10: ='[3]Dia 29 (b)'!$X16 -> 15.333009 | AE10: ='[3]Dia 30 (b)'!$X16 -> 14.851055 | AF10: ='[3]Dia 31 (b)'!$X16 -> 12.131475
A11: 8 | B11: ='[3]Dia 1 (b)'!$X17 -> 17.391254 | C11: ='[3]Dia 2 (b)'!$X17 -> 14.485961 | D11: ='[3]Dia 3 (b)'!$X17 -> 13.516495 | E11: ='[3]Dia 4 (b)'!$X17 -> 14.854463 | F11: ='[3]Dia 5 (b)'!$X17 -> 16.943893 | G11: ='[3]Dia 6 (b)'!$X17 -> 16.593662 | H11: ='[3]Dia 7 (b)'!$X17 -> 15.844837 | I11: ='[3]Dia 8 (b)'!$X17 -> 16.02639 | J11: ='[3]Dia 9 (b)'!$X17 -> 18.261153 | K11: ='[3]Dia 10 (b)'!$X17 -> 17.333244 | L11: ='[3]Dia 11 (b)'!$X17 -> 14.201264 | M11: ='[3]Dia 12 (b)'!$X17 -> 12.324211 | N11: ='[3]Dia 13 (b)'!$X17 -> 15.119728 | O11: ='[3]Dia 14 (b)'!$X17 -> 16.810119 | P11: ='[3]Dia 15 (b)'!$X17 -> 17.008299 | Q11: ='[3]Dia 16 (b)'!$X17 -> 16.946416 | R11: ='[3]Dia 17 (b)'!$X17 -> 17.561802 | S11: ='[3]Dia 18 (b)'!$X17 -> 16.514925 | T11: ='[3]Dia 19 (b)'!$X17 -> 18.06067 | U11: ='[3]Dia 20 (b)'!$X17 -> 17.638465 | V11: ='[3]Dia 21 (b)'!$X17 -> 16.608029 | W11: ='[3]Dia 22 (b)'!$X17 -> 16.004506 | X11: ='[3]Dia 23 (b)'!$X17 -> 12.095129 | Y11: ='[3]Dia 24 (b)'!$X17 -> 13.32796 | Z11: ='[3]Dia 25 (b)'!$X17 -> 13.590141 | AA11: ='[3]Dia 26 (b)'!$X17 -> 14.050659 | AB11: ='[3]Dia 27 (b)'!$X17 -> 12.7805 | AC11: ='[3]Dia 28 (b)'!$X17 -> 14.29394 | AD11: ='[3]Dia 29 (b)'!$X17 -> 15.635738 | AE11: ='[3]Dia 30 (b)'!$X17 -> 14.760092 | AF11: ='[3]Dia 31 (b)'!$X17 -> 14.492606
A12: 9 | B12: ='[3]Dia 1 (b)'!$X18 -> 16.428959 | C12: ='[3]Dia 2 (b)'!$X18 -> 13.194781 | D12: ='[3]Dia 3 (b)'!$X18 -> 13.714142 | E12: ='[3]Dia 4 (b)'!$X18 -> 14.696215 | F12: ='[3]Dia 5 (b)'!$X18 -> 16.846949 | G12: ='[3]Dia 6 (b)'!$X18 -> 16.400529 | H12: ='[3]Dia 7 (b)'!$X18 -> 15.960403 | I12: ='[3]Dia 8 (b)'!$X18 -> 15.89479 | J12: ='[3]Dia 9 (b)'!$X18 -> 18.376836 | K12: ='[3]Dia 10 (b)'!$X18 -> 17.593328 | L12: ='[3]Dia 11 (b)'!$X18 -> 13.065895 | M12: ='[3]Dia 12 (b)'!$X18 -> 11.89375 | N12: ='[3]Dia 13 (b)'!$X18 -> 15.251743 | O12: ='[3]Dia 14 (b)'!$X18 -> 16.553441 | P12: ='[3]Dia 15 (b)'!$X18 -> 16.623007 | Q12: ='[3]Dia 16 (b)'!$X18 -> 16.766882 | R12: ='[3]Dia 17 (b)'!$X18 -> 16.857605 | S12: ='[3]Dia 18 (b)'!$X18 -> 17.006836 | T12: ='[3]Dia 19 (b)'!$X18 -> 17.570139 | U12: ='[3]Dia 20 (b)'!$X18 -> 17.725067 | V12: ='[3]Dia 21 (b)'!$X18 -> 17.040639 | W12: ='[3]Dia 22 (b)'!$X18 -> 15.948792 | X12: ='[3]Dia 23 (b)'!$X18 -> 11.881493 | Y12: ='[3]Dia 24 (b)'!$X18 -> 13.813111 | Z12: ='[3]Dia 25 (b)'!$X18 -> 13.479139 | AA12: ='[3]Dia 26 (b)'!$X18 -> 13.346396 | AB12: ='[3]Dia 27 (b)'!$X18 -> 12.944985 | AC12: ='[3]Dia 28 (b)'!$X18 -> 14.562396 | AD12: ='[3]Dia 29 (b)'!$X18 -> 15.405118 | AE12: ='[3]Dia 30 (b)'!$X18 -> 14.619885 | AF12: ='[3]Dia 31 (b)'!$X18 -> 13.393047
A13: 10 | B13: ='[3]Dia 1 (b)'!$X19 -> 16.280459 | C13: ='[3]Dia 2 (b)'!$X19 -> 12.6126 | D13: ='[3]Dia 3 (b)'!$X19 -> 14.097098 | E13: ='[3]Dia 4 (b)'!$X19 -> 14.654023 | F13: ='[3]Dia 5 (b)'!$X19 -> 15.903616 | G13: ='[3]Dia 6 (b)'!$X19 -> 15.418121 | H13: ='[3]Dia 7 (b)'!$X19 -> 16.018726 | I13: ='[3]Dia 8 (b)'!$X19 -> 16.16348 | J13: ='[3]Dia 9 (b)'!$X19 -> 18.266139 | K13: ='[3]Dia 10 (b)'!$X19 -> 17.486042 | L13: ='[3]Dia 11 (b)'!$X19 -> 12.58772 | M13: ='[3]Dia 12 (b)'!$X19 -> 11.076472 | N13: ='[3]Dia 13 (b)'!$X19 -> 15.911901 | O13: ='[3]Dia 14 (b)'!$X19 -> 16.646171 | P13: ='[3]Dia 15 (b)'!$X19 -> 15.615514 | Q13: ='[3]Dia 16 (b)'!$X19 -> 15.817567 | R13: ='[3]Dia 17 (b)'!$X19 -> 16.79598 | S13: ='[3]Dia 18 (b)'!$X19 -> 16.571969 | T13: ='[3]Dia 19 (b)'!$X19 -> 17.433136 | U13: ='[3]Dia 20 (b)'!$X19 -> 17.241101 | V13: ='[3]Dia 21 (b)'!$X19 -> 16.997884 | W13: ='[3]Dia 22 (b)'!$X19 -> 15.999469 | X13: ='[3]Dia 23 (b)'!$X19 -> 12.326641 | Y13: ='[3]Dia 24 (b)'!$X19 -> 13.453177 | Z13: ='[3]Dia 25 (b)'!$X19 -> 13.705984 | AA13: ='[3]Dia 26 (b)'!$X19 -> 12.691785 | AB13: ='[3]Dia 27 (b)'!$X19 -> 12.906378 | AC13: ='[3]Dia 28 (b)'!$X19 -> 15.087744 | AD13: ='[3]Dia 29 (b)'!$X19 -> 15.306216 | AE13: ='[3]Dia 30 (b)'!$X19 -> 14.462112 | AF13: ='[3]Dia 31 (b)'!$X19 -> 12.853553
A14: 11 | B14: ='[3]Dia 1 (b)'!$X20 -> 17.024675 | C14: ='[3]Dia 2 (b)'!$X20 -> 12.136278 | D14: ='[3]Dia 3 (b)'!$X20 -> 14.709388 | E14: ='[3]Dia 4 (b)'!$X20 -> 14.321531 | F14: ='[3]Dia 5 (b)'!$X20 -> 16.535686 | G14: ='[3]Dia 6 (b)'!$X20 -> 15.386962 | H14: ='[3]Dia 7 (b)'!$X20 -> 16.448955 | I14: ='[3]Dia 8 (b)'!$X20 -> 16.033574 | J14: ='[3]Dia 9 (b)'!$X20 -> 17.976996 | K14: ='[3]Dia 10 (b)'!$X20 -> 17.158447 | L14: ='[3]Dia 11 (b)'!$X20 -> 12.869405 | M14: ='[3]Dia 12 (b)'!$X20 -> 12.237467 | N14: ='[3]Dia 13 (b)'!$X20 -> 15.640706 | O14: ='[3]Dia 14 (b)'!$X20 -> 16.290926 | P14: ='[3]Dia 15 (b)'!$X20 -> 14.665973 | Q14: ='[3]Dia 16 (b)'!$X20 -> 15.303156 | R14: ='[3]Dia 17 (b)'!$X20 -> 16.582767 | S14: ='[3]Dia 18 (b)'!$X20 -> 15.292863 | T14: ='[3]Dia 19 (b)'!$X20 -> 17.503584 | U14: ='[3]Dia 20 (b)'!$X20 -> 16.782703 | V14: ='[3]Dia 21 (b)'!$X20 -> 16.980063 | W14: ='[3]Dia 22 (b)'!$X20 -> 15.017223 | X14: ='[3]Dia 23 (b)'!$X20 -> 12.78955 | Y14: ='[3]Dia 24 (b)'!$X20 -> 13.844383 | Z14: ='[3]Dia 25 (b)'!$X20 -> 14.410144 | AA14: ='[3]Dia 26 (b)'!$X20 -> 12.686253 | AB14: ='[3]Dia 27 (b)'!$X20 -> 13.547441 | AC14: ='[3]Dia 28 (b)'!$X20 -> 15.281822 | AD14: ='[3]Dia 29 (b)'!$X20 -> 14.996543 | AE14: ='[3]Dia 30 (b)'!$X20 -> 14.566801 | AF14: ='[3]Dia 31 (b)'!$X20 -> 10.14021
A15: 12 | B15: ='[3]Dia 1 (b)'!$X21 -> 16.520704 | C15: ='[3]Dia 2 (b)'!$X21 -> 13.496984 | D15: ='[3]Dia 3 (b)'!$X21 -> 15.073296 | E15: ='[3]Dia 4 (b)'!$X21 -> 15.330543 | F15: ='[3]Dia 5 (b)'!$X21 -> 16.425788 | G15: ='[3]Dia 6 (b)'!$X21 -> 16.138458 | H15: ='[3]Dia 7 (b)'!$X21 -> 16.683303 | I15: ='[3]Dia 8 (b)'!$X21 -> 15.744827 | J15: ='[3]Dia 9 (b)'!$X21 -> 16.907891 | K15: ='[3]Dia 10 (b)'!$X21 -> 19.573888 | L15: ='[3]Dia 11 (b)'!$X21 -> 11.797719 | M15: ='[3]Dia 12 (b)'!$X21 -> 13.762455 | N15: ='[3]Dia 13 (b)'!$X21 -> 14.361365 | O15: ='[3]Dia 14 (b)'!$X21 -> 15.720799 | P15: ='[3]Dia 15 (b)'!$X21 -> 13.781521 | Q15: ='[3]Dia 16 (b)'!$X21 -> 15.76967 | R15: ='[3]Dia 17 (b)'!$X21 -> 16.172666 | S15: ='[3]Dia 18 (b)'!$X21 -> 15.994065 | T15: ='[3]Dia 19 (b)'!$X21 -> 16.623804 | U15: ='[3]Dia 20 (b)'!$X21 -> 16.409206 | V15: ='[3]Dia 21 (b)'!$X21 -> 16.817299 | W15: ='[3]Dia 22 (b)'!$X21 -> 14.878696 | X15: ='[3]Dia 23 (b)'!$X21 -> 12.833541 | Y15: ='[3]Dia 24 (b)'!$X21 -> 13.884088 | Z15: ='[3]Dia 25 (b)'!$X21 -> 14.467752 | AA15: ='[3]Dia 26 (b)'!$X21 -> 13.471629 | AB15: ='[3]Dia 27 (b)'!$X21 -> 13.779554 | AC15: ='[3]Dia 28 (b)'!$X21 -> 15.286804 | AD15: ='[3]Dia 29 (b)'!$X21 -> 15.14734 | AE15: ='[3]Dia 30 (b)'!$X21 -> 15.293209 | AF15: ='[3]Dia 31 (b)'!$X21 -> 9.557419
A16: 13 | B16: ='[3]Dia 1 (b)'!$X22 -> 16.116454 | C16: ='[3]Dia 2 (b)'!$X22 -> 14.10216 | D16: ='[3]Dia 3 (b)'!$X22 -> 13.294409 | E16: ='[3]Dia 4 (b)'!$X22 -> 13.328087 | F16: ='[3]Dia 5 (b)'!$X22 -> 16.539414 | G16: ='[3]Dia 6 (b)'!$X22 -> 16.724448 | H16: ='[3]Dia 7 (b)'!$X22 -> 16.78727 | I16: ='[3]Dia 8 (b)'!$X22 -> 16.451374 | J16: ='[3]Dia 9 (b)'!$X22 -> 17.468177 | K16: ='[3]Dia 10 (b)'!$X22 -> 16.605261 | L16: ='[3]Dia 11 (b)'!$X22 -> 13.147696 | M16: ='[3]Dia 12 (b)'!$X22 -> 15.325193 | N16: ='[3]Dia 13 (b)'!$X22 -> 17.218822 | O16: ='[3]Dia 14 (b)'!$X22 -> 15.638989 | P16: ='[3]Dia 15 (b)'!$X22 -> 14.01702 | Q16: ='[3]Dia 16 (b)'!$X22 -> 13.796302 | R16: ='[3]Dia 17 (b)'!$X22 -> 17.006224 | S16: ='[3]Dia 18 (b)'!$X22 -> 19.396704 | T16: ='[3]Dia 19 (b)'!$X22 -> 16.496835 | U16: ='[3]Dia 20 (b)'!$X22 -> 15.491551 | V16: ='[3]Dia 21 (b)'!$X22 -> 15.664893 | W16: ='[3]Dia 22 (b)'!$X22 -> 14.417396 | X16: ='[3]Dia 23 (b)'!$X22 -> 12.797304 | Y16: ='[3]Dia 24 (b)'!$X22 -> 13.896089 | Z16: ='[3]Dia 25 (b)'!$X22 -> 13.98295 | AA16: ='[3]Dia 26 (b)'!$X22 -> 13.185275 | AB16: ='[3]Dia 27 (b)'!$X22 -> 13.346119 | AC16: ='[3]Dia 28 (b)'!$X22 -> 15.793886 | AD16: ='[3]Dia 29 (b)'!$X22 -> 15.095042 | AE16: ='[3]Dia 30 (b)'!$X22 -> 14.691738 | AF16: ='[3]Dia 31 (b)'!$X22 -> 9.284445
A17: 14 | B17: ='[3]Dia 1 (b)'!$X23 -> 14.453521 | C17: ='[3]Dia 2 (b)'!$X23 -> 14.028599 | D17: ='[3]Dia 3 (b)'!$X23 -> 15.964479 | E17: ='[3]Dia 4 (b)'!$X23 -> 12.645956 | F17: ='[3]Dia 5 (b)'!$X23 -> 15.657716 | G17: ='[3]Dia 6 (b)'!$X23 -> 15.350235 | H17: ='[3]Dia 7 (b)'!$X23 -> 16.647852 | I17: ='[3]Dia 8 (b)'!$X23 -> 15.57522 | J17: ='[3]Dia 9 (b)'!$X23 -> 17.286345 | K17: ='[3]Dia 10 (b)'!$X23 -> 17.538788 | L17: ='[3]Dia 11 (b)'!$X23 -> 14.576173 | M17: ='[3]Dia 12 (b)'!$X23 -> 15.680507 | N17: ='[3]Dia 13 (b)'!$X23 -> 17.222517 | O17: ='[3]Dia 14 (b)'!$X23 -> 14.212657 | P17: ='[3]Dia 15 (b)'!$X23 -> 13.327549 | Q17: ='[3]Dia 16 (b)'!$X23 -> 15.225934 | R17: ='[3]Dia 17 (b)'!$X23 -> 14.508277 | S17: ='[3]Dia 18 (b)'!$X23 -> 18.877333 | T17: ='[3]Dia 19 (b)'!$X23 -> 16.348399 | U17: ='[3]Dia 20 (b)'!$X23 -> 16.118497 | V17: ='[3]Dia 21 (b)'!$X23 -> 16.647835 | W17: ='[3]Dia 22 (b)'!$X23 -> 14.68761 | X17: ='[3]Dia 23 (b)'!$X23 -> 12.844888 | Y17: ='[3]Dia 24 (b)'!$X23 -> 13.877371 | Z17: ='[3]Dia 25 (b)'!$X23 -> 14.469259 | AA17: ='[3]Dia 26 (b)'!$X23 -> 13.887534 | AB17: ='[3]Dia 27 (b)'!$X23 -> 13.649023 | AC17: ='[3]Dia 28 (b)'!$X23 -> 15.477802 | AD17: ='[3]Dia 29 (b)'!$X23 -> 15.292949 | AE17: ='[3]Dia 30 (b)'!$X23 -> 15.412342 | AF17: ='[3]Dia 31 (b)'!$X23 -> 9.259302
A18: 15 | B18: ='[3]Dia 1 (b)'!$X24 -> 16.990874 | C18: ='[3]Dia 2 (b)'!$X24 -> 14.413434 | D18: ='[3]Dia 3 (b)'!$X24 -> 17.371667 | E18: ='[3]Dia 4 (b)'!$X24 -> 17.301618 | F18: ='[3]Dia 5 (b)'!$X24 -> 18.588494 | G18: ='[3]Dia 6 (b)'!$X24 -> 15.978799 | H18: ='[3]Dia 7 (b)'!$X24 -> 16.824327 | I18: ='[3]Dia 8 (b)'!$X24 -> 18.49149 | J18: ='[3]Dia 9 (b)'!$X24 -> 18.124676 | K18: ='[3]Dia 10 (b)'!$X24 -> 16.933493 | L18: ='[3]Dia 11 (b)'!$X24 -> 15.273986 | M18: ='[3]Dia 12 (b)'!$X24 -> 15.379758 | N18: ='[3]Dia 13 (b)'!$X24 -> 16.911926 | O18: ='[3]Dia 14 (b)'!$X24 -> 18.918291 | P18: ='[3]Dia 15 (b)'!$X24 -> 13.29212 | Q18: ='[3]Dia 16 (b)'!$X24 -> 15.080993 | R18: ='[3]Dia 17 (b)'!$X24 -> 14.7603 | S18: ='[3]Dia 18 (b)'!$X24 -> 19.234601 | T18: ='[3]Dia 19 (b)'!$X24 -> 19.544906 | U18: ='[3]Dia 20 (b)'!$X24 -> 16.538572 | V18: ='[3]Dia 21 (b)'!$X24 -> 16.171342 | W18: ='[3]Dia 22 (b)'!$X24 -> 14.007954 | X18: ='[3]Dia 23 (b)'!$X24 -> 12.768453 | Y18: ='[3]Dia 24 (b)'!$X24 -> 14.598772 | Z18: ='[3]Dia 25 (b)'!$X24 -> 14.583678 | AA18: ='[3]Dia 26 (b)'!$X24 -> 14.152308 | AB18: ='[3]Dia 27 (b)'!$X24 -> 13.847826 | AC18: ='[3]Dia 28 (b)'!$X24 -> 15.245563 | AD18: ='[3]Dia 29 (b)'!$X24 -> 16.000664 | AE18: ='[3]Dia 30 (b)'!$X24 -> 15.748204 | AF18: ='[3]Dia 31 (b)'!$X24 -> 9.6930474
A19: 16
A20: 17
A21: 18
A22: 19
A23: 20
A24: 21
A25: 22
A26: 23
A27: 24
B28: NÃO ESTÃO SENDO MAIS INTERPOLADOS AS OBSERVAÇÕES ENTRE AS 16H E 6H.
A30: MÉDIA
A31: DIÁRIA
A34: MÁXIMA
A35: DIÁRIA
A38: MÍNIMA
A39: DIÁRIA
A42: AMPLITUDE
A43: DIÁRIA
H46: MÉDIA | K46: MÁXIMA | N46: MÍNIMA | Q46: AMPLITUDE | T46: MÉDIA | V46: MÉDIA | X46: DIF. DAS
H47: MENSAL | K47: MENSAL | N47: MENSAL | Q47: MENSAL | T47: DAS MÁX. | V47: DAS MÍN. | X47: MÉDIAS

Sheet Abr
B1: ='[4]Dia 1 (b)'!C1 -> ABRIL DE 2024 | K1: Umid. Específica (g.kg-1)
A3: H/D | B3: 1 | C3: 2 | D3: 3 | E3: 4 | F3: 5 | G3: 6 | H3: 7 | I3: 8 | J3: 9 | K3: 10 | L3: 11 | M3: 12 | N3: 13 | O3: 14 | P3: 15 | Q3: 16 | R3: 17 | S3: 18 | T3: 19 | U3: 20 | V3: 21 | W3: 22 | X3: 23 | Y3: 24 | Z3: 25 | AA3: 26 | AB3: 27 | AC3: 28 | AD3: 29 | AE3: 30
A4: 1
A5: 2
A6: 3
A7: 4
A8: 5
A9: 6
A10: 7 | B10: ='[4]Dia 1 (b)'!$X16 -> 13.832728 | C10: ='[4]Dia 2 (b)'!$X16 -> 14.112961 | D10: ='[4]Dia 3 (b)'!$X16 -> 14.675661 | E10: ='[4]Dia 4 (b)'!$X16 -> 13.560301 | F10: ='[4]Dia 5 (b)'!$X16 -> 14.667869 | G10: ='[4]Dia 6 (b)'!$X16 -> 14.781088 | H10: ='[4]Dia 7 (b)'!$X16 -> 13.786661 | I10: ='[4]Dia 8 (b)'!$X16 -> 14.356911 | J10: ='[4]Dia 9 (b)'!$X16 -> 14.208506 | K10: ='[4]Dia 10 (b)'!$X16 -> 14.133192 | L10: ='[4]Dia 11 (b)'!$X16 -> 14.812373 | M10: ='[4]Dia 12 (b)'!$X16 -> 14.22317 | N10: ='[4]Dia 13 (b)'!$X16 -> 13.781725 | O10: ='[4]Dia 14 (b)'!$X16 -> 14.715379 | P10: ='[4]Dia 15 (b)'!$X16 -> 14.995267 | Q10: ='[4]Dia 16 (b)'!$X16 -> 15.482771 | R10: ='[4]Dia 17 (b)'!$X16 -> 16.850957 | S10: ='[4]Dia 18 (b)'!$X16 -> 12.421625 | T10: ='[4]Dia 19 (b)'!$X16 -> 10.317221 | U10: ='[4]Dia 20 (b)'!$X16 -> 10.912962 | V10: ='[4]Dia 21 (b)'!$X16 -> 11.803015 | W10: ='[4]Dia 22 (b)'!$X16 -> 12.242346 | X10: ='[4]Dia 23 (b)'!$X16 -> 11.724184 | Y10: ='[4]Dia 24 (b)'!$X16 -> 12.284463 | Z10: ='[4]Dia 25 (b)'!$X16 -> 14.212875 | AA10: ='[4]Dia 26 (b)'!$X16 -> 14.307864 | AB10: ='[4]Dia 27 (b)'!$X16 -> 14.818492 | AC10: ='[4]Dia 28 (b)'!$X16 -> 13.90565 | AD10: ='[4]Dia 29 (b)'!$X16 -> 15.113421 | AE10: ='[4]Dia 30 (b)'!$X16 -> 14.34669
A11: 8 | B11: ='[4]Dia 1 (b)'!$X17 -> 12.621492 | C11: ='[4]Dia 2 (b)'!$X17 -> 14.136764 | D11: ='[4]Dia 3 (b)'!$X17 -> 14.78013 | E11: ='[4]Dia 4 (b)'!$X17 -> 14.465106 | F11: ='[4]Dia 5 (b)'!$X17 -> 14.644888 | G11: ='[4]Dia 6 (b)'!$X17 -> 13.997202 | H11: ='[4]Dia 7 (b)'!$X17 -> 13.798754 | I11: ='[4]Dia 8 (b)'!$X17 -> 14.612168 | J11: ='[4]Dia 9 (b)'!$X17 -> 15.705127 | K11: ='[4]Dia 10 (b)'!$X17 -> 15.130224 | L11: ='[4]Dia 11 (b)'!$X17 -> 15.041602 | M11: ='[4]Dia 12 (b)'!$X17 -> 14.458901 | N11: ='[4]Dia 13 (b)'!$X17 -> 13.880767 | O11: ='[4]Dia 14 (b)'!$X17 -> 14.797103 | P11: ='[4]Dia 15 (b)'!$X17 -> 15.448978 | Q11: ='[4]Dia 16 (b)'!$X17 -> 15.842464 | R11: ='[4]Dia 17 (b)'!$X17 -> 17.620611 | S11: ='[4]Dia 18 (b)'!$X17 -> 12.126157 | T11: ='[4]Dia 19 (b)'!$X17 -> 10.346387 | U11: ='[4]Dia 20 (b)'!$X17 -> 11.246839 | V11: ='[4]Dia 21 (b)'!$X17 -> 11.826151 | W11: ='[4]Dia 22 (b)'!$X17 -> 12.764581 | X11: ='[4]Dia 23 (b)'!$X17 -> 12.395416 | Y11: ='[4]Dia 24 (b)'!$X17 -> 13.545273 | Z11: ='[4]Dia 25 (b)'!$X17 -> 14.332233 | AA11: ='[4]Dia 26 (b)'!$X17 -> 14.703615 | AB11: ='[4]Dia 27 (b)'!$X17 -> 15.099978 | AC11: ='[4]Dia 28 (b)'!$X17 -> 14.196354 | AD11: ='[4]Dia 29 (b)'!$X17 -> 14.854488 | AE11: ='[4]Dia 30 (b)'!$X17 -> 14.439717
A12: 9 | B12: ='[4]Dia 1 (b)'!$X18 -> 13.190412 | C12: ='[4]Dia 2 (b)'!$X18 -> 14.554917 | D12: ='[4]Dia 3 (b)'!$X18 -> 13.556447 | E12: ='[4]Dia 4 (b)'!$X18 -> 14.949234 | F12: ='[4]Dia 5 (b)'!$X18 -> 14.455133 | G12: ='[4]Dia 6 (b)'!$X18 -> 13.808385 | H12: ='[4]Dia 7 (b)'!$X18 -> 13.948523 | I12: ='[4]Dia 8 (b)'!$X18 -> 14.462931 | J12: ='[4]Dia 9 (b)'!$X18 -> 16.016614 | K12: ='[4]Dia 10 (b)'!$X18 -> 15.290175 | L12: ='[4]Dia 11 (b)'!$X18 -> 15.363103 | M12: ='[4]Dia 12 (b)'!$X18 -> 13.789905 | N12: ='[4]Dia 13 (b)'!$X18 -> 14.175762 | O12: ='[4]Dia 14 (b)'!$X18 -> 14.792544 | P12: ='[4]Dia 15 (b)'!$X18 -> 16.191058 | Q12: ='[4]Dia 16 (b)'!$X18 -> 15.646324 | R12: ='[4]Dia 17 (b)'!$X18 -> 17.469208 | S12: ='[4]Dia 18 (b)'!$X18 -> 11.996598 | T12: ='[4]Dia 19 (b)'!$X18 -> 7.523157 | U12: ='[4]Dia 20 (b)'!$X18 -> 11.243354 | V12: ='[4]Dia 21 (b)'!$X18 -> 12.302938 | W12: ='[4]Dia 22 (b)'!$X18 -> 12.269896 | X12: ='[4]Dia 23 (b)'!$X18 -> 11.346751 | Y12: ='[4]Dia 24 (b)'!$X18 -> 10.80453 | Z12: ='[4]Dia 25 (b)'!$X18 -> 13.872523 | AA12: ='[4]Dia 26 (b)'!$X18 -> 14.453107 | AB12: ='[4]Dia 27 (b)'!$X18 -> 14.592456 | AC12: ='[4]Dia 28 (b)'!$X18 -> 13.456315 | AD12: ='[4]Dia 29 (b)'!$X18 -> 14.959906 | AE12: ='[4]Dia 30 (b)'!$X18 -> 13.196368
A13: 10 | B13: ='[4]Dia 1 (b)'!$X19 -> 12.32197 | C13: ='[4]Dia 2 (b)'!$X19 -> 14.12952 | D13: ='[4]Dia 3 (b)'!$X19 -> 14.171475 | E13: ='[4]Dia 4 (b)'!$X19 -> 14.729749 | F13: ='[4]Dia 5 (b)'!$X19 -> 14.068168 | G13: ='[4]Dia 6 (b)'!$X19 -> 13.256999 | H13: ='[4]Dia 7 (b)'!$X19 -> 13.680441 | I13: ='[4]Dia 8 (b)'!$X19 -> 14.405453 | J13: ='[4]Dia 9 (b)'!$X19 -> 15.068287 | K13: ='[4]Dia 10 (b)'!$X19 -> 14.679509 | L13: ='[4]Dia 11 (b)'!$X19 -> 14.984623 | M13: ='[4]Dia 12 (b)'!$X19 -> 14.152773 | N13: ='[4]Dia 13 (b)'!$X19 -> 14.707755 | O13: ='[4]Dia 14 (b)'!$X19 -> 14.546715 | P13: ='[4]Dia 15 (b)'!$X19 -> 16.062361 | Q13: ='[4]Dia 16 (b)'!$X19 -> 14.974444 | R13: ='[4]Dia 17 (b)'!$X19 -> 15.381687 | S13: ='[4]Dia 18 (b)'!$X19 -> 11.225327 | T13: ='[4]Dia 19 (b)'!$X19 -> 7.1146639 | U13: ='[4]Dia 20 (b)'!$X19 -> 10.908215 | V13: ='[4]Dia 21 (b)'!$X19 -> 12.103561 | W13: ='[4]Dia 22 (b)'!$X19 -> 11.845078 | X13: ='[4]Dia 23 (b)'!$X19 -> 9.9103304 | Y13: ='[4]Dia 24 (b)'!$X19 -> 11.775467 | Z13: ='[4]Dia 25 (b)'!$X19 -> 14.702493 | AA13: ='[4]Dia 26 (b)'!$X19 -> 14.168454 | AB13: ='[4]Dia 27 (b)'!$X19 -> 14.365825 | AC13: ='[4]Dia 28 (b)'!$X19 -> 12.554836 | AD13: ='[4]Dia 29 (b)'!$X19 -> 14.935911 | AE13: ='[4]Dia 30 (b)'!$X19 -> 12.311884
A14: 11 | B14: ='[4]Dia 1 (b)'!$X20 -> 11.693026 | C14: ='[4]Dia 2 (b)'!$X20 -> 13.528606 | D14: ='[4]Dia 3 (b)'!$X20 -> 14.444995 | E14: ='[4]Dia 4 (b)'!$X20 -> 14.705882 | F14: ='[4]Dia 5 (b)'!$X20 -> 12.802908 | G14: ='[4]Dia 6 (b)'!$X20 -> 13.561201 | H14: ='[4]Dia 7 (b)'!$X20 -> 14.487936 | I14: ='[4]Dia 8 (b)'!$X20 -> 14.328349 | J14: ='[4]Dia 9 (b)'!$X20 -> 13.844236 | K14: ='[4]Dia 10 (b)'!$X20 -> 14.884197 | L14: ='[4]Dia 11 (b)'!$X20 -> 14.838489 | M14: ='[4]Dia 12 (b)'!$X20 -> 13.635708 | N14: ='[4]Dia 13 (b)'!$X20 -> 13.516678 | O14: ='[4]Dia 14 (b)'!$X20 -> 14.580833 | P14: ='[4]Dia 15 (b)'!$X20 -> 15.000868 | Q14: ='[4]Dia 16 (b)'!$X20 -> 14.012245 | R14: ='[4]Dia 17 (b)'!$X20 -> 15.290596 | S14: ='[4]Dia 18 (b)'!$X20 -> 11.454083 | T14: ='[4]Dia 19 (b)'!$X20 -> 6.4224499 | U14: ='[4]Dia 20 (b)'!$X20 -> 11.206191 | V14: ='[4]Dia 21 (b)'!$X20 -> 12.129661 | W14: ='[4]Dia 22 (b)'!$X20 -> 10.739222 | X14: ='[4]Dia 23 (b)'!$X20 -> 10.458194 | Y14: ='[4]Dia 24 (b)'!$X20 -> 11.416895 | Z14: ='[4]Dia 25 (b)'!$X20 -> 15.150887 | AA14: ='[4]Dia 26 (b)'!$X20 -> 14.462509 | AB14: ='[4]Dia 27 (b)'!$X20 -> 13.785606 | AC14: ='[4]Dia 28 (b)'!$X20 -> 12.766393 | AD14: ='[4]Dia 29 (b)'!$X20 -> 15.364805 | AE14: ='[4]Dia 30 (b)'!$X20 -> 11.1283
A15: 12 | B15: ='[4]Dia 1 (b)'!$X21 -> 10.415036 | C15: ='[4]Dia 2 (b)'!$X21 -> 12.146531 | D15: ='[4]Dia 3 (b)'!$X21 -> 13.666667 | E15: ='[4]Dia 4 (b)'!$X21 -> 14.423089 | F15: ='[4]Dia 5 (b)'!$X21 -> 11.095842 | G15: ='[4]Dia 6 (b)'!$X21 -> 14.200527 | H15: ='[4]Dia 7 (b)'!$X21 -> 13.503861 | I15: ='[4]Dia 8 (b)'!$X21 -> 14.410083 | J15: ='[4]Dia 9 (b)'!$X21 -> 14.010183 | K15: ='[4]Dia 10 (b)'!$X21 -> 13.358218 | L15: ='[4]Dia 11 (b)'!$X21 -> 15.002746 | M15: ='[4]Dia 12 (b)'!$X21 -> 14.010525 | N15: ='[4]Dia 13 (b)'!$X21 -> 13.196173 | O15: ='[4]Dia 14 (b)'!$X21 -> 14.011603 | P15: ='[4]Dia 15 (b)'!$X21 -> 14.752119 | Q15: ='[4]Dia 16 (b)'!$X21 -> 14.201694 | R15: ='[4]Dia 17 (b)'!$X21 -> 15.136819 | S15: ='[4]Dia 18 (b)'!$X21 -> 11.229824 | T15: ='[4]Dia 19 (b)'!$X21 -> 7.4175313 | U15: ='[4]Dia 20 (b)'!$X21 -> 11.224738 | V15: ='[4]Dia 21 (b)'!$X21 -> 11.095321 | W15: ='[4]Dia 22 (b)'!$X21 -> 9.0580585 | X15: ='[4]Dia 23 (b)'!$X21 -> 9.3169497 | Y15: ='[4]Dia 24 (b)'!$X21 -> 11.052587 | Z15: ='[4]Dia 25 (b)'!$X21 -> 15.096293 | AA15: ='[4]Dia 26 (b)'!$X21 -> 14.157318 | AB15: ='[4]Dia 27 (b)'!$X21 -> 14.092087 | AC15: ='[4]Dia 28 (b)'!$X21 -> 13.244107 | AD15: ='[4]Dia 29 (b)'!$X21 -> 15.488314 | AE15: ='[4]Dia 30 (b)'!$X21 -> 11.174472
A16: 13 | B16: ='[4]Dia 1 (b)'!$X22 -> 8.4931767 | C16: ='[4]Dia 2 (b)'!$X22 -> 12.205355 | D16: ='[4]Dia 3 (b)'!$X22 -> 13.936531 | E16: ='[4]Dia 4 (b)'!$X22 -> 13.721831 | F16: ='[4]Dia 5 (b)'!$X22 -> 9.7177735 | G16: ='[4]Dia 6 (b)'!$X22 -> 14.76534 | H16: ='[4]Dia 7 (b)'!$X22 -> 13.336446 | I16: ='[4]Dia 8 (b)'!$X22 -> 14.67127 | J16: ='[4]Dia 9 (b)'!$X22 -> 14.272775 | K16: ='[4]Dia 10 (b)'!$X22 -> 13.551267 | L16: ='[4]Dia 11 (b)'!$X22 -> 16.431747 | M16: ='[4]Dia 12 (b)'!$X22 -> 15.052914 | N16: ='[4]Dia 13 (b)'!$X22 -> 13.535364 | O16: ='[4]Dia 14 (b)'!$X22 -> 14.788859 | P16: ='[4]Dia 15 (b)'!$X22 -> 14.072833 | Q16: ='[4]Dia 16 (b)'!$X22 -> 12.888892 | R16: ='[4]Dia 17 (b)'!$X22 -> 15.387715 | S16: ='[4]Dia 18 (b)'!$X22 -> 11.799491 | T16: ='[4]Dia 19 (b)'!$X22 -> 9.0490232 | U16: ='[4]Dia 20 (b)'!$X22 -> 11.368761 | V16: ='[4]Dia 21 (b)'!$X22 -> 9.369145 | W16: ='[4]Dia 22 (b)'!$X22 -> 8.9840566 | X16: ='[4]Dia 23 (b)'!$X22 -> 9.9555119 | Y16: ='[4]Dia 24 (b)'!$X22 -> 11.586195 | Z16: ='[4]Dia 25 (b)'!$X22 -> 15.568091 | AA16: ='[4]Dia 26 (b)'!$X22 -> 14.553073 | AB16: ='[4]Dia 27 (b)'!$X22 -> 13.058423 | AC16: ='[4]Dia 28 (b)'!$X22 -> 12.112695 | AD16: ='[4]Dia 29 (b)'!$X22 -> 13.899878 | AE16: ='[4]Dia 30 (b)'!$X22 -> 10.220167
A17: 14 | B17: ='[4]Dia 1 (b)'!$X23 -> 8.6646279 | C17: ='[4]Dia 2 (b)'!$X23 -> 13.200747 | D17: ='[4]Dia 3 (b)'!$X23 -> 13.419919 | E17: ='[4]Dia 4 (b)'!$X23 -> 12.658953 | F17: ='[4]Dia 5 (b)'!$X23 -> 10.524497 | G17: ='[4]Dia 6 (b)'!$X23 -> 14.920172 | H17: ='[4]Dia 7 (b)'!$X23 -> 15.170404 | I17: ='[4]Dia 8 (b)'!$X23 -> 15.075589 | J17: ='[4]Dia 9 (b)'!$X23 -> 13.863063 | K17: ='[4]Dia 10 (b)'!$X23 -> 15.702196 | L17: ='[4]Dia 11 (b)'!$X23 -> 15.904567 | M17: ='[4]Dia 12 (b)'!$X23 -> 14.958442 | N17: ='[4]Dia 13 (b)'!$X23 -> 12.882588 | O17: ='[4]Dia 14 (b)'!$X23 -> 15.258646 | P17: ='[4]Dia 15 (b)'!$X23 -> 13.917082 | Q17: ='[4]Dia 16 (b)'!$X23 -> 14.964954 | R17: ='[4]Dia 17 (b)'!$X23 -> 15.674576 | S17: ='[4]Dia 18 (b)'!$X23 -> 12.162064 | T17: ='[4]Dia 19 (b)'!$X23 -> 9.1663765 | U17: ='[4]Dia 20 (b)'!$X23 -> 13.25387 | V17: ='[4]Dia 21 (b)'!$X23 -> 9.1335867 | W17: ='[4]Dia 22 (b)'!$X23 -> 8.5346035 | X17: ='[4]Dia 23 (b)'!$X23 -> 8.9626742 | Y17: ='[4]Dia 24 (b)'!$X23 -> 12.213833 | Z17: ='[4]Dia 25 (b)'!$X23 -> 15.726789 | AA17: ='[4]Dia 26 (b)'!$X23 -> 13.80342 | AB17: ='[4]Dia 27 (b)'!$X23 -> 13.115368 | AC17: ='[4]Dia 28 (b)'!$X23 -> 12.635773 | AD17: ='[4]Dia 29 (b)'!$X23 -> 13.979482 | AE17: ='[4]Dia 30 (b)'!$X23 -> 10.234526
A18: 15 | B18: ='[4]Dia 1 (b)'!$X24 -> 9.575691 | C18: ='[4]Dia 2 (b)'!$X24 -> 16.818937 | D18: ='[4]Dia 3 (b)'!$X24 -> 16.051343 | E18: ='[4]Dia 4 (b)'!$X24 -> 15.228763 | F18: ='[4]Dia 5 (b)'!$X24 -> 11.172014 | G18: ='[4]Dia 6 (b)'!$X24 -> 14.912301 | H18: ='[4]Dia 7 (b)'!$X24 -> 14.616517 | I18: ='[4]Dia 8 (b)'!$X24 -> 16.199938 | J18: ='[4]Dia 9 (b)'!$X24 -> 15.142354 | K18: ='[4]Dia 10 (b)'!$X24 -> 16.59027 | L18: ='[4]Dia 11 (b)'!$X24 -> 15.480438 | M18: ='[4]Dia 12 (b)'!$X24 -> 15.00767 | N18: ='[4]Dia 13 (b)'!$X24 -> 16.219248 | O18: ='[4]Dia 14 (b)'!$X24 -> 15.029645 | P18: ='[4]Dia 15 (b)'!$X24 -> 16.430964 | Q18: ='[4]Dia 16 (b)'!$X24 -> 13.823186 | R18: ='[4]Dia 17 (b)'!$X24 -> 15.445951 | S18: ='[4]Dia 18 (b)'!$X24 -> 11.561516 | T18: ='[4]Dia 19 (b)'!$X24 -> 9.5451644 | U18: ='[4]Dia 20 (b)'!$X24 -> 13.247476 | V18: ='[4]Dia 21 (b)'!$X24 -> 9.6986019 | W18: ='[4]Dia 22 (b)'!$X24 -> 9.0026711 | X18: ='[4]Dia 23 (b)'!$X24 -> 9.5659365 | Y18: ='[4]Dia 24 (b)'!$X24 -> 12.857065 | Z18: ='[4]Dia 25 (b)'!$X24 -> 15.414882 | AA18: ='[4]Dia 26 (b)'!$X24 -> 16.286179 | AB18: ='[4]Dia 27 (b)'!$X24 -> 12.658992 | AC18: ='[4]Dia 28 (b)'!$X24 -> 12.262361 | AD18: ='[4]Dia 29 (b)'!$X24 -> 12.392918 | AE18: ='[4]Dia 30 (b)'!$X24 -> 10.279327
A19: 16
A20: 17
A21: 18
A22: 19
A23: 20
A24: 21
A25: 22
A26: 23
A27: 24
B28: NÃO ESTÃO SENDO MAIS INTERPOLADOS AS OBSERVAÇÕES ENTRE AS 16H E 6H.
A30: MÉDIA
A31: DIÁRIA
A34: MÁXIMA
A35: DIÁRIA
A38: MÍNIMA
A39: DIÁRIA
A42: AMPLITUDE
A43: DIÁRIA
H46: MÉDIA | K46: MÁXIMA | N46: MÍNIMA | Q46: AMPLITUDE | T46: MÉDIA | V46: MÉDIA | X46: DIF. DAS
H47: MENSAL | K47: MENSAL | N47: MENSAL | Q47: MENSAL | T47: DAS MÁX. | V47: DAS MÍN. | X47: MÉDIAS

Sheet Mai
B1: ='[5]Dia 1 (b)'!C1 -> MAIO DE 2024 | K1: Umid. Específica (g.kg-1)
A3: H/D | B3: 1 | C3: 2 | D3: 3 | E3: 4 | F3: 5 | G3: 6 | H3: 7 | I3: 8 | J3: 9 | K3: 10 | L3: 11 | M3: 12 | N3: 13 | O3: 14 | P3: 15 | Q3: 16 | R3: 17 | S3: 18 | T3: 19 | U3: 20 | V3: 21 | W3: 22 | X3: 23 | Y3: 24 | Z3: 25 | AA3: 26 | AB3: 27 | AC3: 28 | AD3: 29 | AE3: 30 | AF3: 31
A4: 1
A5: 2
A6: 3
A7: 4
A8: 5
A9: 6
A10: 7 | B10: ='[5]Dia 1 (b)'!$X16 -> 13.076039 | C10: ='[5]Dia 2 (b)'!$X16 -> 13.28152 | D10: ='[5]Dia 3 (b)'!$X16 -> 13.646748 | E10: ='[5]Dia 4 (b)'!$X16 -> 14.02562 | F10: ='[5]Dia 5 (b)'!$X16 -> 12.59998 | G10: ='[5]Dia 6 (b)'!$X16 -> 12.488761 | H10: ='[5]Dia 7 (b)'!$X16 -> 11.99583 | I10: ='[5]Dia 8 (b)'!$X16 -> 13.345256 | J10: ='[5]Dia 9 (b)'!$X16 -> 12.174733 | K10: ='[5]Dia 10 (b)'!$X16 -> 14.151126 | L10: ='[5]Dia 11 (b)'!$X16 -> 13.987387 | M10: ='[5]Dia 12 (b)'!$X16 -> 11.724709 | N10: ='[5]Dia 13 (b)'!$X16 -> 9.9141377 | O10: ='[5]Dia 14 (b)'!$X16 -> 14.253081 | P10: ='[5]Dia 15 (b)'!$X16 -> 11.615484 | Q10: ='[5]Dia 16 (b)'!$X16 -> 12.344332 | R10: ='[5]Dia 17 (b)'!$X16 -> 13.298505 | S10: ='[5]Dia 18 (b)'!$X16 -> 13.290728 | T10: ='[5]Dia 19 (b)'!$X16 -> 13.203741 | U10: ='[5]Dia 20 (b)'!$X16 -> 14.586577 | V10: ='[5]Dia 21 (b)'!$X16 -> 11.391452 | W10: ='[5]Dia 22 (b)'!$X16 -> 12.875017 | X10: ='[5]Dia 23 (b)'!$X16 -> 11.481474 | Y10: ='[5]Dia 24 (b)'!$X16 -> 10.426677 | Z10: ='[5]Dia 25 (b)'!$X16 -> 11.660049 | AA10: ='[5]Dia 26 (b)'!$X16 -> 10.697056 | AB10: ='[5]Dia 27 (b)'!$X16 -> 11.529647 | AC10: ='[5]Dia 28 (b)'!$X16 -> 12.885681 | AD10: ='[5]Dia 29 (b)'!$X16 -> 7.6544579 | AE10: ='[5]Dia 30 (b)'!$X16 -> 7.7630254 | AF10: ='[5]Dia 31 (b)'!$X16 -> 9.0568713
A11: 8 | B11: ='[5]Dia 1 (b)'!$X17 -> 13.565537 | C11: ='[5]Dia 2 (b)'!$X17 -> 14.927239 | D11: ='[5]Dia 3 (b)'!$X17 -> 15.569724 | E11: ='[5]Dia 4 (b)'!$X17 -> 14.125349 | F11: ='[5]Dia 5 (b)'!$X17 -> 13.653581 | G11: ='[5]Dia 6 (b)'!$X17 -> 12.64106 | H11: ='[5]Dia 7 (b)'!$X17 -> 13.200612 | I11: ='[5]Dia 8 (b)'!$X17 -> 13.164325 | J11: ='[5]Dia 9 (b)'!$X17 -> 14.236695 | K11: ='[5]Dia 10 (b)'!$X17 -> 14.662095 | L11: ='[5]Dia 11 (b)'!$X17 -> 14.839012 | M11: ='[5]Dia 12 (b)'!$X17 -> 12.349505 | N11: ='[5]Dia 13 (b)'!$X17 -> 10.292855 | O11: ='[5]Dia 14 (b)'!$X17 -> 14.010165 | P11: ='[5]Dia 15 (b)'!$X17 -> 11.764804 | Q11: ='[5]Dia 16 (b)'!$X17 -> 12.66582 | R11: ='[5]Dia 17 (b)'!$X17 -> 13.864437 | S11: ='[5]Dia 18 (b)'!$X17 -> 13.953437 | T11: ='[5]Dia 19 (b)'!$X17 -> 13.249366 | U11: ='[5]Dia 20 (b)'!$X17 -> 15.430169 | V11: ='[5]Dia 21 (b)'!$X17 -> 11.686368 | W11: ='[5]Dia 22 (b)'!$X17 -> 12.953556 | X11: ='[5]Dia 23 (b)'!$X17 -> 12.407344 | Y11: ='[5]Dia 24 (b)'!$X17 -> 11.731831 | Z11: ='[5]Dia 25 (b)'!$X17 -> 11.801817 | AA11: ='[5]Dia 26 (b)'!$X17 -> 10.677432 | AB11: ='[5]Dia 27 (b)'!$X17 -> 11.61005 | AC11: ='[5]Dia 28 (b)'!$X17 -> 12.544317 | AD11: ='[5]Dia 29 (b)'!$X17 -> 7.6587687 | AE11: ='[5]Dia 30 (b)'!$X17 -> 8.7867065 | AF11: ='[5]Dia 31 (b)'!$X17 -> 9.4274988
A12: 9 | B12: ='[5]Dia 1 (b)'!$X18 -> 13.664489 | C12: ='[5]Dia 2 (b)'!$X18 -> 12.494766 | D12: ='[5]Dia 3 (b)'!$X18 -> 15.276672 | E12: ='[5]Dia 4 (b)'!$X18 -> 13.709085 | F12: ='[5]Dia 5 (b)'!$X18 -> 12.904417 | G12: ='[5]Dia 6 (b)'!$X18 -> 12.29537 | H12: ='[5]Dia 7 (b)'!$X18 -> 13.208491 | I12: ='[5]Dia 8 (b)'!$X18 -> 12.597873 | J12: ='[5]Dia 9 (b)'!$X18 -> 12.059115 | K12: ='[5]Dia 10 (b)'!$X18 -> 14.020434 | L12: ='[5]Dia 11 (b)'!$X18 -> 13.390937 | M12: ='[5]Dia 12 (b)'!$X18 -> 11.438192 | N12: ='[5]Dia 13 (b)'!$X18 -> 10.503168 | O12: ='[5]Dia 14 (b)'!$X18 -> 13.357082 | P12: ='[5]Dia 15 (b)'!$X18 -> 11.837846 | Q12: ='[5]Dia 16 (b)'!$X18 -> 12.616654 | R12: ='[5]Dia 17 (b)'!$X18 -> 13.006501 | S12: ='[5]Dia 18 (b)'!$X18 -> 13.708815 | T12: ='[5]Dia 19 (b)'!$X18 -> 12.851914 | U12: ='[5]Dia 20 (b)'!$X18 -> 15.141812 | V12: ='[5]Dia 21 (b)'!$X18 -> 11.867706 | W12: ='[5]Dia 22 (b)'!$X18 -> 13.48515 | X12: ='[5]Dia 23 (b)'!$X18 -> 11.098795 | Y12: ='[5]Dia 24 (b)'!$X18 -> 10.721465 | Z12: ='[5]Dia 25 (b)'!$X18 -> 11.31063 | AA12: ='[5]Dia 26 (b)'!$X18 -> 10.669312 | AB12: ='[5]Dia 27 (b)'!$X18 -> 11.762312 | AC12: ='[5]Dia 28 (b)'!$X18 -> 12.449561 | AD12: ='[5]Dia 29 (b)'!$X18 -> 6.8548409 | AE12: ='[5]Dia 30 (b)'!$X18 -> 8.7072394 | AF12: ='[5]Dia 31 (b)'!$X18 -> 9.186825
A13: 10 | B13: ='[5]Dia 1 (b)'!$X19 -> 12.357599 | C13: ='[5]Dia 2 (b)'!$X19 -> 12.32204 | D13: ='[5]Dia 3 (b)'!$X19 -> 14.153181 | E13: ='[5]Dia 4 (b)'!$X19 -> 13.469445 | F13: ='[5]Dia 5 (b)'!$X19 -> 12.104228 | G13: ='[5]Dia 6 (b)'!$X19 -> 10.7018 | H13: ='[5]Dia 7 (b)'!$X19 -> 12.721499 | I13: ='[5]Dia 8 (b)'!$X19 -> 11.787368 | J13: ='[5]Dia 9 (b)'!$X19 -> 11.700916 | K13: ='[5]Dia 10 (b)'!$X19 -> 13.195635 | L13: ='[5]Dia 11 (b)'!$X19 -> 11.844729 | M13: ='[5]Dia 12 (b)'!$X19 -> 10.938913 | N13: ='[5]Dia 13 (b)'!$X19 -> 10.525949 | O13: ='[5]Dia 14 (b)'!$X19 -> 12.96656 | P13: ='[5]Dia 15 (b)'!$X19 -> 11.912835 | Q13: ='[5]Dia 16 (b)'!$X19 -> 12.988074 | R13: ='[5]Dia 17 (b)'!$X19 -> 11.544352 | S13: ='[5]Dia 18 (b)'!$X19 -> 12.998944 | T13: ='[5]Dia 19 (b)'!$X19 -> 12.778249 | U13: ='[5]Dia 20 (b)'!$X19 -> 15.737367 | V13: ='[5]Dia 21 (b)'!$X19 -> 12.138244 | W13: ='[5]Dia 22 (b)'!$X19 -> 13.079813 | X13: ='[5]Dia 23 (b)'!$X19 -> 10.597231 | Y13: ='[5]Dia 24 (b)'!$X19 -> 11.807983 | Z13: ='[5]Dia 25 (b)'!$X19 -> 11.730556 | AA13: ='[5]Dia 26 (b)'!$X19 -> 10.878191 | AB13: ='[5]Dia 27 (b)'!$X19 -> 12.026491 | AC13: ='[5]Dia 28 (b)'!$X19 -> 11.655376 | AD13: ='[5]Dia 29 (b)'!$X19 -> 6.8168077 | AE13: ='[5]Dia 30 (b)'!$X19 -> 8.5182696 | AF13: ='[5]Dia 31 (b)'!$X19 -> 9.0502285
A14: 11 | B14: ='[5]Dia 1 (b)'!$X20 -> 11.133595 | C14: ='[5]Dia 2 (b)'!$X20 -> 11.980876 | D14: ='[5]Dia 3 (b)'!$X20 -> 13.322539 | E14: ='[5]Dia 4 (b)'!$X20 -> 12.54433 | F14: ='[5]Dia 5 (b)'!$X20 -> 11.273915 | G14: ='[5]Dia 6 (b)'!$X20 -> 9.3554099 | H14: ='[5]Dia 7 (b)'!$X20 -> 12.675837 | I14: ='[5]Dia 8 (b)'!$X20 -> 11.319521 | J14: ='[5]Dia 9 (b)'!$X20 -> 12.152677 | K14: ='[5]Dia 10 (b)'!$X20 -> 13.255249 | L14: ='[5]Dia 11 (b)'!$X20 -> 11.775417 | M14: ='[5]Dia 12 (b)'!$X20 -> 11.118817 | N14: ='[5]Dia 13 (b)'!$X20 -> 9.5039167 | O14: ='[5]Dia 14 (b)'!$X20 -> 13.531907 | P14: ='[5]Dia 15 (b)'!$X20 -> 11.62706 | Q14: ='[5]Dia 16 (b)'!$X20 -> 13.31439 | R14: ='[5]Dia 17 (b)'!$X20 -> 11.474967 | S14: ='[5]Dia 18 (b)'!$X20 -> 12.890523 | T14: ='[5]Dia 19 (b)'!$X20 -> 12.741758 | U14: ='[5]Dia 20 (b)'!$X20 -> 15.054659 | V14: ='[5]Dia 21 (b)'!$X20 -> 12.180961 | W14: ='[5]Dia 22 (b)'!$X20 -> 12.545569 | X14: ='[5]Dia 23 (b)'!$X20 -> 9.7673595 | Y14: ='[5]Dia 24 (b)'!$X20 -> 12.890382 | Z14: ='[5]Dia 25 (b)'!$X20 -> 11.079022 | AA14: ='[5]Dia 26 (b)'!$X20 -> 11.50671 | AB14: ='[5]Dia 27 (b)'!$X20 -> 12.018192 | AC14: ='[5]Dia 28 (b)'!$X20 -> 11.951914 | AD14: ='[5]Dia 29 (b)'!$X20 -> 6.3630286 | AE14: ='[5]Dia 30 (b)'!$X20 -> 7.8776191 | AF14: ='[5]Dia 31 (b)'!$X20 -> 8.7852583
A15: 12 | B15: ='[5]Dia 1 (b)'!$X21 -> 11.180736 | C15: ='[5]Dia 2 (b)'!$X21 -> 11.962436 | D15: ='[5]Dia 3 (b)'!$X21 -> 16.495724 | E15: ='[5]Dia 4 (b)'!$X21 -> 10.967892 | F15: ='[5]Dia 5 (b)'!$X21 -> 8.3917447 | G15: ='[5]Dia 6 (b)'!$X21 -> 9.3433678 | H15: ='[5]Dia 7 (b)'!$X21 -> 10.876571 | I15: ='[5]Dia 8 (b)'!$X21 -> 11.22297 | J15: ='[5]Dia 9 (b)'!$X21 -> 11.620133 | K15: ='[5]Dia 10 (b)'!$X21 -> 13.075974 | L15: ='[5]Dia 11 (b)'!$X21 -> 11.231404 | M15: ='[5]Dia 12 (b)'!$X21 -> 9.2118727 | N15: ='[5]Dia 13 (b)'!$X21 -> 9.0929996 | O15: ='[5]Dia 14 (b)'!$X21 -> 13.827173 | P15: ='[5]Dia 15 (b)'!$X21 -> 11.752836 | Q15: ='[5]Dia 16 (b)'!$X21 -> 13.34062 | R15: ='[5]Dia 17 (b)'!$X21 -> 11.490741 | S15: ='[5]Dia 18 (b)'!$X21 -> 11.131223 | T15: ='[5]Dia 19 (b)'!$X21 -> 13.361476 | U15: ='[5]Dia 20 (b)'!$X21 -> 13.957935 | V15: ='[5]Dia 21 (b)'!$X21 -> 12.270633 | W15: ='[5]Dia 22 (b)'!$X21 -> 12.74784 | X15: ='[5]Dia 23 (b)'!$X21 -> 10.257588 | Y15: ='[5]Dia 24 (b)'!$X21 -> 12.108053 | Z15: ='[5]Dia 25 (b)'!$X21 -> 11.179094 | AA15: ='[5]Dia 26 (b)'!$X21 -> 11.264621 | AB15: ='[5]Dia 27 (b)'!$X21 -> 12.269004 | AC15: ='[5]Dia 28 (b)'!$X21 -> 11.957434 | AD15: ='[5]Dia 29 (b)'!$X21 -> 6.8449133 | AE15: ='[5]Dia 30 (b)'!$X21 -> 7.6368089 | AF15: ='[5]Dia 31 (b)'!$X21 -> 8.8932199
A16: 13 | B16: ='[5]Dia 1 (b)'!$X22 -> 10.429091 | C16: ='[5]Dia 2 (b)'!$X22 -> 10.256632 | D16: ='[5]Dia 3 (b)'!$X22 -> 13.297546 | E16: ='[5]Dia 4 (b)'!$X22 -> 10.118685 | F16: ='[5]Dia 5 (b)'!$X22 -> 7.5664279 | G16: ='[5]Dia 6 (b)'!$X22 -> 7.5921744 | H16: ='[5]Dia 7 (b)'!$X22 -> 10.460766 | I16: ='[5]Dia 8 (b)'!$X22 -> 11.253108 | J16: ='[5]Dia 9 (b)'!$X22 -> 10.494946 | K16: ='[5]Dia 10 (b)'!$X22 -> 12.103296 | L16: ='[5]Dia 11 (b)'!$X22 -> 10.369554 | M16: ='[5]Dia 12 (b)'!$X22 -> 9.6668101 | N16: ='[5]Dia 13 (b)'!$X22 -> 9.6280018 | O16: ='[5]Dia 14 (b)'!$X22 -> 14.301748 | P16: ='[5]Dia 15 (b)'!$X22 -> 11.677649 | Q16: ='[5]Dia 16 (b)'!$X22 -> 13.09067 | R16: ='[5]Dia 17 (b)'!$X22 -> 10.130529 | S16: ='[5]Dia 18 (b)'!$X22 -> 10.131255 | T16: ='[5]Dia 19 (b)'!$X22 -> 12.873453 | U16: ='[5]Dia 20 (b)'!$X22 -> 15.436874 | V16: ='[5]Dia 21 (b)'!$X22 -> 12.725131 | W16: ='[5]Dia 22 (b)'!$X22 -> 12.933712 | X16: ='[5]Dia 23 (b)'!$X22 -> 9.769204 | Y16: ='[5]Dia 24 (b)'!$X22 -> 13.368513 | Z16: ='[5]Dia 25 (b)'!$X22 -> 11.017174 | AA16: ='[5]Dia 26 (b)'!$X22 -> 10.808727 | AB16: ='[5]Dia 27 (b)'!$X22 -> 12.436872 | AC16: ='[5]Dia 28 (b)'!$X22 -> 11.546663 | AD16: ='[5]Dia 29 (b)'!$X22 -> 6.8967859 | AE16: ='[5]Dia 30 (b)'!$X22 -> 7.202059 | AF16: ='[5]Dia 31 (b)'!$X22 -> 9.4296373
A17: 14 | B17: ='[5]Dia 1 (b)'!$X23 -> 10.84572 | C17: ='[5]Dia 2 (b)'!$X23 -> 10.235644 | D17: ='[5]Dia 3 (b)'!$X23 -> 12.054506 | E17: ='[5]Dia 4 (b)'!$X23 -> 10.550421 | F17: ='[5]Dia 5 (b)'!$X23 -> 6.9932909 | G17: ='[5]Dia 6 (b)'!$X23 -> 8.3198695 | H17: ='[5]Dia 7 (b)'!$X23 -> 9.2833298 | I17: ='[5]Dia 8 (b)'!$X23 -> 10.721524 | J17: ='[5]Dia 9 (b)'!$X23 -> 10.413213 | K17: ='[5]Dia 10 (b)'!$X23 -> 11.84986 | L17: ='[5]Dia 11 (b)'!$X23 -> 9.0966274 | M17: ='[5]Dia 12 (b)'!$X23 -> 9.5966963 | N17: ='[5]Dia 13 (b)'!$X23 -> 8.8602958 | O17: ='[5]Dia 14 (b)'!$X23 -> 13.426026 | P17: ='[5]Dia 15 (b)'!$X23 -> 11.559515 | Q17: ='[5]Dia 16 (b)'!$X23 -> 13.315225 | R17: ='[5]Dia 17 (b)'!$X23 -> 9.8363085 | S17: ='[5]Dia 18 (b)'!$X23 -> 10.029986 | T17: ='[5]Dia 19 (b)'!$X23 -> 13.154963 | U17: ='[5]Dia 20 (b)'!$X23 -> 14.967143 | V17: ='[5]Dia 21 (b)'!$X23 -> 13.322103 | W17: ='[5]Dia 22 (b)'!$X23 -> 11.318421 | X17: ='[5]Dia 23 (b)'!$X23 -> 9.1454767 | Y17: ='[5]Dia 24 (b)'!$X23 -> 12.055292 | Z17: ='[5]Dia 25 (b)'!$X23 -> 10.653358 | AA17: ='[5]Dia 26 (b)'!$X23 -> 11.156249 | AB17: ='[5]Dia 27 (b)'!$X23 -> 12.534954 | AC17: ='[5]Dia 28 (b)'!$X23 -> 10.895508 | AD17: ='[5]Dia 29 (b)'!$X23 -> 6.8976754 | AE17: ='[5]Dia 30 (b)'!$X23 -> 8.0312726 | AF17: ='[5]Dia 31 (b)'!$X23 -> 9.663508
A18: 15 | B18: ='[5]Dia 1 (b)'!$X24 -> 10.508401 | C18: ='[5]Dia 2 (b)'!$X24 -> 10.37955 | D18: ='[5]Dia 3 (b)'!$X24 -> 11.312633 | E18: ='[5]Dia 4 (b)'!$X24 -> 9.5792661 | F18: ='[5]Dia 5 (b)'!$X24 -> 7.1225291 | G18: ='[5]Dia 6 (b)'!$X24 -> 8.8341476 | H18: ='[5]Dia 7 (b)'!$X24 -> 9.5724658 | I18: ='[5]Dia 8 (b)'!$X24 -> 11.422344 | J18: ='[5]Dia 9 (b)'!$X24 -> 13.619021 | K18: ='[5]Dia 10 (b)'!$X24 -> 12.300861 | L18: ='[5]Dia 11 (b)'!$X24 -> 9.6231093 | M18: ='[5]Dia 12 (b)'!$X24 -> 9.0353011 | N18: ='[5]Dia 13 (b)'!$X24 -> 9.1740754 | O18: ='[5]Dia 14 (b)'!$X24 -> 13.072213 | P18: ='[5]Dia 15 (b)'!$X24 -> 11.563056 | Q18: ='[5]Dia 16 (b)'!$X24 -> 13.402592 | R18: ='[5]Dia 17 (b)'!$X24 -> 9.70444 | S18: ='[5]Dia 18 (b)'!$X24 -> 10.293713 | T18: ='[5]Dia 19 (b)'!$X24 -> 13.157133 | U18: ='[5]Dia 20 (b)'!$X24 -> 13.795143 | V18: ='[5]Dia 21 (b)'!$X24 -> 13.839568 | W18: ='[5]Dia 22 (b)'!$X24 -> 10.486543 | X18: ='[5]Dia 23 (b)'!$X24 -> 8.8953333 | Y18: ='[5]Dia 24 (b)'!$X24 -> 12.765185 | Z18: ='[5]Dia 25 (b)'!$X24 -> 10.717185 | AA18: ='[5]Dia 26 (b)'!$X24 -> 10.942027 | AB18: ='[5]Dia 27 (b)'!$X24 -> 12.96271 | AC18: ='[5]Dia 28 (b)'!$X24 -> 10.779585 | AD18: ='[5]Dia 29 (b)'!$X24 -> 7.6324447 | AE18: ='[5]Dia 30 (b)'!$X24 -> 7.8368672 | AF18: ='[5]Dia 31 (b)'!$X24 -> 8.9858186
A19: 16
A20: 17
A21: 18
A22: 19
A23: 20
A24: 21
A25: 22
A26: 23
A27: 24
B28: NÃO ESTÃO SENDO MAIS INTERPOLADOS AS OBSERVAÇÕES ENTRE AS 16H E 6H.
A30: MÉDIA
A31: DIÁRIA
A34: MÁXIMA
A35: DIÁRIA
A38: MÍNIMA
A39: DIÁRIA
A42: AMPLITUDE
A43: DIÁRIA
H46: MÉDIA | K46: MÁXIMA | N46: MÍNIMA | Q46: AMPLITUDE | T46: MÉDIA | V46: MÉDIA | X46: DIF. DAS
H47: MENSAL | K47: MENSAL | N47: MENSAL | Q47: MENSAL | T47: DAS MÁX. | V47: DAS MÍN. | X47: MÉDIAS

Sheet Jun
B1: ='[6]Dia 1 (b)'!C1 -> JUNHO DE 2024 | K1: Umid. Específica (g.kg-1)
A3: H/D | B3: 1 | C3: 2 | D3: 3 | E3: 4 | F3: 5 | G3: 6 | H3: 7 | I3: 8 | J3: 9 | K3: 10 | L3: 11 | M3: 12 | N3: 13 | O3: 14 | P3: 15 | Q3: 16 | R3: 17 | S3: 18 | T3: 19 | U3: 20 | V3: 21 | W3: 22 | X3: 23 | Y3: 24 | Z3: 25 | AA3: 26 | AB3: 27 | AC3: 28 | AD3: 29 | AE3: 30
A4: 1
A5: 2
A6: 3
A7: 4
A8: 5
A9: 6
A10: 7 | B10: ='[6]Dia 1 (b)'!$X16 -> 8.8222206 | C10: ='[6]Dia 2 (b)'!$X16 -> 9.5191293 | D10: ='[6]Dia 3 (b)'!$X16 -> 10.659365 | E10: ='[6]Dia 4 (b)'!$X16 -> 11.690529 | F10: ='[6]Dia 5 (b)'!$X16 -> 10.938496 | G10: ='[6]Dia 6 (b)'!$X16 -> 11.05312 | H10: ='[6]Dia 7 (b)'!$X16 -> 10.188526 | I10: ='[6]Dia 8 (b)'!$X16 -> 9.6173787 | J10: ='[6]Dia 9 (b)'!$X16 -> 10.623867 | K10: ='[6]Dia 10 (b)'!$X16 -> 9.7587052 | L10: ='[6]Dia 11 (b)'!$X16 -> 10.425346 | M10: ='[6]Dia 12 (b)'!$X16 -> 9.8963953 | N10: ='[6]Dia 13 (b)'!$X16 -> 9.9154971 | O10: ='[6]Dia 14 (b)'!$X16 -> 7.5332788 | P10: ='[6]Dia 15 (b)'!$X16 -> 9.9790586 | Q10: ='[6]Dia 16 (b)'!$X16 -> 10.573566 | R10: ='[6]Dia 17 (b)'!$X16 -> 9.2122936 | S10: ='[6]Dia 18 (b)'!$X16 -> 8.3861032 | T10: ='[6]Dia 19 (b)'!$X16 -> 8.4136908 | U10: ='[6]Dia 20 (b)'!$X16 -> 8.5290964 | V10: ='[6]Dia 21 (b)'!$X16 -> 8.188194 | W10: ='[6]Dia 22 (b)'!$X16 -> 9.1945967 | X10: ='[6]Dia 23 (b)'!$X16 -> 9.701743 | Y10: ='[6]Dia 24 (b)'!$X16 -> 9.9773302 | Z10: ='[6]Dia 25 (b)'!$X16 -> 12.986128 | AA10: ='[6]Dia 26 (b)'!$X16 -> 11.246573 | AB10: ='[6]Dia 27 (b)'!$X16 -> 12.487056 | AC10: ='[6]Dia 28 (b)'!$X16 -> 10.048698 | AD10: ='[6]Dia 29 (b)'!$X16 -> 10.784043 | AE10: ='[6]Dia 30 (b)'!$X16 -> 9.1469426
A11: 8 | B11: ='[6]Dia 1 (b)'!$X17 -> 8.9695116 | C11: ='[6]Dia 2 (b)'!$X17 -> 9.9757513 | D11: ='[6]Dia 3 (b)'!$X17 -> 10.854306 | E11: ='[6]Dia 4 (b)'!$X17 -> 11.640066 | F11: ='[6]Dia 5 (b)'!$X17 -> 11.097032 | G11: ='[6]Dia 6 (b)'!$X17 -> 11.117099 | H11: ='[6]Dia 7 (b)'!$X17 -> 11.506478 | I11: ='[6]Dia 8 (b)'!$X17 -> 11.050296 | J11: ='[6]Dia 9 (b)'!$X17 -> 11.620624 | K11: ='[6]Dia 10 (b)'!$X17 -> 10.816306 | L11: ='[6]Dia 11 (b)'!$X17 -> 11.671042 | M11: ='[6]Dia 12 (b)'!$X17 -> 11.099358 | N11: ='[6]Dia 13 (b)'!$X17 -> 10.587506 | O11: ='[6]Dia 14 (b)'!$X17 -> 8.4394465 | P11: ='[6]Dia 15 (b)'!$X17 -> 10.715193 | Q11: ='[6]Dia 16 (b)'!$X17 -> 12.435734 | R11: ='[6]Dia 17 (b)'!$X17 -> 10.049014 | S11: ='[6]Dia 18 (b)'!$X17 -> 8.8227024 | T11: ='[6]Dia 19 (b)'!$X17 -> 9.264931 | U11: ='[6]Dia 20 (b)'!$X17 -> 10.152928 | V11: ='[6]Dia 21 (b)'!$X17 -> 8.6257303 | W11: ='[6]Dia 22 (b)'!$X17 -> 9.3997858 | X11: ='[6]Dia 23 (b)'!$X17 -> 10.852796 | Y11: ='[6]Dia 24 (b)'!$X17 -> 11.418265 | Z11: ='[6]Dia 25 (b)'!$X17 -> 12.7222 | AA11: ='[6]Dia 26 (b)'!$X17 -> 12.058423 | AB11: ='[6]Dia 27 (b)'!$X17 -> 12.734725 | AC11: ='[6]Dia 28 (b)'!$X17 -> 11.686078 | AD11: ='[6]Dia 29 (b)'!$X17 -> 11.764745 | AE11: ='[6]Dia 30 (b)'!$X17 -> 8.9966889
A12: 9 | B12: ='[6]Dia 1 (b)'!$X18 -> 9.1177926 | C12: ='[6]Dia 2 (b)'!$X18 -> 9.4479141 | D12: ='[6]Dia 3 (b)'!$X18 -> 10.854173 | E12: ='[6]Dia 4 (b)'!$X18 -> 11.699652 | F12: ='[6]Dia 5 (b)'!$X18 -> 11.300179 | G12: ='[6]Dia 6 (b)'!$X18 -> 11.395808 | H12: ='[6]Dia 7 (b)'!$X18 -> 12.085983 | I12: ='[6]Dia 8 (b)'!$X18 -> 10.339024 | J12: ='[6]Dia 9 (b)'!$X18 -> 11.253698 | K12: ='[6]Dia 10 (b)'!$X18 -> 10.631553 | L12: ='[6]Dia 11 (b)'!$X18 -> 11.47624 | M12: ='[6]Dia 12 (b)'!$X18 -> 10.385529 | N12: ='[6]Dia 13 (b)'!$X18 -> 10.050361 | O12: ='[6]Dia 14 (b)'!$X18 -> 8.0323954 | P12: ='[6]Dia 15 (b)'!$X18 -> 10.443856 | Q12: ='[6]Dia 16 (b)'!$X18 -> 11.038352 | R12: ='[6]Dia 17 (b)'!$X18 -> 9.7153459 | S12: ='[6]Dia 18 (b)'!$X18 -> 8.2475677 | T12: ='[6]Dia 19 (b)'!$X18 -> 8.8702552 | U12: ='[6]Dia 20 (b)'!$X18 -> 9.4209384 | V12: ='[6]Dia 21 (b)'!$X18 -> 8.3638167 | W12: ='[6]Dia 22 (b)'!$X18 -> 9.319917 | X12: ='[6]Dia 23 (b)'!$X18 -> 9.5483938 | Y12: ='[6]Dia 24 (b)'!$X18 -> 10.382242 | Z12: ='[6]Dia 25 (b)'!$X18 -> 12.214216 | AA12: ='[6]Dia 26 (b)'!$X18 -> 11.957176 | AB12: ='[6]Dia 27 (b)'!$X18 -> 12.432133 | AC12: ='[6]Dia 28 (b)'!$X18 -> 12.161845 | AD12: ='[6]Dia 29 (b)'!$X18 -> 11.557674 | AE12: ='[6]Dia 30 (b)'!$X18 -> 8.6790626
A13: 10 | B13: ='[6]Dia 1 (b)'!$X19 -> 9.2672496 | C13: ='[6]Dia 2 (b)'!$X19 -> 9.0285963 | D13: ='[6]Dia 3 (b)'!$X19 -> 10.91112 | E13: ='[6]Dia 4 (b)'!$X19 -> 11.519778 | F13: ='[6]Dia 5 (b)'!$X19 -> 11.192402 | G13: ='[6]Dia 6 (b)'!$X19 -> 11.530089 | H13: ='[6]Dia 7 (b)'!$X19 -> 11.617417 | I13: ='[6]Dia 8 (b)'!$X19 -> 10.137506 | J13: ='[6]Dia 9 (b)'!$X19 -> 11.451428 | K13: ='[6]Dia 10 (b)'!$X19 -> 9.5468168 | L13: ='[6]Dia 11 (b)'!$X19 -> 11.227829 | M13: ='[6]Dia 12 (b)'!$X19 -> 10.486268 | N13: ='[6]Dia 13 (b)'!$X19 -> 9.3697772 | O13: ='[6]Dia 14 (b)'!$X19 -> 8.0189096 | P13: ='[6]Dia 15 (b)'!$X19 -> 10.514662 | Q13: ='[6]Dia 16 (b)'!$X19 -> 10.913879 | R13: ='[6]Dia 17 (b)'!$X19 -> 8.9354369 | S13: ='[6]Dia 18 (b)'!$X19 -> 7.5324536 | T13: ='[6]Dia 19 (b)'!$X19 -> 7.9491086 | U13: ='[6]Dia 20 (b)'!$X19 -> 8.2949099 | V13: ='[6]Dia 21 (b)'!$X19 -> 8.2514401 | W13: ='[6]Dia 22 (b)'!$X19 -> 9.0625156 | X13: ='[6]Dia 23 (b)'!$X19 -> 9.342553 | Y13: ='[6]Dia 24 (b)'!$X19 -> 9.2976154 | Z13: ='[6]Dia 25 (b)'!$X19 -> 12.24522 | AA13: ='[6]Dia 26 (b)'!$X19 -> 11.757156 | AB13: ='[6]Dia 27 (b)'!$X19 -> 12.435462 | AC13: ='[6]Dia 28 (b)'!$X19 -> 11.735829 | AD13: ='[6]Dia 29 (b)'!$X19 -> 11.710168 | AE13: ='[6]Dia 30 (b)'!$X19 -> 8.8393921
A14: 11 | B14: ='[6]Dia 1 (b)'!$X20 -> 8.8428426 | C14: ='[6]Dia 2 (b)'!$X20 -> 9.9317331 | D14: ='[6]Dia 3 (b)'!$X20 -> 10.37123 | E14: ='[6]Dia 4 (b)'!$X20 -> 11.844955 | F14: ='[6]Dia 5 (b)'!$X20 -> 11.092478 | G14: ='[6]Dia 6 (b)'!$X20 -> 10.942648 | H14: ='[6]Dia 7 (b)'!$X20 -> 11.248921 | I14: ='[6]Dia 8 (b)'!$X20 -> 10.167075 | J14: ='[6]Dia 9 (b)'!$X20 -> 10.36417 | K14: ='[6]Dia 10 (b)'!$X20 -> 9.9088815 | L14: ='[6]Dia 11 (b)'!$X20 -> 11.169144 | M14: ='[6]Dia 12 (b)'!$X20 -> 10.319916 | N14: ='[6]Dia 13 (b)'!$X20 -> 8.8685082 | O14: ='[6]Dia 14 (b)'!$X20 -> 8.0037326 | P14: ='[6]Dia 15 (b)'!$X20 -> 10.881329 | Q14: ='[6]Dia 16 (b)'!$X20 -> 10.08706 | R14: ='[6]Dia 17 (b)'!$X20 -> 9.4521563 | S14: ='[6]Dia 18 (b)'!$X20 -> 7.3203088 | T14: ='[6]Dia 19 (b)'!$X20 -> 8.4022699 | U14: ='[6]Dia 20 (b)'!$X20 -> 7.5935869 | V14: ='[6]Dia 21 (b)'!$X20 -> 8.1001015 | W14: ='[6]Dia 22 (b)'!$X20 -> 8.4797898 | X14: ='[6]Dia 23 (b)'!$X20 -> 9.1589811 | Y14: ='[6]Dia 24 (b)'!$X20 -> 9.1265145 | Z14: ='[6]Dia 25 (b)'!$X20 -> 12.870806 | AA14: ='[6]Dia 26 (b)'!$X20 -> 11.847822 | AB14: ='[6]Dia 27 (b)'!$X20 -> 12.353061 | AC14: ='[6]Dia 28 (b)'!$X20 -> 11.067697 | AD14: ='[6]Dia 29 (b)'!$X20 -> 11.296937 | AE14: ='[6]Dia 30 (b)'!$X20 -> 9.0476521
A15: 12 | B15: ='[6]Dia 1 (b)'!$X21 -> 8.8302982 | C15: ='[6]Dia 2 (b)'!$X21 -> 9.1172461 | D15: ='[6]Dia 3 (b)'!$X21 -> 10.333341 | E15: ='[6]Dia 4 (b)'!$X21 -> 11.509352 | F15: ='[6]Dia 5 (b)'!$X21 -> 11.21608 | G15: ='[6]Dia 6 (b)'!$X21 -> 10.810894 | H15: ='[6]Dia 7 (b)'!$X21 -> 9.8363515 | I15: ='[6]Dia 8 (b)'!$X21 -> 9.9663946 | J15: ='[6]Dia 9 (b)'!$X21 -> 10.508534 | K15: ='[6]Dia 10 (b)'!$X21 -> 10.687476 | L15: ='[6]Dia 11 (b)'!$X21 -> 9.4371698 | M15: ='[6]Dia 12 (b)'!$X21 -> 9.6200072 | N15: ='[6]Dia 13 (b)'!$X21 -> 8.3716267 | O15: ='[6]Dia 14 (b)'!$X21 -> 8.4427576 | P15: ='[6]Dia 15 (b)'!$X21 -> 9.9976398 | Q15: ='[6]Dia 16 (b)'!$X21 -> 10.753095 | R15: ='[6]Dia 17 (b)'!$X21 -> 9.1270741 | S15: ='[6]Dia 18 (b)'!$X21 -> 8.0376592 | T15: ='[6]Dia 19 (b)'!$X21 -> 8.2882406 | U15: ='[6]Dia 20 (b)'!$X21 -> 6.0667004 | V15: ='[6]Dia 21 (b)'!$X21 -> 7.9957491 | W15: ='[6]Dia 22 (b)'!$X21 -> 7.9794114 | X15: ='[6]Dia 23 (b)'!$X21 -> 8.8338281 | Y15: ='[6]Dia 24 (b)'!$X21 -> 9.6848461 | Z15: ='[6]Dia 25 (b)'!$X21 -> 12.288441 | AA15: ='[6]Dia 26 (b)'!$X21 -> 10.489225 | AB15: ='[6]Dia 27 (b)'!$X21 -> 11.90562 | AC15: ='[6]Dia 28 (b)'!$X21 -> 11.004062 | AD15: ='[6]Dia 29 (b)'!$X21 -> 10.795881 | AE15: ='[6]Dia 30 (b)'!$X21 -> 8.8841811
A16: 13 | B16: ='[6]Dia 1 (b)'!$X22 -> 7.8412945 | C16: ='[6]Dia 2 (b)'!$X22 -> 9.8113887 | D16: ='[6]Dia 3 (b)'!$X22 -> 9.8883366 | E16: ='[6]Dia 4 (b)'!$X22 -> 12.050127 | F16: ='[6]Dia 5 (b)'!$X22 -> 10.644219 | G16: ='[6]Dia 6 (b)'!$X22 -> 9.9846569 | H16: ='[6]Dia 7 (b)'!$X22 -> 8.4178703 | I16: ='[6]Dia 8 (b)'!$X22 -> 9.729078 | J16: ='[6]Dia 9 (b)'!$X22 -> 9.8523587 | K16: ='[6]Dia 10 (b)'!$X22 -> 10.201474 | L16: ='[6]Dia 11 (b)'!$X22 -> 8.7447039 | M16: ='[6]Dia 12 (b)'!$X22 -> 8.8010304 | N16: ='[6]Dia 13 (b)'!$X22 -> 7.3080162 | O16: ='[6]Dia 14 (b)'!$X22 -> 8.2418172 | P16: ='[6]Dia 15 (b)'!$X22 -> 9.7589707 | Q16: ='[6]Dia 16 (b)'!$X22 -> 9.358702 | R16: ='[6]Dia 17 (b)'!$X22 -> 8.6804352 | S16: ='[6]Dia 18 (b)'!$X22 -> 7.4228531 | T16: ='[6]Dia 19 (b)'!$X22 -> 8.6569468 | U16: ='[6]Dia 20 (b)'!$X22 -> 5.4950387 | V16: ='[6]Dia 21 (b)'!$X22 -> 7.3803368 | W16: ='[6]Dia 22 (b)'!$X22 -> 7.588991 | X16: ='[6]Dia 23 (b)'!$X22 -> 8.9250752 | Y16: ='[6]Dia 24 (b)'!$X22 -> 9.4473897 | Z16: ='[6]Dia 25 (b)'!$X22 -> 12.84337 | AA16: ='[6]Dia 26 (b)'!$X22 -> 10.438594 | AB16: ='[6]Dia 27 (b)'!$X22 -> 11.919266 | AC16: ='[6]Dia 28 (b)'!$X22 -> 9.5779032 | AD16: ='[6]Dia 29 (b)'!$X22 -> 11.919426 | AE16: ='[6]Dia 30 (b)'!$X22 -> 8.5856009
A17: 14 | B17: ='[6]Dia 1 (b)'!$X23 -> 7.8965956 | C17: ='[6]Dia 2 (b)'!$X23 -> 8.919435 | D17: ='[6]Dia 3 (b)'!$X23 -> 9.3200767 | E17: ='[6]Dia 4 (b)'!$X23 -> 11.199946 | F17: ='[6]Dia 5 (b)'!$X23 -> 10.033722 | G17: ='[6]Dia 6 (b)'!$X23 -> 8.6103433 | H17: ='[6]Dia 7 (b)'!$X23 -> 7.5528191 | I17: ='[6]Dia 8 (b)'!$X23 -> 9.2389273 | J17: ='[6]Dia 9 (b)'!$X23 -> 10.166846 | K17: ='[6]Dia 10 (b)'!$X23 -> 9.4870293 | L17: ='[6]Dia 11 (b)'!$X23 -> 9.1618612 | M17: ='[6]Dia 12 (b)'!$X23 -> 8.0258287 | N17: ='[6]Dia 13 (b)'!$X23 -> 6.8776815 | O17: ='[6]Dia 14 (b)'!$X23 -> 7.7621332 | P17: ='[6]Dia 15 (b)'!$X23 -> 9.3037068 | Q17: ='[6]Dia 16 (b)'!$X23 -> 8.2901363 | R17: ='[6]Dia 17 (b)'!$X23 -> 9.1480326 | S17: ='[6]Dia 18 (b)'!$X23 -> 7.8010491 | T17: ='[6]Dia 19 (b)'!$X23 -> 7.9634391 | U17: ='[6]Dia 20 (b)'!$X23 -> 5.0065142 | V17: ='[6]Dia 21 (b)'!$X23 -> 6.3448781 | W17: ='[6]Dia 22 (b)'!$X23 -> 7.8318238 | X17: ='[6]Dia 23 (b)'!$X23 -> 8.892857 | Y17: ='[6]Dia 24 (b)'!$X23 -> 8.8650067 | Z17: ='[6]Dia 25 (b)'!$X23 -> 12.848399 | AA17: ='[6]Dia 26 (b)'!$X23 -> 9.9298952 | AB17: ='[6]Dia 27 (b)'!$X23 -> 12.585063 | AC17: ='[6]Dia 28 (b)'!$X23 -> 9.4162286 | AD17: ='[6]Dia 29 (b)'!$X23 -> 11.451546 | AE17: ='[6]Dia 30 (b)'!$X23 -> 8.4922144
A18: 15 | B18: ='[6]Dia 1 (b)'!$X24 -> 7.8387859 | C18: ='[6]Dia 2 (b)'!$X24 -> 8.2795105 | D18: ='[6]Dia 3 (b)'!$X24 -> 10.407464 | E18: ='[6]Dia 4 (b)'!$X24 -> 11.030718 | F18: ='[6]Dia 5 (b)'!$X24 -> 9.831318 | G18: ='[6]Dia 6 (b)'!$X24 -> 8.5997487 | H18: ='[6]Dia 7 (b)'!$X24 -> 7.7068267 | I18: ='[6]Dia 8 (b)'!$X24 -> 8.8723904 | J18: ='[6]Dia 9 (b)'!$X24 -> 9.6214801 | K18: ='[6]Dia 10 (b)'!$X24 -> 9.7924847 | L18: ='[6]Dia 11 (b)'!$X24 -> 12.071046 | M18: ='[6]Dia 12 (b)'!$X24 -> 7.5905159 | N18: ='[6]Dia 13 (b)'!$X24 -> 6.753196 | O18: ='[6]Dia 14 (b)'!$X24 -> 8.6934799 | P18: ='[6]Dia 15 (b)'!$X24 -> 8.6774515 | Q18: ='[6]Dia 16 (b)'!$X24 -> 8.8016803 | R18: ='[6]Dia 17 (b)'!$X24 -> 9.0669216 | S18: ='[6]Dia 18 (b)'!$X24 -> 7.0650642 | T18: ='[6]Dia 19 (b)'!$X24 -> 7.4516413 | U18: ='[6]Dia 20 (b)'!$X24 -> 4.7032452 | V18: ='[6]Dia 21 (b)'!$X24 -> 6.0309229 | W18: ='[6]Dia 22 (b)'!$X24 -> 7.6328978 | X18: ='[6]Dia 23 (b)'!$X24 -> 8.6066518 | Y18: ='[6]Dia 24 (b)'!$X24 -> 8.9533992 | Z18: ='[6]Dia 25 (b)'!$X24 -> 12.892634 | AA18: ='[6]Dia 26 (b)'!$X24 -> 9.9734218 | AB18: ='[6]Dia 27 (b)'!$X24 -> 12.177373 | AC18: ='[6]Dia 28 (b)'!$X24 -> 8.8035375 | AD18: ='[6]Dia 29 (b)'!$X24 -> 12.283259 | AE18: ='[6]Dia 30 (b)'!$X24 -> 8.3929978
A19: 16
A20: 17
A21: 18
A22: 19
A23: 20
A24: 21
A25: 22
A26: 23
A27: 24
B28: NÃO ESTÃO SENDO MAIS INTERPOLADOS AS OBSERVAÇÕES ENTRE AS 16H E 6H.
A30: MÉDIA
A31: DIÁRIA
A34: MÁXIMA
A35: DIÁRIA
A38: MÍNIMA
A39: DIÁRIA
A42: AMPLITUDE
A43: DIÁRIA
H46: MÉDIA | K46: MÁXIMA | N46: MÍNIMA | Q46: AMPLITUDE | T46: MÉDIA | V46: MÉDIA | X46: DIF. DAS
H47: MENSAL | K47: MENSAL | N47: MENSAL | Q47: MENSAL | T47: DAS MÁX. | V47: DAS MÍN. | X47: MÉDIAS

Sheet Jul
B1: ='[7]Dia 1 (b)'!C1 -> JULHO DE 2024 | K1: Umid. Específica (g.kg-1)
A3: H/D | B3: 1 | C3: 2 | D3: 3 | E3: 4 | F3: 5 | G3: 6 | H3: 7 | I3: 8 | J3: 9 | K3: 10 | L3: 11 | M3: 12 | N3: 13 | O3: 14 | P3: 15 | Q3: 16 | R3: 17 | S3: 18 | T3: 19 | U3: 20 | V3: 21 | W3: 22 | X3: 23 | Y3: 24 | Z3: 25 | AA3: 26 | AB3: 27 | AC3: 28 | AD3: 29 | AE3: 30 | AF3: 31
A4: 1
A5: 2
A6: 3
A7: 4
A8: 5
A9: 6
A10: 7 | B10: ='[7]Dia 1 (b)'!$X16 -> 8.680079 | C10: ='[7]Dia 2 (b)'!$X16 -> 9.0788427 | D10: ='[7]Dia 3 (b)'!$X16 -> 10.367734 | E10: ='[7]Dia 4 (b)'!$X16 -> 10.547229 | F10: ='[7]Dia 5 (b)'!$X16 -> 10.514155 | G10: ='[7]Dia 6 (b)'!$X16 -> 10.26032 | H10: ='[7]Dia 7 (b)'!$X16 -> 10.443639 | I10: ='[7]Dia 8 (b)'!$X16 -> 9.5783612 | J10: ='[7]Dia 9 (b)'!$X16 -> 9.3494686 | K10: ='[7]Dia 10 (b)'!$X16 -> 11.192494 | L10: ='[7]Dia 11 (b)'!$X16 -> 12.094763 | M10: ='[7]Dia 12 (b)'!$X16 -> 11.036076 | N10: ='[7]Dia 13 (b)'!$X16 -> 9.4386635 | O10: ='[7]Dia 14 (b)'!$X16 -> 10.885351 | P10: ='[7]Dia 15 (b)'!$X16 -> 9.5179501 | Q10: ='[7]Dia 16 (b)'!$X16 -> 10.153741 | R10: ='[7]Dia 17 (b)'!$X16 -> 9.3525222 | S10: ='[7]Dia 18 (b)'!$X16 -> 9.4249802 | T10: ='[7]Dia 19 (b)'!$X16 -> 8.7760741 | U10: ='[7]Dia 20 (b)'!$X16 -> 9.6205306 | V10: ='[7]Dia 21 (b)'!$X16 -> 8.9410302 | W10: ='[7]Dia 22 (b)'!$X16 -> 8.4156061 | X10: ='[7]Dia 23 (b)'!$X16 -> 7.1368292 | Y10: ='[7]Dia 24 (b)'!$X16 -> 7.3622272 | Z10: ='[7]Dia 25 (b)'!$X16 -> 8.4706208 | AA10: ='[7]Dia 26 (b)'!$X16 -> 8.3167864 | AB10: ='[7]Dia 27 (b)'!$X16 -> 8.4310968 | AC10: ='[7]Dia 28 (b)'!$X16 -> 8.8813547 | AD10: ='[7]Dia 29 (b)'!$X16 -> 9.4977567 | AE10: ='[7]Dia 30 (b)'!$X16 -> 9.5137352 | AF10: ='[7]Dia 31 (b)'!$X16 -> 9.4099765
A11: 8 | B11: ='[7]Dia 1 (b)'!$X17 -> 8.7916111 | C11: ='[7]Dia 2 (b)'!$X17 -> 9.1587777 | D11: ='[7]Dia 3 (b)'!$X17 -> 10.662223 | E11: ='[7]Dia 4 (b)'!$X17 -> 10.549378 | F11: ='[7]Dia 5 (b)'!$X17 -> 10.96785 | G11: ='[7]Dia 6 (b)'!$X17 -> 10.253403 | H11: ='[7]Dia 7 (b)'!$X17 -> 10.499396 | I11: ='[7]Dia 8 (b)'!$X17 -> 9.7933746 | J11: ='[7]Dia 9 (b)'!$X17 -> 9.3466774 | K11: ='[7]Dia 10 (b)'!$X17 -> 11.33811 | L11: ='[7]Dia 11 (b)'!$X17 -> 11.846409 | M11: ='[7]Dia 12 (b)'!$X17 -> 11.287922 | N11: ='[7]Dia 13 (b)'!$X17 -> 9.2848566 | O11: ='[7]Dia 14 (b)'!$X17 -> 11.059203 | P11: ='[7]Dia 15 (b)'!$X17 -> 10.059002 | Q11: ='[7]Dia 16 (b)'!$X17 -> 10.324758 | R11: ='[7]Dia 17 (b)'!$X17 -> 10.194358 | S11: ='[7]Dia 18 (b)'!$X17 -> 11.17052 | T11: ='[7]Dia 19 (b)'!$X17 -> 8.7679551 | U11: ='[7]Dia 20 (b)'!$X17 -> 9.8491377 | V11: ='[7]Dia 21 (b)'!$X17 -> 9.1074116 | W11: ='[7]Dia 22 (b)'!$X17 -> 10.054245 | X11: ='[7]Dia 23 (b)'!$X17 -> 8.7446528 | Y11: ='[7]Dia 24 (b)'!$X17 -> 7.1759179 | Z11: ='[7]Dia 25 (b)'!$X17 -> 9.458931 | AA11: ='[7]Dia 26 (b)'!$X17 -> 9.6535755 | AB11: ='[7]Dia 27 (b)'!$X17 -> 9.4517263 | AC11: ='[7]Dia 28 (b)'!$X17 -> 9.4688338 | AD11: ='[7]Dia 29 (b)'!$X17 -> 10.585876 | AE11: ='[7]Dia 30 (b)'!$X17 -> 9.7382281 | AF11: ='[7]Dia 31 (b)'!$X17 -> 9.5745847
A12: 9 | B12: ='[7]Dia 1 (b)'!$X18 -> 9.0530953 | C12: ='[7]Dia 2 (b)'!$X18 -> 9.1829968 | D12: ='[7]Dia 3 (b)'!$X18 -> 10.680395 | E12: ='[7]Dia 4 (b)'!$X18 -> 10.263598 | F12: ='[7]Dia 5 (b)'!$X18 -> 10.410791 | G12: ='[7]Dia 6 (b)'!$X18 -> 10.178703 | H12: ='[7]Dia 7 (b)'!$X18 -> 10.348478 | I12: ='[7]Dia 8 (b)'!$X18 -> 9.8794372 | J12: ='[7]Dia 9 (b)'!$X18 -> 9.4678656 | K12: ='[7]Dia 10 (b)'!$X18 -> 12.132341 | L12: ='[7]Dia 11 (b)'!$X18 -> 11.834296 | M12: ='[7]Dia 12 (b)'!$X18 -> 11.926679 | N12: ='[7]Dia 13 (b)'!$X18 -> 9.584826 | O12: ='[7]Dia 14 (b)'!$X18 -> 11.294851 | P12: ='[7]Dia 15 (b)'!$X18 -> 10.417771 | Q12: ='[7]Dia 16 (b)'!$X18 -> 10.540016 | R12: ='[7]Dia 17 (b)'!$X18 -> 10.317997 | S12: ='[7]Dia 18 (b)'!$X18 -> 11.308409 | T12: ='[7]Dia 19 (b)'!$X18 -> 8.6971936 | U12: ='[7]Dia 20 (b)'!$X18 -> 9.9317998 | V12: ='[7]Dia 21 (b)'!$X18 -> 9.1498068 | W12: ='[7]Dia 22 (b)'!$X18 -> 10.356363 | X12: ='[7]Dia 23 (b)'!$X18 -> 8.9690592 | Y12: ='[7]Dia 24 (b)'!$X18 -> 6.9087641 | Z12: ='[7]Dia 25 (b)'!$X18 -> 8.8583611 | AA12: ='[7]Dia 26 (b)'!$X18 -> 8.9385202 | AB12: ='[7]Dia 27 (b)'!$X18 -> 8.5051238 | AC12: ='[7]Dia 28 (b)'!$X18 -> 9.4622655 | AD12: ='[7]Dia 29 (b)'!$X18 -> 11.155856 | AE12: ='[7]Dia 30 (b)'!$X18 -> 9.8873799 | AF12: ='[7]Dia 31 (b)'!$X18 -> 9.582827
A13: 10 | B13: ='[7]Dia 1 (b)'!$X19 -> 9.3495536 | C13: ='[7]Dia 2 (b)'!$X19 -> 9.2571165 | D13: ='[7]Dia 3 (b)'!$X19 -> 10.959689 | E13: ='[7]Dia 4 (b)'!$X19 -> 9.7173481 | F13: ='[7]Dia 5 (b)'!$X19 -> 9.4478081 | G13: ='[7]Dia 6 (b)'!$X19 -> 10.120781 | H13: ='[7]Dia 7 (b)'!$X19 -> 10.576084 | I13: ='[7]Dia 8 (b)'!$X19 -> 10.439498 | J13: ='[7]Dia 9 (b)'!$X19 -> 9.5246081 | K13: ='[7]Dia 10 (b)'!$X19 -> 12.268879 | L13: ='[7]Dia 11 (b)'!$X19 -> 12.140539 | M13: ='[7]Dia 12 (b)'!$X19 -> 12.386172 | N13: ='[7]Dia 13 (b)'!$X19 -> 9.6700066 | O13: ='[7]Dia 14 (b)'!$X19 -> 11.127535 | P13: ='[7]Dia 15 (b)'!$X19 -> 10.566312 | Q13: ='[7]Dia 16 (b)'!$X19 -> 10.385815 | R13: ='[7]Dia 17 (b)'!$X19 -> 10.374478 | S13: ='[7]Dia 18 (b)'!$X19 -> 10.638147 | T13: ='[7]Dia 19 (b)'!$X19 -> 8.9145544 | U13: ='[7]Dia 20 (b)'!$X19 -> 11.143735 | V13: ='[7]Dia 21 (b)'!$X19 -> 9.3984906 | W13: ='[7]Dia 22 (b)'!$X19 -> 9.2941381 | X13: ='[7]Dia 23 (b)'!$X19 -> 7.0300487 | Y13: ='[7]Dia 24 (b)'!$X19 -> 6.5353302 | Z13: ='[7]Dia 25 (b)'!$X19 -> 8.6013274 | AA13: ='[7]Dia 26 (b)'!$X19 -> 8.8974795 | AB13: ='[7]Dia 27 (b)'!$X19 -> 8.4213661 | AC13: ='[7]Dia 28 (b)'!$X19 -> 8.8431652 | AD13: ='[7]Dia 29 (b)'!$X19 -> 9.7425804 | AE13: ='[7]Dia 30 (b)'!$X19 -> 10.12461 | AF13: ='[7]Dia 31 (b)'!$X19 -> 9.7092924
A14: 11 | B14: ='[7]Dia 1 (b)'!$X20 -> 9.4467379 | C14: ='[7]Dia 2 (b)'!$X20 -> 8.7635293 | D14: ='[7]Dia 3 (b)'!$X20 -> 10.16956 | E14: ='[7]Dia 4 (b)'!$X20 -> 9.8832672 | F14: ='[7]Dia 5 (b)'!$X20 -> 7.8170676 | G14: ='[7]Dia 6 (b)'!$X20 -> 10.142987 | H14: ='[7]Dia 7 (b)'!$X20 -> 10.378989 | I14: ='[7]Dia 8 (b)'!$X20 -> 10.475698 | J14: ='[7]Dia 9 (b)'!$X20 -> 9.4830497 | K14: ='[7]Dia 10 (b)'!$X20 -> 12.571794 | L14: ='[7]Dia 11 (b)'!$X20 -> 12.460178 | M14: ='[7]Dia 12 (b)'!$X20 -> 12.520221 | N14: ='[7]Dia 13 (b)'!$X20 -> 9.6894976 | O14: ='[7]Dia 14 (b)'!$X20 -> 10.614239 | P14: ='[7]Dia 15 (b)'!$X20 -> 10.610988 | Q14: ='[7]Dia 16 (b)'!$X20 -> 10.699505 | R14: ='[7]Dia 17 (b)'!$X20 -> 9.8735874 | S14: ='[7]Dia 18 (b)'!$X20 -> 10.13853 | T14: ='[7]Dia 19 (b)'!$X20 -> 8.4076817 | U14: ='[7]Dia 20 (b)'!$X20 -> 8.6709848 | V14: ='[7]Dia 21 (b)'!$X20 -> 9.3930051 | W14: ='[7]Dia 22 (b)'!$X20 -> 7.9299408 | X14: ='[7]Dia 23 (b)'!$X20 -> 6.2932898 | Y14: ='[7]Dia 24 (b)'!$X20 -> 6.3819702 | Z14: ='[7]Dia 25 (b)'!$X20 -> 7.91792 | AA14: ='[7]Dia 26 (b)'!$X20 -> 8.4559433 | AB14: ='[7]Dia 27 (b)'!$X20 -> 8.3882697 | AC14: ='[7]Dia 28 (b)'!$X20 -> 8.8801079 | AD14: ='[7]Dia 29 (b)'!$X20 -> 10.541891 | AE14: ='[7]Dia 30 (b)'!$X20 -> 10.284755 | AF14: ='[7]Dia 31 (b)'!$X20 -> 9.8282388
A15: 12 | B15: ='[7]Dia 1 (b)'!$X21 -> 9.1831447 | C15: ='[7]Dia 2 (b)'!$X21 -> 8.9526117 | D15: ='[7]Dia 3 (b)'!$X21 -> 9.5134483 | E15: ='[7]Dia 4 (b)'!$X21 -> 9.5004023 | F15: ='[7]Dia 5 (b)'!$X21 -> 6.97113 | G15: ='[7]Dia 6 (b)'!$X21 -> 10.209146 | H15: ='[7]Dia 7 (b)'!$X21 -> 10.531205 | I15: ='[7]Dia 8 (b)'!$X21 -> 11.020055 | J15: ='[7]Dia 9 (b)'!$X21 -> 9.7485879 | K15: ='[7]Dia 10 (b)'!$X21 -> 11.977694 | L15: ='[7]Dia 11 (b)'!$X21 -> 12.426947 | M15: ='[7]Dia 12 (b)'!$X21 -> 12.145439 | N15: ='[7]Dia 13 (b)'!$X21 -> 9.674608 | O15: ='[7]Dia 14 (b)'!$X21 -> 10.326133 | P15: ='[7]Dia 15 (b)'!$X21 -> 10.525591 | Q15: ='[7]Dia 16 (b)'!$X21 -> 10.751189 | R15: ='[7]Dia 17 (b)'!$X21 -> 10.169416 | S15: ='[7]Dia 18 (b)'!$X21 -> 8.848034 | T15: ='[7]Dia 19 (b)'!$X21 -> 8.9230875 | U15: ='[7]Dia 20 (b)'!$X21 -> 8.764892 | V15: ='[7]Dia 21 (b)'!$X21 -> 9.4312044 | W15: ='[7]Dia 22 (b)'!$X21 -> 7.7051024 | X15: ='[7]Dia 23 (b)'!$X21 -> 4.8385602 | Y15: ='[7]Dia 24 (b)'!$X21 -> 6.3187097 | Z15: ='[7]Dia 25 (b)'!$X21 -> 7.0757503 | AA15: ='[7]Dia 26 (b)'!$X21 -> 6.5288686 | AB15: ='[7]Dia 27 (b)'!$X21 -> 7.7371973 | AC15: ='[7]Dia 28 (b)'!$X21 -> 8.6306361 | AD15: ='[7]Dia 29 (b)'!$X21 -> 10.375053 | AE15: ='[7]Dia 30 (b)'!$X21 -> 10.425068 | AF15: ='[7]Dia 31 (b)'!$X21 -> 10.240013
A16: 13 | B16: ='[7]Dia 1 (b)'!$X22 -> 9.580099 | C16: ='[7]Dia 2 (b)'!$X22 -> 9.2380409 | D16: ='[7]Dia 3 (b)'!$X22 -> 8.1875511 | E16: ='[7]Dia 4 (b)'!$X22 -> 9.2165796 | F16: ='[7]Dia 5 (b)'!$X22 -> 6.0335771 | G16: ='[7]Dia 6 (b)'!$X22 -> 10.4981 | H16: ='[7]Dia 7 (b)'!$X22 -> 9.9654689 | I16: ='[7]Dia 8 (b)'!$X22 -> 10.630413 | J16: ='[7]Dia 9 (b)'!$X22 -> 9.7541766 | K16: ='[7]Dia 10 (b)'!$X22 -> 12.327882 | L16: ='[7]Dia 11 (b)'!$X22 -> 12.983794 | M16: ='[7]Dia 12 (b)'!$X22 -> 11.279505 | N16: ='[7]Dia 13 (b)'!$X22 -> 9.7933796 | O16: ='[7]Dia 14 (b)'!$X22 -> 9.0145083 | P16: ='[7]Dia 15 (b)'!$X22 -> 10.654652 | Q16: ='[7]Dia 16 (b)'!$X22 -> 10.219789 | R16: ='[7]Dia 17 (b)'!$X22 -> 10.010196 | S16: ='[7]Dia 18 (b)'!$X22 -> 8.6462573 | T16: ='[7]Dia 19 (b)'!$X22 -> 9.1323542 | U16: ='[7]Dia 20 (b)'!$X22 -> 8.3081021 | V16: ='[7]Dia 21 (b)'!$X22 -> 9.2775363 | W16: ='[7]Dia 22 (b)'!$X22 -> 7.8544088 | X16: ='[7]Dia 23 (b)'!$X22 -> 5.5974656 | Y16: ='[7]Dia 24 (b)'!$X22 -> 6.6403329 | Z16: ='[7]Dia 25 (b)'!$X22 -> 6.7759809 | AA16: ='[7]Dia 26 (b)'!$X22 -> 7.2100017 | AB16: ='[7]Dia 27 (b)'!$X22 -> 7.4998009 | AC16: ='[7]Dia 28 (b)'!$X22 -> 8.3916406 | AD16: ='[7]Dia 29 (b)'!$X22 -> 9.9331155 | AE16: ='[7]Dia 30 (b)'!$X22 -> 10.420225 | AF16: ='[7]Dia 31 (b)'!$X22 -> 10.272177
A17: 14 | B17: ='[7]Dia 1 (b)'!$X23 -> 9.5423494 | C17: ='[7]Dia 2 (b)'!$X23 -> 8.5607807 | D17: ='[7]Dia 3 (b)'!$X23 -> 7.8561321 | E17: ='[7]Dia 4 (b)'!$X23 -> 8.5596618 | F17: ='[7]Dia 5 (b)'!$X23 -> 5.788144 | G17: ='[7]Dia 6 (b)'!$X23 -> 10.68963 | H17: ='[7]Dia 7 (b)'!$X23 -> 8.8897002 | I17: ='[7]Dia 8 (b)'!$X23 -> 10.774528 | J17: ='[7]Dia 9 (b)'!$X23 -> 9.8494614 | K17: ='[7]Dia 10 (b)'!$X23 -> 12.163714 | L17: ='[7]Dia 11 (b)'!$X23 -> 13.141168 | M17: ='[7]Dia 12 (b)'!$X23 -> 10.823896 | N17: ='[7]Dia 13 (b)'!$X23 -> 9.7355002 | O17: ='[7]Dia 14 (b)'!$X23 -> 9.061469 | P17: ='[7]Dia 15 (b)'!$X23 -> 10.075603 | Q17: ='[7]Dia 16 (b)'!$X23 -> 10.301291 | R17: ='[7]Dia 17 (b)'!$X23 -> 9.3207696 | S17: ='[7]Dia 18 (b)'!$X23 -> 8.6586199 | T17: ='[7]Dia 19 (b)'!$X23 -> 8.7057327 | U17: ='[7]Dia 20 (b)'!$X23 -> 6.5270385 | V17: ='[7]Dia 21 (b)'!$X23 -> 9.0398278 | W17: ='[7]Dia 22 (b)'!$X23 -> 7.9902188 | X17: ='[7]Dia 23 (b)'!$X23 -> 5.6313422 | Y17: ='[7]Dia 24 (b)'!$X23 -> 6.4685006 | Z17: ='[7]Dia 25 (b)'!$X23 -> 6.3922307 | AA17: ='[7]Dia 26 (b)'!$X23 -> 7.2217084 | AB17: ='[7]Dia 27 (b)'!$X23 -> 7.5385246 | AC17: ='[7]Dia 28 (b)'!$X23 -> 7.9421355 | AD17: ='[7]Dia 29 (b)'!$X23 -> 9.8332074 | AE17: ='[7]Dia 30 (b)'!$X23 -> 10.370156 | AF17: ='[7]Dia 31 (b)'!$X23 -> 10.109681
A18: 15 | B18: ='[7]Dia 1 (b)'!$X24 -> 9.3204448 | C18: ='[7]Dia 2 (b)'!$X24 -> 7.9999063 | D18: ='[7]Dia 3 (b)'!$X24 -> 7.0646498 | E18: ='[7]Dia 4 (b)'!$X24 -> 8.7240214 | F18: ='[7]Dia 5 (b)'!$X24 -> 5.8042542 | G18: ='[7]Dia 6 (b)'!$X24 -> 10.240993 | H18: ='[7]Dia 7 (b)'!$X24 -> 7.9116816 | I18: ='[7]Dia 8 (b)'!$X24 -> 10.527552 | J18: ='[7]Dia 9 (b)'!$X24 -> 10.166538 | K18: ='[7]Dia 10 (b)'!$X24 -> 11.875301 | L18: ='[7]Dia 11 (b)'!$X24 -> 13.235982 | M18: ='[7]Dia 12 (b)'!$X24 -> 10.052291 | N18: ='[7]Dia 13 (b)'!$X24 -> 9.5214973 | O18: ='[7]Dia 14 (b)'!$X24 -> 8.6170941 | P18: ='[7]Dia 15 (b)'!$X24 -> 11.138933 | Q18: ='[7]Dia 16 (b)'!$X24 -> 10.717158 | R18: ='[7]Dia 17 (b)'!$X24 -> 9.4806178 | S18: ='[7]Dia 18 (b)'!$X24 -> 11.364689 | T18: ='[7]Dia 19 (b)'!$X24 -> 8.3890023 | U18: ='[7]Dia 20 (b)'!$X24 -> 6.4357214 | V18: ='[7]Dia 21 (b)'!$X24 -> 8.6112157 | W18: ='[7]Dia 22 (b)'!$X24 -> 7.9094987 | X18: ='[7]Dia 23 (b)'!$X24 -> 6.2280827 | Y18: ='[7]Dia 24 (b)'!$X24 -> 5.9207118 | Z18: ='[7]Dia 25 (b)'!$X24 -> 6.7435045 | AA18: ='[7]Dia 26 (b)'!$X24 -> 7.4191837 | AB18: ='[7]Dia 27 (b)'!$X24 -> 7.0851016 | AC18: ='[7]Dia 28 (b)'!$X24 -> 7.4159884 | AD18: ='[7]Dia 29 (b)'!$X24 -> 9.9774752 | AE18: ='[7]Dia 30 (b)'!$X24 -> 10.190628 | AF18: ='[7]Dia 31 (b)'!$X24 -> 10.313746
A19: 16
A20: 17
A21: 18
A22: 19
A23: 20
A24: 21
A25: 22
A26: 23
A27: 24
B28: NÃO ESTÃO SENDO MAIS INTERPOLADOS AS OBSERVAÇÕES ENTRE AS 16H E 6H.
A30: MÉDIA
A31: DIÁRIA
A34: MÁXIMA
A35: DIÁRIA
A38: MÍNIMA
A39: DIÁRIA
A42: AMPLITUDE
A43: DIÁRIA
H46: MÉDIA | K46: MÁXIMA | N46: MÍNIMA | Q46: AMPLITUDE | T46: MÉDIA | V46: MÉDIA | X46: DIF. DAS
H47: MENSAL | K47: MENSAL | N47: MENSAL | Q47: MENSAL | T47: DAS MÁX. | V47: DAS MÍN. | X47: MÉDIAS

Sheet Ago
B1: ='[8]Dia 1 (b)'!C1 -> AGOSTO DE 2024 | K1: Umid. Específica (g.kg-1)
A3: H/D | B3: 1 | C3: 2 | D3: 3 | E3: 4 | F3: 5 | G3: 6 | H3: 7 | I3: 8 | J3: 9 | K3: 10 | L3: 11 | M3: 12 | N3: 13 | O3: 14 | P3: 15 | Q3: 16 | R3: 17 | S3: 18 | T3: 19 | U3: 20 | V3: 21 | W3: 22 | X3: 23 | Y3: 24 | Z3: 25 | AA3: 26 | AB3: 27 | AC3: 28 | AD3: 29 | AE3: 30 | AF3: 31
A4: 1
A5: 2
A6: 3
A7: 4
A8: 5
A9: 6
A10: 7 | B10: ='[8]Dia 1 (b)'!$X16 -> 10.576162 | C10: ='[8]Dia 2 (b)'!$X16 -> 10.175957 | D10: ='[8]Dia 3 (b)'!$X16 -> 8.9680489 | E10: ='[8]Dia 4 (b)'!$X16 -> 10.186978 | F10: ='[8]Dia 5 (b)'!$X16 -> 11.357984 | G10: ='[8]Dia 6 (b)'!$X16 -> 9.7390376 | H10: ='[8]Dia 7 (b)'!$X16 -> 10.10477 | I10: ='[8]Dia 8 (b)'!$X16 -> 9.0048422 | J10: ='[8]Dia 9 (b)'!$X16 -> 11.742187 | K10: ='[8]Dia 10 (b)'!$X16 -> 7.9227954 | L10: ='[8]Dia 11 (b)'!$X16 -> 6.765013 | M10: ='[8]Dia 12 (b)'!$X16 -> 6.1948012 | N10: ='[8]Dia 13 (b)'!$X16 -> 6.95995 | O10: ='[8]Dia 14 (b)'!$X16 -> 7.0046774 | P10: ='[8]Dia 15 (b)'!$X16 -> 8.5989812 | Q10: ='[8]Dia 16 (b)'!$X16 -> 9.1691733 | R10: ='[8]Dia 17 (b)'!$X16 -> 9.6865159 | S10: ='[8]Dia 18 (b)'!$X16 -> 8.9279836 | T10: ='[8]Dia 19 (b)'!$X16 -> 8.1885311 | U10: ='[8]Dia 20 (b)'!$X16 -> 10.186 | V10: ='[8]Dia 21 (b)'!$X16 -> 10.440032 | W10: ='[8]Dia 22 (b)'!$X16 -> 10.326715 | X10: ='[8]Dia 23 (b)'!$X16 -> 9.005984 | Y10: ='[8]Dia 24 (b)'!$X16 -> 11.763705 | Z10: ='[8]Dia 25 (b)'!$X16 -> 8.5953805 | AA10: ='[8]Dia 26 (b)'!$X16 -> 5.9426094 | AB10: ='[8]Dia 27 (b)'!$X16 -> 5.3010671 | AC10: ='[8]Dia 28 (b)'!$X16 -> 7.5192018 | AD10: ='[8]Dia 29 (b)'!$X16 -> 9.388061 | AE10: ='[8]Dia 30 (b)'!$X16 -> 9.3126781 | AF10: -99
A11: 8 | B11: ='[8]Dia 1 (b)'!$X17 -> 10.558127 | C11: ='[8]Dia 2 (b)'!$X17 -> 10.21248 | D11: ='[8]Dia 3 (b)'!$X17 -> 9.1989668 | E11: ='[8]Dia 4 (b)'!$X17 -> 11.484223 | F11: ='[8]Dia 5 (b)'!$X17 -> 11.897111 | G11: ='[8]Dia 6 (b)'!$X17 -> 10.339846 | H11: ='[8]Dia 7 (b)'!$X17 -> 10.846708 | I11: ='[8]Dia 8 (b)'!$X17 -> 9.5776688 | J11: ='[8]Dia 9 (b)'!$X17 -> 12.552325 | K11: ='[8]Dia 10 (b)'!$X17 -> 7.9139705 | L11: ='[8]Dia 11 (b)'!$X17 -> 7.2103462 | M11: ='[8]Dia 12 (b)'!$X17 -> 6.0331205 | N11: ='[8]Dia 13 (b)'!$X17 -> 6.9537812 | O11: ='[8]Dia 14 (b)'!$X17 -> 7.0826102 | P11: ='[8]Dia 15 (b)'!$X17 -> 9.0233441 | Q11: ='[8]Dia 16 (b)'!$X17 -> 10.714794 | R11: ='[8]Dia 17 (b)'!$X17 -> 10.964805 | S11: ='[8]Dia 18 (b)'!$X17 -> 9.3986337 | T11: ='[8]Dia 19 (b)'!$X17 -> 8.3031417 | U11: ='[8]Dia 20 (b)'!$X17 -> 11.694122 | V11: ='[8]Dia 21 (b)'!$X17 -> 10.089095 | W11: ='[8]Dia 22 (b)'!$X17 -> 10.168608 | X11: ='[8]Dia 23 (b)'!$X17 -> 9.359366 | Y11: ='[8]Dia 24 (b)'!$X17 -> 11.185054 | Z11: ='[8]Dia 25 (b)'!$X17 -> 8.6101529 | AA11: ='[8]Dia 26 (b)'!$X17 -> 6.3265875 | AB11: ='[8]Dia 27 (b)'!$X17 -> 5.5537691 | AC11: ='[8]Dia 28 (b)'!$X17 -> 7.5507517 | AD11: ='[8]Dia 29 (b)'!$X17 -> 9.4922175 | AE11: ='[8]Dia 30 (b)'!$X17 -> 9.6930677 | AF11: -99
A12: 9 | B12: ='[8]Dia 1 (b)'!$X18 -> 10.539181 | C12: ='[8]Dia 2 (b)'!$X18 -> 10.532683 | D12: ='[8]Dia 3 (b)'!$X18 -> 9.1439329 | E12: ='[8]Dia 4 (b)'!$X18 -> 10.92478 | F12: ='[8]Dia 5 (b)'!$X18 -> 11.140349 | G12: ='[8]Dia 6 (b)'!$X18 -> 9.7956582 | H12: ='[8]Dia 7 (b)'!$X18 -> 9.9153604 | I12: ='[8]Dia 8 (b)'!$X18 -> 8.6981896 | J12: ='[8]Dia 9 (b)'!$X18 -> 12.70923 | K12: ='[8]Dia 10 (b)'!$X18 -> 7.720367 | L12: ='[8]Dia 11 (b)'!$X18 -> 7.0350253 | M12: ='[8]Dia 12 (b)'!$X18 -> 5.38893 | N12: ='[8]Dia 13 (b)'!$X18 -> 6.6687427 | O12: ='[8]Dia 14 (b)'!$X18 -> 7.265718 | P12: ='[8]Dia 15 (b)'!$X18 -> 8.9152644 | Q12: ='[8]Dia 16 (b)'!$X18 -> 10.417683 | R12: ='[8]Dia 17 (b)'!$X18 -> 9.9571121 | S12: ='[8]Dia 18 (b)'!$X18 -> 8.0514192 | T12: ='[8]Dia 19 (b)'!$X18 -> 7.9544151 | U12: ='[8]Dia 20 (b)'!$X18 -> 11.541311 | V12: ='[8]Dia 21 (b)'!$X18 -> 10.111424 | W12: ='[8]Dia 22 (b)'!$X18 -> 9.7164317 | X12: ='[8]Dia 23 (b)'!$X18 -> 8.7579114 | Y12: ='[8]Dia 24 (b)'!$X18 -> 11.616418 | Z12: ='[8]Dia 25 (b)'!$X18 -> 8.3613721 | AA12: ='[8]Dia 26 (b)'!$X18 -> 5.8265846 | AB12: ='[8]Dia 27 (b)'!$X18 -> 6.0542506 | AC12: ='[8]Dia 28 (b)'!$X18 -> 7.6703476 | AD12: ='[8]Dia 29 (b)'!$X18 -> 9.6615763 | AE12: ='[8]Dia 30 (b)'!$X18 -> 10.013867 | AF12: ='[8]Dia 31 (b)'!$X18 -> 8.5681324
A13: 10 | B13: ='[8]Dia 1 (b)'!$X19 -> 10.460123 | C13: ='[8]Dia 2 (b)'!$X19 -> 10.294094 | D13: ='[8]Dia 3 (b)'!$X19 -> 9.084519 | E13: ='[8]Dia 4 (b)'!$X19 -> 11.087467 | F13: ='[8]Dia 5 (b)'!$X19 -> 10.341667 | G13: ='[8]Dia 6 (b)'!$X19 -> 9.8196683 | H13: ='[8]Dia 7 (b)'!$X19 -> 8.4031986 | I13: ='[8]Dia 8 (b)'!$X19 -> 8.497032 | J13: ='[8]Dia 9 (b)'!$X19 -> 12.238687 | K13: ='[8]Dia 10 (b)'!$X19 -> 7.7084242 | L13: ='[8]Dia 11 (b)'!$X19 -> 5.597925 | M13: ='[8]Dia 12 (b)'!$X19 -> 4.707591 | N13: ='[8]Dia 13 (b)'!$X19 -> 6.5167083 | O13: ='[8]Dia 14 (b)'!$X19 -> 7.3821001 | P13: ='[8]Dia 15 (b)'!$X19 -> 8.8805774 | Q13: ='[8]Dia 16 (b)'!$X19 -> 10.565449 | R13: ='[8]Dia 17 (b)'!$X19 -> 9.903006 | S13: ='[8]Dia 18 (b)'!$X19 -> 8.2620015 | T13: ='[8]Dia 19 (b)'!$X19 -> 7.7875499 | U13: ='[8]Dia 20 (b)'!$X19 -> 10.245655 | V13: ='[8]Dia 21 (b)'!$X19 -> 9.6435918 | W13: ='[8]Dia 22 (b)'!$X19 -> 9.4114073 | X13: ='[8]Dia 23 (b)'!$X19 -> 8.536388 | Y13: ='[8]Dia 24 (b)'!$X19 -> 11.346604 | Z13: ='[8]Dia 25 (b)'!$X19 -> 8.5874409 | AA13: ='[8]Dia 26 (b)'!$X19 -> 5.8117798 | AB13: ='[8]Dia 27 (b)'!$X19 -> 5.5776659 | AC13: ='[8]Dia 28 (b)'!$X19 -> 7.6746727 | AD13: ='[8]Dia 29 (b)'!$X19 -> 9.6757164 | AE13: ='[8]Dia 30 (b)'!$X19 -> 9.0869556 | AF13: -99
A14: 11 | B14: ='[8]Dia 1 (b)'!$X20 -> 10.613018 | C14: ='[8]Dia 2 (b)'!$X20 -> 9.8611625 | D14: ='[8]Dia 3 (b)'!$X20 -> 8.6035083 | E14: ='[8]Dia 4 (b)'!$X20 -> 10.853084 | F14: ='[8]Dia 5 (b)'!$X20 -> 10.267117 | G14: ='[8]Dia 6 (b)'!$X20 -> 9.5358607 | H14: ='[8]Dia 7 (b)'!$X20 -> 7.8269448 | I14: ='[8]Dia 8 (b)'!$X20 -> 7.9618811 | J14: ='[8]Dia 9 (b)'!$X20 -> 11.17925 | K14: ='[8]Dia 10 (b)'!$X20 -> 7.51741 | L14: ='[8]Dia 11 (b)'!$X20 -> 5.046263 | M14: ='[8]Dia 12 (b)'!$X20 -> 4.9867266 | N14: ='[8]Dia 13 (b)'!$X20 -> 6.072927 | O14: ='[8]Dia 14 (b)'!$X20 -> 7.5120194 | P14: ='[8]Dia 15 (b)'!$X20 -> 8.9873029 | Q14: ='[8]Dia 16 (b)'!$X20 -> 9.4422355 | R14: ='[8]Dia 17 (b)'!$X20 -> 9.2404014 | S14: ='[8]Dia 18 (b)'!$X20 -> 6.9560015 | T14: ='[8]Dia 19 (b)'!$X20 -> 7.5203392 | U14: ='[8]Dia 20 (b)'!$X20 -> 9.7143759 | V14: ='[8]Dia 21 (b)'!$X20 -> 9.9180844 | W14: ='[8]Dia 22 (b)'!$X20 -> 8.6994199 | X14: ='[8]Dia 23 (b)'!$X20 -> 8.4552687 | Y14: ='[8]Dia 24 (b)'!$X20 -> 11.258694 | Z14: ='[8]Dia 25 (b)'!$X20 -> 8.3316032 | AA14: ='[8]Dia 26 (b)'!$X20 -> 5.9945427 | AB14: ='[8]Dia 27 (b)'!$X20 -> 4.1104048 | AC14: ='[8]Dia 28 (b)'!$X20 -> 7.6685693 | AD14: ='[8]Dia 29 (b)'!$X20 -> 9.6362995 | AE14: ='[8]Dia 30 (b)'!$X20 -> 8.3059421 | AF14: -99
A15: 12 | B15: ='[8]Dia 1 (b)'!$X21 -> 10.511908 | C15: ='[8]Dia 2 (b)'!$X21 -> 9.4878572 | D15: ='[8]Dia 3 (b)'!$X21 -> 9.0242453 | E15: ='[8]Dia 4 (b)'!$X21 -> 10.411793 | F15: ='[8]Dia 5 (b)'!$X21 -> 9.3927064 | G15: ='[8]Dia 6 (b)'!$X21 -> 8.9629353 | H15: ='[8]Dia 7 (b)'!$X21 -> 7.9084339 | I15: ='[8]Dia 8 (b)'!$X21 -> 7.9128645 | J15: ='[8]Dia 9 (b)'!$X21 -> 9.8713519 | K15: ='[8]Dia 10 (b)'!$X21 -> 7.3143932 | L15: ='[8]Dia 11 (b)'!$X21 -> 4.2879977 | M15: ='[8]Dia 12 (b)'!$X21 -> 4.7427848 | N15: ='[8]Dia 13 (b)'!$X21 -> 6.1660301 | O15: ='[8]Dia 14 (b)'!$X21 -> 7.5342717 | P15: ='[8]Dia 15 (b)'!$X21 -> 9.1648773 | Q15: ='[8]Dia 16 (b)'!$X21 -> 8.5775469 | R15: ='[8]Dia 17 (b)'!$X21 -> 8.0012072 | S15: ='[8]Dia 18 (b)'!$X21 -> 7.1425105 | T15: ='[8]Dia 19 (b)'!$X21 -> 7.5137383 | U15: ='[8]Dia 20 (b)'!$X21 -> 9.5311289 | V15: ='[8]Dia 21 (b)'!$X21 -> 9.5830145 | W15: ='[8]Dia 22 (b)'!$X21 -> 8.4089889 | X15: ='[8]Dia 23 (b)'!$X21 -> 7.2155325 | Y15: ='[8]Dia 24 (b)'!$X21 -> 11.299231 | Z15: ='[8]Dia 25 (b)'!$X21 -> 8.3375485 | AA15: ='[8]Dia 26 (b)'!$X21 -> 6.313405 | AB15: ='[8]Dia 27 (b)'!$X21 -> 4.7841173 | AC15: ='[8]Dia 28 (b)'!$X21 -> 7.9743694 | AD15: ='[8]Dia 29 (b)'!$X21 -> 9.7181596 | AE15: ='[8]Dia 30 (b)'!$X21 -> 6.1002089 | AF15: -99
A16: 13 | B16: ='[8]Dia 1 (b)'!$X22 -> 10.015301 | C16: ='[8]Dia 2 (b)'!$X22 -> 9.2333733 | D16: ='[8]Dia 3 (b)'!$X22 -> 8.6949268 | E16: ='[8]Dia 4 (b)'!$X22 -> 8.5673923 | F16: ='[8]Dia 5 (b)'!$X22 -> 9.2016649 | G16: ='[8]Dia 6 (b)'!$X22 -> 8.8113621 | H16: ='[8]Dia 7 (b)'!$X22 -> 7.0259099 | I16: ='[8]Dia 8 (b)'!$X22 -> 7.8350767 | J16: ='[8]Dia 9 (b)'!$X22 -> 10.181014 | K16: ='[8]Dia 10 (b)'!$X22 -> 7.4145523 | L16: ='[8]Dia 11 (b)'!$X22 -> 4.7386498 | M16: ='[8]Dia 12 (b)'!$X22 -> 4.4466668 | N16: ='[8]Dia 13 (b)'!$X22 -> 6.0593623 | O16: ='[8]Dia 14 (b)'!$X22 -> 7.1627705 | P16: ='[8]Dia 15 (b)'!$X22 -> 9.0487031 | Q16: ='[8]Dia 16 (b)'!$X22 -> 8.1340016 | R16: ='[8]Dia 17 (b)'!$X22 -> 7.2287742 | S16: ='[8]Dia 18 (b)'!$X22 -> 5.9539984 | T16: ='[8]Dia 19 (b)'!$X22 -> 5.1114202 | U16: ='[8]Dia 20 (b)'!$X22 -> 8.5588522 | V16: ='[8]Dia 21 (b)'!$X22 -> 8.4819081 | W16: ='[8]Dia 22 (b)'!$X22 -> 7.300901 | X16: ='[8]Dia 23 (b)'!$X22 -> 6.0772393 | Y16: ='[8]Dia 24 (b)'!$X22 -> 11.028807 | Z16: ='[8]Dia 25 (b)'!$X22 -> 8.1913442 | AA16: ='[8]Dia 26 (b)'!$X22 -> 6.1694606 | AB16: ='[8]Dia 27 (b)'!$X22 -> 4.8676679 | AC16: ='[8]Dia 28 (b)'!$X22 -> 7.9635779 | AD16: ='[8]Dia 29 (b)'!$X22 -> 9.4555351 | AE16: ='[8]Dia 30 (b)'!$X22 -> 6.0926799 | AF16: ='[8]Dia 31 (b)'!$X22 -> 10.549059
A17: 14 | B17: ='[8]Dia 1 (b)'!$X23 -> 9.3484533 | C17: ='[8]Dia 2 (b)'!$X23 -> 7.6784689 | D17: ='[8]Dia 3 (b)'!$X23 -> 8.1279169 | E17: ='[8]Dia 4 (b)'!$X23 -> 7.9590684 | F17: ='[8]Dia 5 (b)'!$X23 -> 8.5009731 | G17: ='[8]Dia 6 (b)'!$X23 -> 8.0746681 | H17: ='[8]Dia 7 (b)'!$X23 -> 7.3061379 | I17: ='[8]Dia 8 (b)'!$X23 -> 7.5161214 | J17: ='[8]Dia 9 (b)'!$X23 -> 10.369993 | K17: ='[8]Dia 10 (b)'!$X23 -> 7.3080699 | L17: ='[8]Dia 11 (b)'!$X23 -> 4.924148 | M17: ='[8]Dia 12 (b)'!$X23 -> 4.8012146 | N17: ='[8]Dia 13 (b)'!$X23 -> 6.4890239 | O17: ='[8]Dia 14 (b)'!$X23 -> 7.0939363 | P17: ='[8]Dia 15 (b)'!$X23 -> 7.7352198 | Q17: ='[8]Dia 16 (b)'!$X23 -> 7.1910515 | R17: ='[8]Dia 17 (b)'!$X23 -> 6.6266503 | S17: ='[8]Dia 18 (b)'!$X23 -> 6.4959719 | T17: ='[8]Dia 19 (b)'!$X23 -> 4.5458006 | U17: ='[8]Dia 20 (b)'!$X23 -> 7.5192617 | V17: ='[8]Dia 21 (b)'!$X23 -> 8.6497491 | W17: ='[8]Dia 22 (b)'!$X23 -> 7.1889022 | X17: ='[8]Dia 23 (b)'!$X23 -> 5.9628823 | Y17: ='[8]Dia 24 (b)'!$X23 -> 11.23126 | Z17: ='[8]Dia 25 (b)'!$X23 -> 8.1484095 | AA17: ='[8]Dia 26 (b)'!$X23 -> 5.9959217 | AB17: ='[8]Dia 27 (b)'!$X23 -> 5.5634131 | AC17: ='[8]Dia 28 (b)'!$X23 -> 8.5504742 | AD17: ='[8]Dia 29 (b)'!$X23 -> 8.6402091 | AE17: ='[8]Dia 30 (b)'!$X23 -> 6.5081666 | AF17: ='[8]Dia 31 (b)'!$X23 -> 9.6734149
A18: 15 | B18: ='[8]Dia 1 (b)'!$X24 -> 12.527929 | C18: ='[8]Dia 2 (b)'!$X24 -> 7.629692 | D18: ='[8]Dia 3 (b)'!$X24 -> 8.0556217 | E18: ='[8]Dia 4 (b)'!$X24 -> 8.1693414 | F18: ='[8]Dia 5 (b)'!$X24 -> 7.3961896 | G18: ='[8]Dia 6 (b)'!$X24 -> 7.9619055 | H18: ='[8]Dia 7 (b)'!$X24 -> 7.4335429 | I18: ='[8]Dia 8 (b)'!$X24 -> 7.5567692 | J18: ='[8]Dia 9 (b)'!$X24 -> 10.794707 | K18: ='[8]Dia 10 (b)'!$X24 -> 6.9123639 | L18: ='[8]Dia 11 (b)'!$X24 -> 4.3668642 | M18: ='[8]Dia 12 (b)'!$X24 -> 4.7529621 | N18: ='[8]Dia 13 (b)'!$X24 -> 6.2515812 | O18: ='[8]Dia 14 (b)'!$X24 -> 6.5083214 | P18: ='[8]Dia 15 (b)'!$X24 -> 7.5309319 | Q18: ='[8]Dia 16 (b)'!$X24 -> 7.2850559 | R18: ='[8]Dia 17 (b)'!$X24 -> 5.4213973 | S18: ='[8]Dia 18 (b)'!$X24 -> 5.7452629 | T18: ='[8]Dia 19 (b)'!$X24 -> 5.6484236 | U18: ='[8]Dia 20 (b)'!$X24 -> 10.618369 | V18: ='[8]Dia 21 (b)'!$X24 -> 8.5782898 | W18: ='[8]Dia 22 (b)'!$X24 -> 6.9865139 | X18: ='[8]Dia 23 (b)'!$X24 -> 6.0539749 | Y18: ='[8]Dia 24 (b)'!$X24 -> 10.807961 | Z18: ='[8]Dia 25 (b)'!$X24 -> 8.2579927 | AA18: ='[8]Dia 26 (b)'!$X24 -> 6.10781 | AB18: ='[8]Dia 27 (b)'!$X24 -> 5.8940763 | AC18: ='[8]Dia 28 (b)'!$X24 -> 8.7737949 | AD18: ='[8]Dia 29 (b)'!$X24 -> 7.994206 | AE18: ='[8]Dia 30 (b)'!$X24 -> 6.4222823 | AF18: ='[8]Dia 31 (b)'!$X24 -> 8.1851884
A19: 16
A20: 17
A21: 18
A22: 19
A23: 20
A24: 21
A25: 22
A26: 23
A27: 24
B28: NÃO ESTÃO SENDO MAIS INTERPOLADOS AS OBSERVAÇÕES ENTRE AS 16H E 6H.
AC29: Perda de Observação -99
A30: MÉDIA
A31: DIÁRIA
A34: MÁXIMA
A35: DIÁRIA
A38: MÍNIMA
A39: DIÁRIA
A42: AMPLITUDE
A43: DIÁRIA
H46: MÉDIA | K46: MÁXIMA | N46: MÍNIMA | Q46: AMPLITUDE | T46: MÉDIA | V46: MÉDIA | X46: DIF. DAS
H47: MENSAL | K47: MENSAL | N47: MENSAL | Q47: MENSAL | T47: DAS MÁX. | V47: DAS MÍN. | X47: MÉDIAS

Sheet Set
B1: ='[9]Dia 1 (b)'!C1 -> SETEMBRO DE 2024 | K1: Umid. Específica (g.kg-1)
A3: H/D | B3: 1 | C3: 2 | D3: 3 | E3: 4 | F3: 5 | G3: 6 | H3: 7 | I3: 8 | J3: 9 | K3: 10 | L3: 11 | M3: 12 | N3: 13 | O3: 14 | P3: 15 | Q3: 16 | R3: 17 | S3: 18 | T3: 19 | U3: 20 | V3: 21 | W3: 22 | X3: 23 | Y3: 24 | Z3: 25 | AA3: 26 | AB3: 27 | AC3: 28 | AD3: 29 | AE3: 30
A4: 1
A5: 2
A6: 3
A7: 4
A8: 5
A9: 6
A10: 7 | B10: ='[9]Dia 1 (b)'!$X16 -> 10.305801 | C10: ='[9]Dia 2 (b)'!$X16 -> 11.606085 | D10: ='[9]Dia 3 (b)'!$X16 -> 11.182916 | E10: ='[9]Dia 4 (b)'!$X16 -> 12.057948 | F10: ='[9]Dia 5 (b)'!$X16 -> 10.78682 | G10: ='[9]Dia 6 (b)'!$X16 -> 10.508816 | H10: ='[9]Dia 7 (b)'!$X16 -> 12.329777 | I10: ='[9]Dia 8 (b)'!$X16 -> 13.713605 | J10: ='[9]Dia 9 (b)'!$X16 -> 12.390561 | K10: ='[9]Dia 10 (b)'!$X16 -> 10.521502 | L10: ='[9]Dia 11 (b)'!$X16 -> 10.588481 | M10: ='[9]Dia 12 (b)'!$X16 -> 9.5353015 | N10: ='[9]Dia 13 (b)'!$X16 -> 9.2141488 | O10: ='[9]Dia 14 (b)'!$X16 -> 9.3624861 | P10: ='[9]Dia 15 (b)'!$X16 -> 11.934777 | Q10: ='[9]Dia 16 (b)'!$X16 -> 11.356156 | R10: ='[9]Dia 17 (b)'!$X16 -> 10.384455 | S10: ='[9]Dia 18 (b)'!$X16 -> 9.7641387 | T10: ='[9]Dia 19 (b)'!$X16 -> 11.156299 | U10: ='[9]Dia 20 (b)'!$X16 -> 12.461319 | V10: ='[9]Dia 21 (b)'!$X16 -> 12.723499 | W10: ='[9]Dia 22 (b)'!$X16 -> 13.168148 | X10: ='[9]Dia 23 (b)'!$X16 -> 13.37888 | Y10: ='[9]Dia 24 (b)'!$X16 -> 13.020117 | Z10: ='[9]Dia 25 (b)'!$X16 -> 13.256036 | AA10: ='[9]Dia 26 (b)'!$X16 -> 11.558614 | AB10: ='[9]Dia 27 (b)'!$X16 -> 13.119464 | AC10: ='[9]Dia 28 (b)'!$X16 -> 10.0951 | AD10: ='[9]Dia 29 (b)'!$X16 -> 10.644453 | AE10: ='[9]Dia 30 (b)'!$X16 -> 12.151874
A11: 8 | B11: ='[9]Dia 1 (b)'!$X17 -> 10.406039 | C11: ='[9]Dia 2 (b)'!$X17 -> 11.37041 | D11: ='[9]Dia 3 (b)'!$X17 -> 11.665367 | E11: ='[9]Dia 4 (b)'!$X17 -> 12.291539 | F11: ='[9]Dia 5 (b)'!$X17 -> 10.874789 | G11: ='[9]Dia 6 (b)'!$X17 -> 10.450374 | H11: ='[9]Dia 7 (b)'!$X17 -> 12.685347 | I11: ='[9]Dia 8 (b)'!$X17 -> 14.146429 | J11: ='[9]Dia 9 (b)'!$X17 -> 13.19883 | K11: ='[9]Dia 10 (b)'!$X17 -> 12.413941 | L11: ='[9]Dia 11 (b)'!$X17 -> 9.9989423 | M11: ='[9]Dia 12 (b)'!$X17 -> 8.8935383 | N11: ='[9]Dia 13 (b)'!$X17 -> 7.6594451 | O11: ='[9]Dia 14 (b)'!$X17 -> 9.3194112 | P11: ='[9]Dia 15 (b)'!$X17 -> 11.921441 | Q11: ='[9]Dia 16 (b)'!$X17 -> 10.83217 | R11: ='[9]Dia 17 (b)'!$X17 -> 10.378017 | S11: ='[9]Dia 18 (b)'!$X17 -> 9.7896872 | T11: ='[9]Dia 19 (b)'!$X17 -> 11.28468 | U11: ='[9]Dia 20 (b)'!$X17 -> 12.800752 | V11: ='[9]Dia 21 (b)'!$X17 -> 12.77205 | W11: ='[9]Dia 22 (b)'!$X17 -> 12.900879 | X11: ='[9]Dia 23 (b)'!$X17 -> 14.031055 | Y11: ='[9]Dia 24 (b)'!$X17 -> 13.592131 | Z11: ='[9]Dia 25 (b)'!$X17 -> 12.96545 | AA11: ='[9]Dia 26 (b)'!$X17 -> 11.24747 | AB11: ='[9]Dia 27 (b)'!$X17 -> 12.862444 | AC11: ='[9]Dia 28 (b)'!$X17 -> 9.6793196 | AD11: ='[9]Dia 29 (b)'!$X17 -> 11.019487 | AE11: ='[9]Dia 30 (b)'!$X17 -> 12.408047
A12: 9 | B12: ='[9]Dia 1 (b)'!$X18 -> 9.7099782 | C12: ='[9]Dia 2 (b)'!$X18 -> 12.7623 | D12: ='[9]Dia 3 (b)'!$X18 -> 11.421698 | E12: ='[9]Dia 4 (b)'!$X18 -> 11.419714 | F12: ='[9]Dia 5 (b)'!$X18 -> 11.352598 | G12: ='[9]Dia 6 (b)'!$X18 -> 10.784384 | H12: ='[9]Dia 7 (b)'!$X18 -> 12.816763 | I12: ='[9]Dia 8 (b)'!$X18 -> 13.540426 | J12: ='[9]Dia 9 (b)'!$X18 -> 12.764538 | K12: ='[9]Dia 10 (b)'!$X18 -> 8.608911 | L12: ='[9]Dia 11 (b)'!$X18 -> 8.63154 | M12: ='[9]Dia 12 (b)'!$X18 -> 7.5939264 | N12: ='[9]Dia 13 (b)'!$X18 -> 7.6394597 | O12: ='[9]Dia 14 (b)'!$X18 -> 11.691841 | P12: ='[9]Dia 15 (b)'!$X18 -> 11.718886 | Q12: ='[9]Dia 16 (b)'!$X18 -> 10.770523 | R12: ='[9]Dia 17 (b)'!$X18 -> 10.068845 | S12: ='[9]Dia 18 (b)'!$X18 -> 10.015415 | T12: ='[9]Dia 19 (b)'!$X18 -> 11.373713 | U12: ='[9]Dia 20 (b)'!$X18 -> 12.706432 | V12: ='[9]Dia 21 (b)'!$X18 -> 12.340186 | W12: ='[9]Dia 22 (b)'!$X18 -> 12.986633 | X12: ='[9]Dia 23 (b)'!$X18 -> 13.726001 | Y12: ='[9]Dia 24 (b)'!$X18 -> 13.209765 | Z12: ='[9]Dia 25 (b)'!$X18 -> 12.788554 | AA12: ='[9]Dia 26 (b)'!$X18 -> 10.364497 | AB12: ='[9]Dia 27 (b)'!$X18 -> 13.978338 | AC12: ='[9]Dia 28 (b)'!$X18 -> 9.6224409 | AD12: ='[9]Dia 29 (b)'!$X18 -> 10.856433 | AE12: ='[9]Dia 30 (b)'!$X18 -> 12.517717
A13: 10 | B13: ='[9]Dia 1 (b)'!$X19 -> 9.0607454 | C13: ='[9]Dia 2 (b)'!$X19 -> 11.921792 | D13: ='[9]Dia 3 (b)'!$X19 -> 11.749434 | E13: ='[9]Dia 4 (b)'!$X19 -> 9.6898172 | F13: ='[9]Dia 5 (b)'!$X19 -> 11.044044 | G13: ='[9]Dia 6 (b)'!$X19 -> 10.73342 | H13: ='[9]Dia 7 (b)'!$X19 -> 12.86167 | I13: ='[9]Dia 8 (b)'!$X19 -> 12.968589 | J13: ='[9]Dia 9 (b)'!$X19 -> 10.949317 | K13: ='[9]Dia 10 (b)'!$X19 -> 8.1182486 | L13: ='[9]Dia 11 (b)'!$X19 -> 7.8212531 | M13: ='[9]Dia 12 (b)'!$X19 -> 6.7281015 | N13: ='[9]Dia 13 (b)'!$X19 -> 7.1615131 | O13: ='[9]Dia 14 (b)'!$X19 -> 11.670142 | P13: ='[9]Dia 15 (b)'!$X19 -> 11.826184 | Q13: ='[9]Dia 16 (b)'!$X19 -> 11.444855 | R13: ='[9]Dia 17 (b)'!$X19 -> 9.9108071 | S13: ='[9]Dia 18 (b)'!$X19 -> 10.033908 | T13: ='[9]Dia 19 (b)'!$X19 -> 11.866301 | U13: ='[9]Dia 20 (b)'!$X19 -> 12.851908 | V13: ='[9]Dia 21 (b)'!$X19 -> 11.912021 | W13: ='[9]Dia 22 (b)'!$X19 -> 12.81187 | X13: ='[9]Dia 23 (b)'!$X19 -> 12.456384 | Y13: ='[9]Dia 24 (b)'!$X19 -> 12.677439 | Z13: ='[9]Dia 25 (b)'!$X19 -> 12.147631 | AA13: ='[9]Dia 26 (b)'!$X19 -> 9.3271778 | AB13: ='[9]Dia 27 (b)'!$X19 -> 14.672598 | AC13: ='[9]Dia 28 (b)'!$X19 -> 9.4413328 | AD13: ='[9]Dia 29 (b)'!$X19 -> 11.501759 | AE13: ='[9]Dia 30 (b)'!$X19 -> 12.269118
A14: 11 | B14: ='[9]Dia 1 (b)'!$X20 -> 8.3475018 | C14: ='[9]Dia 2 (b)'!$X20 -> 11.888385 | D14: ='[9]Dia 3 (b)'!$X20 -> 11.310056 | E14: ='[9]Dia 4 (b)'!$X20 -> 8.5608757 | F14: ='[9]Dia 5 (b)'!$X20 -> 10.911996 | G14: ='[9]Dia 6 (b)'!$X20 -> 11.132792 | H14: ='[9]Dia 7 (b)'!$X20 -> 13.090223 | I14: ='[9]Dia 8 (b)'!$X20 -> 11.833526 | J14: ='[9]Dia 9 (b)'!$X20 -> 9.8574871 | K14: ='[9]Dia 10 (b)'!$X20 -> 7.3308573 | L14: ='[9]Dia 11 (b)'!$X20 -> 7.4023061 | M14: ='[9]Dia 12 (b)'!$X20 -> 6.3087169 | N14: ='[9]Dia 13 (b)'!$X20 -> 7.2925637 | O14: ='[9]Dia 14 (b)'!$X20 -> 10.614034 | P14: ='[9]Dia 15 (b)'!$X20 -> 12.080166 | Q14: ='[9]Dia 16 (b)'!$X20 -> 11.484941 | R14: ='[9]Dia 17 (b)'!$X20 -> 9.6516309 | S14: ='[9]Dia 18 (b)'!$X20 -> 10.761065 | T14: ='[9]Dia 19 (b)'!$X20 -> 11.572359 | U14: ='[9]Dia 20 (b)'!$X20 -> 11.645842 | V14: ='[9]Dia 21 (b)'!$X20 -> 11.515701 | W14: ='[9]Dia 22 (b)'!$X20 -> 12.748904 | X14: ='[9]Dia 23 (b)'!$X20 -> 9.1586891 | Y14: ='[9]Dia 24 (b)'!$X20 -> 11.564162 | Z14: ='[9]Dia 25 (b)'!$X20 -> 11.324742 | AA14: ='[9]Dia 26 (b)'!$X20 -> 8.9193134 | AB14: ='[9]Dia 27 (b)'!$X20 -> 14.099803 | AC14: ='[9]Dia 28 (b)'!$X20 -> 9.3411338 | AD14: ='[9]Dia 29 (b)'!$X20 -> 11.482011 | AE14: ='[9]Dia 30 (b)'!$X20 -> 12.362388
A15: 12 | B15: ='[9]Dia 1 (b)'!$X21 -> 6.1205422 | C15: ='[9]Dia 2 (b)'!$X21 -> 11.694335 | D15: ='[9]Dia 3 (b)'!$X21 -> 11.199124 | E15: ='[9]Dia 4 (b)'!$X21 -> 6.4709482 | F15: ='[9]Dia 5 (b)'!$X21 -> 11.057215 | G15: ='[9]Dia 6 (b)'!$X21 -> 11.403988 | H15: ='[9]Dia 7 (b)'!$X21 -> 12.191392 | I15: ='[9]Dia 8 (b)'!$X21 -> 9.2901467 | J15: ='[9]Dia 9 (b)'!$X21 -> 8.1037921 | K15: ='[9]Dia 10 (b)'!$X21 -> 7.3706196 | L15: ='[9]Dia 11 (b)'!$X21 -> 6.9948941 | M15: ='[9]Dia 12 (b)'!$X21 -> 5.9449667 | N15: ='[9]Dia 13 (b)'!$X21 -> 7.0890823 | O15: ='[9]Dia 14 (b)'!$X21 -> 10.379914 | P15: ='[9]Dia 15 (b)'!$X21 -> 12.301941 | Q15: ='[9]Dia 16 (b)'!$X21 -> 11.369297 | R15: ='[9]Dia 17 (b)'!$X21 -> 9.7334856 | S15: ='[9]Dia 18 (b)'!$X21 -> 10.475411 | T15: ='[9]Dia 19 (b)'!$X21 -> 11.648518 | U15: ='[9]Dia 20 (b)'!$X21 -> 10.987922 | V15: ='[9]Dia 21 (b)'!$X21 -> 11.110723 | W15: ='[9]Dia 22 (b)'!$X21 -> 10.973115 | X15: ='[9]Dia 23 (b)'!$X21 -> 8.7463911 | Y15: ='[9]Dia 24 (b)'!$X21 -> 11.101535 | Z15: ='[9]Dia 25 (b)'!$X21 -> 10.079124 | AA15: ='[9]Dia 26 (b)'!$X21 -> 9.0628964 | AB15: ='[9]Dia 27 (b)'!$X21 -> 12.73401 | AC15: ='[9]Dia 28 (b)'!$X21 -> 10.040883 | AD15: ='[9]Dia 29 (b)'!$X21 -> 10.660068 | AE15: ='[9]Dia 30 (b)'!$X21 -> 11.639826
A16: 13 | B16: ='[9]Dia 1 (b)'!$X22 -> 5.4870932 | C16: ='[9]Dia 2 (b)'!$X22 -> 12.097887 | D16: ='[9]Dia 3 (b)'!$X22 -> 9.5923935 | E16: ='[9]Dia 4 (b)'!$X22 -> 6.8714734 | F16: ='[9]Dia 5 (b)'!$X22 -> 10.783821 | G16: ='[9]Dia 6 (b)'!$X22 -> 11.369354 | H16: ='[9]Dia 7 (b)'!$X22 -> 12.222965 | I16: ='[9]Dia 8 (b)'!$X22 -> 9.2469341 | J16: ='[9]Dia 9 (b)'!$X22 -> 7.7519941 | K16: ='[9]Dia 10 (b)'!$X22 -> 7.3007802 | L16: ='[9]Dia 11 (b)'!$X22 -> 7.0072909 | M16: ='[9]Dia 12 (b)'!$X22 -> 5.9903801 | N16: ='[9]Dia 13 (b)'!$X22 -> 7.2255593 | O16: ='[9]Dia 14 (b)'!$X22 -> 9.8451387 | P16: ='[9]Dia 15 (b)'!$X22 -> 12.061511 | Q16: ='[9]Dia 16 (b)'!$X22 -> 11.44803 | R16: ='[9]Dia 17 (b)'!$X22 -> 9.7568358 | S16: ='[9]Dia 18 (b)'!$X22 -> 10.307667 | T16: ='[9]Dia 19 (b)'!$X22 -> 13.263426 | U16: ='[9]Dia 20 (b)'!$X22 -> 10.959371 | V16: ='[9]Dia 21 (b)'!$X22 -> 10.847885 | W16: ='[9]Dia 22 (b)'!$X22 -> 10.719545 | X16: ='[9]Dia 23 (b)'!$X22 -> 8.0418263 | Y16: ='[9]Dia 24 (b)'!$X22 -> 10.331463 | Z16: ='[9]Dia 25 (b)'!$X22 -> 9.3675925 | AA16: ='[9]Dia 26 (b)'!$X22 -> 8.7401541 | AB16: ='[9]Dia 27 (b)'!$X22 -> 12.811636 | AC16: ='[9]Dia 28 (b)'!$X22 -> 10.614663 | AD16: ='[9]Dia 29 (b)'!$X22 -> 11.106471 | AE16: ='[9]Dia 30 (b)'!$X22 -> 11.078081
A17: 14 | B17: ='[9]Dia 1 (b)'!$X23 -> 5.1618689 | C17: ='[9]Dia 2 (b)'!$X23 -> 11.760325 | D17: ='[9]Dia 3 (b)'!$X23 -> 8.0669076 | E17: ='[9]Dia 4 (b)'!$X23 -> 5.0863057 | F17: ='[9]Dia 5 (b)'!$X23 -> 10.473956 | G17: ='[9]Dia 6 (b)'!$X23 -> 11.546171 | H17: ='[9]Dia 7 (b)'!$X23 -> 10.585727 | I17: ='[9]Dia 8 (b)'!$X23 -> 8.308051 | J17: ='[9]Dia 9 (b)'!$X23 -> 6.4119792 | K17: ='[9]Dia 10 (b)'!$X23 -> 7.2789145 | L17: ='[9]Dia 11 (b)'!$X23 -> 6.2760869 | M17: ='[9]Dia 12 (b)'!$X23 -> 6.1952282 | N17: ='[9]Dia 13 (b)'!$X23 -> 6.409585 | O17: ='[9]Dia 14 (b)'!$X23 -> 8.5915904 | P17: ='[9]Dia 15 (b)'!$X23 -> 11.784343 | Q17: ='[9]Dia 16 (b)'!$X23 -> 11.227549 | R17: ='[9]Dia 17 (b)'!$X23 -> 9.4872383 | S17: ='[9]Dia 18 (b)'!$X23 -> 10.571182 | T17: ='[9]Dia 19 (b)'!$X23 -> 15.065884 | U17: ='[9]Dia 20 (b)'!$X23 -> 11.122216 | V17: ='[9]Dia 21 (b)'!$X23 -> 13.252571 | W17: ='[9]Dia 22 (b)'!$X23 -> 10.280711 | X17: ='[9]Dia 23 (b)'!$X23 -> 8.3663889 | Y17: ='[9]Dia 24 (b)'!$X23 -> 8.4276717 | Z17: ='[9]Dia 25 (b)'!$X23 -> 7.4566584 | AA17: ='[9]Dia 26 (b)'!$X23 -> 8.3827909 | AB17: ='[9]Dia 27 (b)'!$X23 -> 14.035695 | AC17: ='[9]Dia 28 (b)'!$X23 -> 10.731301 | AD17: ='[9]Dia 29 (b)'!$X23 -> 12.736939 | AE17: ='[9]Dia 30 (b)'!$X23 -> 13.066612
A18: 15 | B18: ='[9]Dia 1 (b)'!$X24 -> 5.4040483 | C18: ='[9]Dia 2 (b)'!$X24 -> 11.303159 | D18: ='[9]Dia 3 (b)'!$X24 -> 7.7760839 | E18: ='[9]Dia 4 (b)'!$X24 -> 5.0506802 | F18: ='[9]Dia 5 (b)'!$X24 -> 9.8423771 | G18: ='[9]Dia 6 (b)'!$X24 -> 11.483202 | H18: ='[9]Dia 7 (b)'!$X24 -> 9.1275943 | I18: ='[9]Dia 8 (b)'!$X24 -> 8.2269685 | J18: ='[9]Dia 9 (b)'!$X24 -> 8.7855001 | K18: ='[9]Dia 10 (b)'!$X24 -> 6.0434719 | L18: ='[9]Dia 11 (b)'!$X24 -> 7.0304844 | M18: ='[9]Dia 12 (b)'!$X24 -> 5.8733002 | N18: ='[9]Dia 13 (b)'!$X24 -> 7.0404875 | O18: ='[9]Dia 14 (b)'!$X24 -> 11.481693 | P18: ='[9]Dia 15 (b)'!$X24 -> 11.997656 | Q18: ='[9]Dia 16 (b)'!$X24 -> 11.014276 | R18: ='[9]Dia 17 (b)'!$X24 -> 9.9735085 | S18: ='[9]Dia 18 (b)'!$X24 -> 10.92496 | T18: ='[9]Dia 19 (b)'!$X24 -> 13.578746 | U18: ='[9]Dia 20 (b)'!$X24 -> 10.899832 | V18: ='[9]Dia 21 (b)'!$X24 -> 13.429976 | W18: ='[9]Dia 22 (b)'!$X24 -> 9.734473 | X18: ='[9]Dia 23 (b)'!$X24 -> 10.750639 | Y18: ='[9]Dia 24 (b)'!$X24 -> 14.293711 | Z18: ='[9]Dia 25 (b)'!$X24 -> 6.9982617 | AA18: ='[9]Dia 26 (b)'!$X24 -> 7.697106 | AB18: ='[9]Dia 27 (b)'!$X24 -> 14.832912 | AC18: ='[9]Dia 28 (b)'!$X24 -> 10.932595 | AD18: ='[9]Dia 29 (b)'!$X24 -> 12.152648 | AE18: ='[9]Dia 30 (b)'!$X24 -> 14.189725
A19: 16
A20: 17
A21: 18
A22: 19
A23: 20
A24: 21
A25: 22
A26: 23
A27: 24
B28: NÃO ESTÃO SENDO MAIS INTERPOLADOS AS OBSERVAÇÕES ENTRE AS 16H E 6H.
A30: MÉDIA
A31: DIÁRIA
A34: MÁXIMA
A35: DIÁRIA
A38: MÍNIMA
A39: DIÁRIA
A42: AMPLITUDE
A43: DIÁRIA
H46: MÉDIA | K46: MÁXIMA | N46: MÍNIMA | Q46: AMPLITUDE | T46: MÉDIA | V46: MÉDIA | X46: DIF. DAS
H47: MENSAL | K47: MENSAL | N47: MENSAL | Q47: MENSAL | T47: DAS MÁX. | V47: DAS MÍN. | X47: MÉDIAS

Sheet Out
B1: ='[10]Dia 1 (b)'!C1 -> OUTUBRO DE 2024 | K1: Umid. Específica (g.kg-1)
A3: H/D | B3: 1 | C3: 2 | D3: 3 | E3: 4 | F3: 5 | G3: 6 | H3: 7 | I3: 8 | J3: 9 | K3: 10 | L3: 11 | M3: 12 | N3: 13 | O3: 14 | P3: 15 | Q3: 16 | R3: 17 | S3: 18 | T3: 19 | U3: 20 | V3: 21 | W3: 22 | X3: 23 | Y3: 24 | Z3: 25 | AA3: 26 | AB3: 27 | AC3: 28 | AD3: 29 | AE3: 30 | AF3: 31
A4: 1
A5: 2
A6: 3
A7: 4
A8: 5
A9: 6
A10: 7 | B10: ='[10]Dia 1 (b)'!$X16 -> 11.697485 | C10: ='[10]Dia 2 (b)'!$X16 -> 12.810721 | D10: ='[10]Dia 3 (b)'!$X16 -> 12.853628 | E10: ='[10]Dia 4 (b)'!$X16 -> 11.085065 | F10: ='[10]Dia 5 (b)'!$X16 -> 11.097879 | G10: ='[10]Dia 6 (b)'!$X16 -> 10.525131 | H10: ='[10]Dia 7 (b)'!$X16 -> 10.096878 | I10: ='[10]Dia 8 (b)'!$X16 -> 11.219762 | J10: ='[10]Dia 9 (b)'!$X16 -> 11.892185 | K10: ='[10]Dia 10 (b)'!$X16 -> 13.107691 | L10: ='[10]Dia 11 (b)'!$X16 -> 14.101463 | M10: ='[10]Dia 12 (b)'!$X16 -> 14.335902 | N10: ='[10]Dia 13 (b)'!$X16 -> 11.405165 | O10: ='[10]Dia 14 (b)'!$X16 -> 12.134532 | P10: ='[10]Dia 15 (b)'!$X16 -> 10.803968 | Q10: ='[10]Dia 16 (b)'!$X16 -> 12.333247 | R10: ='[10]Dia 17 (b)'!$X16 -> 11.625348 | S10: ='[10]Dia 18 (b)'!$X16 -> 11.708375 | T10: ='[10]Dia 19 (b)'!$X16 -> 12.22115 | U10: ='[10]Dia 20 (b)'!$X16 -> 11.76278 | V10: ='[10]Dia 21 (b)'!$X16 -> 12.709247 | W10: ='[10]Dia 22 (b)'!$X16 -> 15.177032 | X10: ='[10]Dia 23 (b)'!$X16 -> 16.566252 | Y10: ='[10]Dia 24 (b)'!$X16 -> 15.741079 | Z10: ='[10]Dia 25 (b)'!$X16 -> 14.800024 | AA10: ='[10]Dia 26 (b)'!$X16 -> 15.916395 | AB10: ='[10]Dia 27 (b)'!$X16 -> 10.951182 | AC10: ='[10]Dia 28 (b)'!$X16 -> 11.992333 | AD10: ='[10]Dia 29 (b)'!$X16 -> 13.04801 | AE10: ='[10]Dia 30 (b)'!$X16 -> 12.515057 | AF10: ='[10]Dia 31 (b)'!$X16 -> 10.343648
A11: 8 | B11: ='[10]Dia 1 (b)'!$X17 -> 11.236635 | C11: ='[10]Dia 2 (b)'!$X17 -> 10.992119 | D11: ='[10]Dia 3 (b)'!$X17 -> 13.151398 | E11: ='[10]Dia 4 (b)'!$X17 -> 10.842822 | F11: ='[10]Dia 5 (b)'!$X17 -> 10.676971 | G11: ='[10]Dia 6 (b)'!$X17 -> 10.408003 | H11: ='[10]Dia 7 (b)'!$X17 -> 10.010886 | I11: ='[10]Dia 8 (b)'!$X17 -> 10.983307 | J11: ='[10]Dia 9 (b)'!$X17 -> 11.810623 | K11: ='[10]Dia 10 (b)'!$X17 -> 13.065782 | L11: ='[10]Dia 11 (b)'!$X17 -> 14.991613 | M11: ='[10]Dia 12 (b)'!$X17 -> 13.585401 | N11: ='[10]Dia 13 (b)'!$X17 -> 11.976025 | O11: ='[10]Dia 14 (b)'!$X17 -> 12.16359 | P11: ='[10]Dia 15 (b)'!$X17 -> 11.165369 | Q11: ='[10]Dia 16 (b)'!$X17 -> 12.584562 | R11: ='[10]Dia 17 (b)'!$X17 -> 11.685047 | S11: ='[10]Dia 18 (b)'!$X17 -> 11.783645 | T11: ='[10]Dia 19 (b)'!$X17 -> 12.497432 | U11: ='[10]Dia 20 (b)'!$X17 -> 11.944194 | V11: ='[10]Dia 21 (b)'!$X17 -> 12.58265 | W11: ='[10]Dia 22 (b)'!$X17 -> 15.077138 | X11: ='[10]Dia 23 (b)'!$X17 -> 16.055135 | Y11: ='[10]Dia 24 (b)'!$X17 -> 14.83084 | Z11: ='[10]Dia 25 (b)'!$X17 -> 14.497152 | AA11: ='[10]Dia 26 (b)'!$X17 -> 16.218027 | AB11: ='[10]Dia 27 (b)'!$X17 -> 11.551606 | AC11: ='[10]Dia 28 (b)'!$X17 -> 12.136954 | AD11: ='[10]Dia 29 (b)'!$X17 -> 13.130432 | AE11: ='[10]Dia 30 (b)'!$X17 -> 12.554683 | AF11: ='[10]Dia 31 (b)'!$X17 -> 10.837356
A12: 9 | B12: ='[10]Dia 1 (b)'!$X18 -> 11.227745 | C12: ='[10]Dia 2 (b)'!$X18 -> 9.803782 | D12: ='[10]Dia 3 (b)'!$X18 -> 13.697953 | E12: ='[10]Dia 4 (b)'!$X18 -> 10.680593 | F12: ='[10]Dia 5 (b)'!$X18 -> 10.355847 | G12: ='[10]Dia 6 (b)'!$X18 -> 10.59503 | H12: ='[10]Dia 7 (b)'!$X18 -> 10.041182 | I12: ='[10]Dia 8 (b)'!$X18 -> 10.838765 | J12: ='[10]Dia 9 (b)'!$X18 -> 12.175338 | K12: ='[10]Dia 10 (b)'!$X18 -> 12.942804 | L12: ='[10]Dia 11 (b)'!$X18 -> 14.918672 | M12: ='[10]Dia 12 (b)'!$X18 -> 13.552145 | N12: ='[10]Dia 13 (b)'!$X18 -> 11.661894 | O12: ='[10]Dia 14 (b)'!$X18 -> 12.362967 | P12: ='[10]Dia 15 (b)'!$X18 -> 10.567875 | Q12: ='[10]Dia 16 (b)'!$X18 -> 12.881743 | R12: ='[10]Dia 17 (b)'!$X18 -> 10.512268 | S12: ='[10]Dia 18 (b)'!$X18 -> 11.996535 | T12: ='[10]Dia 19 (b)'!$X18 -> 12.869258 | U12: ='[10]Dia 20 (b)'!$X18 -> 11.850102 | V12: ='[10]Dia 21 (b)'!$X18 -> 13.086813 | W12: ='[10]Dia 22 (b)'!$X18 -> 14.81462 | X12: ='[10]Dia 23 (b)'!$X18 -> 16.112168 | Y12: ='[10]Dia 24 (b)'!$X18 -> 14.534211 | Z12: ='[10]Dia 25 (b)'!$X18 -> 14.882227 | AA12: ='[10]Dia 26 (b)'!$X18 -> 16.695682 | AB12: ='[10]Dia 27 (b)'!$X18 -> 11.579403 | AC12: ='[10]Dia 28 (b)'!$X18 -> 12.007305 | AD12: ='[10]Dia 29 (b)'!$X18 -> 13.130925 | AE12: ='[10]Dia 30 (b)'!$X18 -> 12.748332 | AF12: ='[10]Dia 31 (b)'!$X18 -> 10.540024
A13: 10 | B13: ='[10]Dia 1 (b)'!$X19 -> 11.576725 | C13: ='[10]Dia 2 (b)'!$X19 -> 8.6272673 | D13: ='[10]Dia 3 (b)'!$X19 -> 13.256804 | E13: ='[10]Dia 4 (b)'!$X19 -> 11.005069 | F13: ='[10]Dia 5 (b)'!$X19 -> 10.454918 | G13: ='[10]Dia 6 (b)'!$X19 -> 10.878058 | H13: ='[10]Dia 7 (b)'!$X19 -> 9.4641936 | I13: ='[10]Dia 8 (b)'!$X19 -> 11.237147 | J13: ='[10]Dia 9 (b)'!$X19 -> 12.454598 | K13: ='[10]Dia 10 (b)'!$X19 -> 13.402777 | L13: ='[10]Dia 11 (b)'!$X19 -> 15.082244 | M13: ='[10]Dia 12 (b)'!$X19 -> 12.968541 | N13: ='[10]Dia 13 (b)'!$X19 -> 11.366818 | O13: ='[10]Dia 14 (b)'!$X19 -> 12.157747 | P13: ='[10]Dia 15 (b)'!$X19 -> 11.222814 | Q13: ='[10]Dia 16 (b)'!$X19 -> 13.447528 | R13: ='[10]Dia 17 (b)'!$X19 -> 11.075965 | S13: ='[10]Dia 18 (b)'!$X19 -> 12.250802 | T13: ='[10]Dia 19 (b)'!$X19 -> 13.074641 | U13: ='[10]Dia 20 (b)'!$X19 -> 12.084057 | V13: ='[10]Dia 21 (b)'!$X19 -> 12.748444 | W13: ='[10]Dia 22 (b)'!$X19 -> 14.508183 | X13: ='[10]Dia 23 (b)'!$X19 -> 15.795074 | Y13: ='[10]Dia 24 (b)'!$X19 -> 14.829102 | Z13: ='[10]Dia 25 (b)'!$X19 -> 15.317405 | AA13: ='[10]Dia 26 (b)'!$X19 -> 16.976564 | AB13: ='[10]Dia 27 (b)'!$X19 -> 11.686772 | AC13: ='[10]Dia 28 (b)'!$X19 -> 11.836799 | AD13: ='[10]Dia 29 (b)'!$X19 -> 13.483104 | AE13: ='[10]Dia 30 (b)'!$X19 -> 12.893342 | AF13: ='[10]Dia 31 (b)'!$X19 -> 10.788581
A14: 11 | B14: ='[10]Dia 1 (b)'!$X20 -> 10.295914 | C14: ='[10]Dia 2 (b)'!$X20 -> 9.2536805 | D14: ='[10]Dia 3 (b)'!$X20 -> 13.888261 | E14: ='[10]Dia 4 (b)'!$X20 -> 11.003231 | F14: ='[10]Dia 5 (b)'!$X20 -> 11.139309 | G14: ='[10]Dia 6 (b)'!$X20 -> 10.255535 | H14: ='[10]Dia 7 (b)'!$X20 -> 9.5599494 | I14: ='[10]Dia 8 (b)'!$X20 -> 11.104371 | J14: ='[10]Dia 9 (b)'!$X20 -> 12.580356 | K14: ='[10]Dia 10 (b)'!$X20 -> 12.726105 | L14: ='[10]Dia 11 (b)'!$X20 -> 15.492994 | M14: ='[10]Dia 12 (b)'!$X20 -> 12.495066 | N14: ='[10]Dia 13 (b)'!$X20 -> 11.41652 | O14: ='[10]Dia 14 (b)'!$X20 -> 12.42111 | P14: ='[10]Dia 15 (b)'!$X20 -> 10.951319 | Q14: ='[10]Dia 16 (b)'!$X20 -> 13.402752 | R14: ='[10]Dia 17 (b)'!$X20 -> 12.167805 | S14: ='[10]Dia 18 (b)'!$X20 -> 13.357187 | T14: ='[10]Dia 19 (b)'!$X20 -> 12.784178 | U14: ='[10]Dia 20 (b)'!$X20 -> 12.240126 | V14: ='[10]Dia 21 (b)'!$X20 -> 14.285828 | W14: ='[10]Dia 22 (b)'!$X20 -> 13.991763 | X14: ='[10]Dia 23 (b)'!$X20 -> 15.785129 | Y14: ='[10]Dia 24 (b)'!$X20 -> 14.905974 | Z14: ='[10]Dia 25 (b)'!$X20 -> 14.54689 | AA14: ='[10]Dia 26 (b)'!$X20 -> 15.338944 | AB14: ='[10]Dia 27 (b)'!$X20 -> 11.359683 | AC14: ='[10]Dia 28 (b)'!$X20 -> 12.047249 | AD14: ='[10]Dia 29 (b)'!$X20 -> 13.066099 | AE14: ='[10]Dia 30 (b)'!$X20 -> 12.390044 | AF14: ='[10]Dia 31 (b)'!$X20 -> 10.667941
A15: 12 | B15: ='[10]Dia 1 (b)'!$X21 -> 9.438129 | C15: ='[10]Dia 2 (b)'!$X21 -> 9.1145937 | D15: ='[10]Dia 3 (b)'!$X21 -> 13.194921 | E15: ='[10]Dia 4 (b)'!$X21 -> 10.998957 | F15: ='[10]Dia 5 (b)'!$X21 -> 11.229492 | G15: ='[10]Dia 6 (b)'!$X21 -> 10.636809 | H15: ='[10]Dia 7 (b)'!$X21 -> 8.7379839 | I15: ='[10]Dia 8 (b)'!$X21 -> 11.381667 | J15: ='[10]Dia 9 (b)'!$X21 -> 12.838896 | K15: ='[10]Dia 10 (b)'!$X21 -> 13.00986 | L15: ='[10]Dia 11 (b)'!$X21 -> 14.252129 | M15: ='[10]Dia 12 (b)'!$X21 -> 12.512633 | N15: ='[10]Dia 13 (b)'!$X21 -> 12.449536 | O15: ='[10]Dia 14 (b)'!$X21 -> 12.526208 | P15: ='[10]Dia 15 (b)'!$X21 -> 10.800695 | Q15: ='[10]Dia 16 (b)'!$X21 -> 12.622937 | R15: ='[10]Dia 17 (b)'!$X21 -> 11.924707 | S15: ='[10]Dia 18 (b)'!$X21 -> 13.598473 | T15: ='[10]Dia 19 (b)'!$X21 -> 12.413635 | U15: ='[10]Dia 20 (b)'!$X21 -> 12.533249 | V15: ='[10]Dia 21 (b)'!$X21 -> 14.359823 | W15: ='[10]Dia 22 (b)'!$X21 -> 13.733732 | X15: ='[10]Dia 23 (b)'!$X21 -> 16.405419 | Y15: ='[10]Dia 24 (b)'!$X21 -> 14.314732 | Z15: ='[10]Dia 25 (b)'!$X21 -> 14.820395 | AA15: ='[10]Dia 26 (b)'!$X21 -> 15.522239 | AB15: ='[10]Dia 27 (b)'!$X21 -> 11.483217 | AC15: ='[10]Dia 28 (b)'!$X21 -> 12.144809 | AD15: ='[10]Dia 29 (b)'!$X21 -> 13.250422 | AE15: ='[10]Dia 30 (b)'!$X21 -> 11.921697 | AF15: ='[10]Dia 31 (b)'!$X21 -> 12.277199
A16: 13 | B16: ='[10]Dia 1 (b)'!$X22 -> 10.281589 | C16: ='[10]Dia 2 (b)'!$X22 -> 8.4557586 | D16: ='[10]Dia 3 (b)'!$X22 -> 12.634279 | E16: ='[10]Dia 4 (b)'!$X22 -> 10.84545 | F16: ='[10]Dia 5 (b)'!$X22 -> 11.212206 | G16: ='[10]Dia 6 (b)'!$X22 -> 11.680708 | H16: ='[10]Dia 7 (b)'!$X22 -> 10.763068 | I16: ='[10]Dia 8 (b)'!$X22 -> 10.870151 | J16: ='[10]Dia 9 (b)'!$X22 -> 12.879713 | K16: ='[10]Dia 10 (b)'!$X22 -> 12.750947 | L16: ='[10]Dia 11 (b)'!$X22 -> 14.699987 | M16: ='[10]Dia 12 (b)'!$X22 -> 11.729765 | N16: ='[10]Dia 13 (b)'!$X22 -> 12.464657 | O16: ='[10]Dia 14 (b)'!$X22 -> 12.663722 | P16: ='[10]Dia 15 (b)'!$X22 -> 12.937556 | Q16: ='[10]Dia 16 (b)'!$X22 -> 13.415214 | R16: ='[10]Dia 17 (b)'!$X22 -> 12.380718 | S16: ='[10]Dia 18 (b)'!$X22 -> 13.608004 | T16: ='[10]Dia 19 (b)'!$X22 -> 12.103087 | U16: ='[10]Dia 20 (b)'!$X22 -> 12.581091 | V16: ='[10]Dia 21 (b)'!$X22 -> 14.511779 | W16: ='[10]Dia 22 (b)'!$X22 -> 13.87639 | X16: ='[10]Dia 23 (b)'!$X22 -> 15.947168 | Y16: ='[10]Dia 24 (b)'!$X22 -> 15.477148 | Z16: ='[10]Dia 25 (b)'!$X22 -> 14.25606 | AA16: ='[10]Dia 26 (b)'!$X22 -> 14.6844 | AB16: ='[10]Dia 27 (b)'!$X22 -> 11.421028 | AC16: ='[10]Dia 28 (b)'!$X22 -> 12.834912 | AD16: ='[10]Dia 29 (b)'!$X22 -> 13.353169 | AE16: ='[10]Dia 30 (b)'!$X22 -> 11.927823 | AF16: ='[10]Dia 31 (b)'!$X22 -> 12.410952
A17: 14 | B17: ='[10]Dia 1 (b)'!$X23 -> 9.2025877 | C17: ='[10]Dia 2 (b)'!$X23 -> 7.3922187 | D17: ='[10]Dia 3 (b)'!$X23 -> 13.051452 | E17: ='[10]Dia 4 (b)'!$X23 -> 10.827171 | F17: ='[10]Dia 5 (b)'!$X23 -> 11.496585 | G17: ='[10]Dia 6 (b)'!$X23 -> 11.375102 | H17: ='[10]Dia 7 (b)'!$X23 -> 11.19823 | I17: ='[10]Dia 8 (b)'!$X23 -> 12.227085 | J17: ='[10]Dia 9 (b)'!$X23 -> 12.128884 | K17: ='[10]Dia 10 (b)'!$X23 -> 14.055995 | L17: ='[10]Dia 11 (b)'!$X23 -> 15.068085 | M17: ='[10]Dia 12 (b)'!$X23 -> 14.537142 | N17: ='[10]Dia 13 (b)'!$X23 -> 12.309822 | O17: ='[10]Dia 14 (b)'!$X23 -> 12.358343 | P17: ='[10]Dia 15 (b)'!$X23 -> 12.750347 | Q17: ='[10]Dia 16 (b)'!$X23 -> 13.897404 | R17: ='[10]Dia 17 (b)'!$X23 -> 13.195995 | S17: ='[10]Dia 18 (b)'!$X23 -> 13.627834 | T17: ='[10]Dia 19 (b)'!$X23 -> 11.795193 | U17: ='[10]Dia 20 (b)'!$X23 -> 12.921869 | V17: ='[10]Dia 21 (b)'!$X23 -> 14.859854 | W17: ='[10]Dia 22 (b)'!$X23 -> 13.642918 | X17: ='[10]Dia 23 (b)'!$X23 -> 16.765944 | Y17: ='[10]Dia 24 (b)'!$X23 -> 16.126095 | Z17: ='[10]Dia 25 (b)'!$X23 -> 14.555474 | AA17: ='[10]Dia 26 (b)'!$X23 -> 14.402815 | AB17: ='[10]Dia 27 (b)'!$X23 -> 11.639276 | AC17: ='[10]Dia 28 (b)'!$X23 -> 12.912376 | AD17: ='[10]Dia 29 (b)'!$X23 -> 13.173615 | AE17: ='[10]Dia 30 (b)'!$X23 -> 12.484452 | AF17: ='[10]Dia 31 (b)'!$X23 -> 12.038268
A18: 15 | B18: ='[10]Dia 1 (b)'!$X24 -> 7.9436451 | C18: ='[10]Dia 2 (b)'!$X24 -> 14.283005 | D18: ='[10]Dia 3 (b)'!$X24 -> 12.17148 | E18: ='[10]Dia 4 (b)'!$X24 -> 10.86889 | F18: ='[10]Dia 5 (b)'!$X24 -> 11.596879 | G18: ='[10]Dia 6 (b)'!$X24 -> 11.367471 | H18: ='[10]Dia 7 (b)'!$X24 -> 10.303144 | I18: ='[10]Dia 8 (b)'!$X24 -> 13.905278 | J18: ='[10]Dia 9 (b)'!$X24 -> 12.215859 | K18: ='[10]Dia 10 (b)'!$X24 -> 14.669 | L18: ='[10]Dia 11 (b)'!$X24 -> 14.502144 | M18: ='[10]Dia 12 (b)'!$X24 -> 14.082805 | N18: ='[10]Dia 13 (b)'!$X24 -> 12.352518 | O18: ='[10]Dia 14 (b)'!$X24 -> 12.206173 | P18: ='[10]Dia 15 (b)'!$X24 -> 13.14242 | Q18: ='[10]Dia 16 (b)'!$X24 -> 14.917849 | R18: ='[10]Dia 17 (b)'!$X24 -> 13.790102 | S18: ='[10]Dia 18 (b)'!$X24 -> 13.367433 | T18: ='[10]Dia 19 (b)'!$X24 -> 11.457586 | U18: ='[10]Dia 20 (b)'!$X24 -> 12.671317 | V18: ='[10]Dia 21 (b)'!$X24 -> 14.605951 | W18: ='[10]Dia 22 (b)'!$X24 -> 16.624041 | X18: ='[10]Dia 23 (b)'!$X24 -> 16.468429 | Y18: ='[10]Dia 24 (b)'!$X24 -> 15.434053 | Z18: ='[10]Dia 25 (b)'!$X24 -> 14.684649 | AA18: ='[10]Dia 26 (b)'!$X24 -> 12.890181 | AB18: ='[10]Dia 27 (b)'!$X24 -> 11.645549 | AC18: ='[10]Dia 28 (b)'!$X24 -> 13.216916 | AD18: ='[10]Dia 29 (b)'!$X24 -> 12.956577 | AE18: ='[10]Dia 30 (b)'!$X24 -> 12.096703 | AF18: ='[10]Dia 31 (b)'!$X24 -> 11.742931
A19: 16
A20: 17
A21: 18
A22: 19
A23: 20
A24: 21
A25: 22
A26: 23
A27: 24
B28: NÃO ESTÃO SENDO MAIS INTERPOLADOS AS OBSERVAÇÕES ENTRE AS 16H E 6H.
A30: MÉDIA
A31: DIÁRIA
A34: MÁXIMA
A35: DIÁRIA
A38: MÍNIMA
A39: DIÁRIA
A42: AMPLITUDE
A43: DIÁRIA
H46: MÉDIA | K46: MÁXIMA | N46: MÍNIMA | Q46: AMPLITUDE | T46: MÉDIA | V46: MÉDIA | X46: DIF. DAS
H47: MENSAL | K47: MENSAL | N47: MENSAL | Q47: MENSAL | T47: DAS MÁX. | V47: DAS MÍN. | X47: MÉDIAS

Sheet Nov
B1: ='[11]Dia 1 (b)'!C1 -> NOVEMBRO DE 2024 | K1: Umid. Específica (g.kg-1)
A3: H/D | B3: 1 | C3: 2 | D3: 3 | E3: 4 | F3: 5 | G3: 6 | H3: 7 | I3: 8 | J3: 9 | K3: 10 | L3: 11 | M3: 12 | N3: 13 | O3: 14 | P3: 15 | Q3: 16 | R3: 17 | S3: 18 | T3: 19 | U3: 20 | V3: 21 | W3: 22 | X3: 23 | Y3: 24 | Z3: 25 | AA3: 26 | AB3: 27 | AC3: 28 | AD3: 29 | AE3: 30
A4: 1
A5: 2
A6: 3
A7: 4
A8: 5
A9: 6
A10: 7 | B10: ='[11]Dia 1 (b)'!$X16 -> 11.256136 | C10: ='[11]Dia 2 (b)'!$X16 -> 13.628964 | D10: ='[11]Dia 3 (b)'!$X16 -> 15.132016 | E10: ='[11]Dia 4 (b)'!$X16 -> 14.824904 | F10: ='[11]Dia 5 (b)'!$X16 -> 15.042965 | G10: ='[11]Dia 6 (b)'!$X16 -> 16.10788 | H10: ='[11]Dia 7 (b)'!$X16 -> 16.699863 | I10: ='[11]Dia 8 (b)'!$X16 -> 15.600703 | J10: ='[11]Dia 9 (b)'!$X16 -> 12.18981 | K10: ='[11]Dia 10 (b)'!$X16 -> 11.199267 | L10: ='[11]Dia 11 (b)'!$X16 -> 11.279754 | M10: ='[11]Dia 12 (b)'!$X16 -> 12.566173 | N10: ='[11]Dia 13 (b)'!$X16 -> 11.738071 | O10: ='[11]Dia 14 (b)'!$X16 -> 10.909263 | P10: ='[11]Dia 15 (b)'!$X16 -> 12.271436 | Q10: ='[11]Dia 16 (b)'!$X16 -> 14.583868 | R10: ='[11]Dia 17 (b)'!$X16 -> 13.159082 | S10: ='[11]Dia 18 (b)'!$X16 -> 13.731874 | T10: ='[11]Dia 19 (b)'!$X16 -> 12.840169 | U10: ='[11]Dia 20 (b)'!$X16 -> 12.930042 | V10: ='[11]Dia 21 (b)'!$X16 -> 14.345303 | W10: ='[11]Dia 22 (b)'!$X16 -> 13.625851 | X10: ='[11]Dia 23 (b)'!$X16 -> 13.461216 | Y10: ='[11]Dia 24 (b)'!$X16 -> 11.426298 | Z10: ='[11]Dia 25 (b)'!$X16 -> 10.39031 | AA10: ='[11]Dia 26 (b)'!$X16 -> 12.968694 | AB10: ='[11]Dia 27 (b)'!$X16 -> 13.483811 | AC10: ='[11]Dia 28 (b)'!$X16 -> 12.421076 | AD10: ='[11]Dia 29 (b)'!$X16 -> 15.878294 | AE10: ='[11]Dia 30 (b)'!$X16 -> 15.596969
A11: 8 | B11: ='[11]Dia 1 (b)'!$X17 -> 11.41382 | C11: ='[11]Dia 2 (b)'!$X17 -> 13.51875 | D11: ='[11]Dia 3 (b)'!$X17 -> 15.373836 | E11: ='[11]Dia 4 (b)'!$X17 -> 15.100339 | F11: ='[11]Dia 5 (b)'!$X17 -> 14.674072 | G11: ='[11]Dia 6 (b)'!$X17 -> 15.761975 | H11: ='[11]Dia 7 (b)'!$X17 -> 16.783884 | I11: ='[11]Dia 8 (b)'!$X17 -> 16.095182 | J11: ='[11]Dia 9 (b)'!$X17 -> 13.01821 | K11: ='[11]Dia 10 (b)'!$X17 -> 10.795154 | L11: ='[11]Dia 11 (b)'!$X17 -> 11.929643 | M11: ='[11]Dia 12 (b)'!$X17 -> 11.060874 | N11: ='[11]Dia 13 (b)'!$X17 -> 11.041609 | O11: ='[11]Dia 14 (b)'!$X17 -> 11.045741 | P11: ='[11]Dia 15 (b)'!$X17 -> 12.471629 | Q11: ='[11]Dia 16 (b)'!$X17 -> 14.323491 | R11: ='[11]Dia 17 (b)'!$X17 -> 12.826582 | S11: ='[11]Dia 18 (b)'!$X17 -> 13.463706 | T11: ='[11]Dia 19 (b)'!$X17 -> 12.838061 | U11: ='[11]Dia 20 (b)'!$X17 -> 13.505283 | V11: ='[11]Dia 21 (b)'!$X17 -> 14.595553 | W11: ='[11]Dia 22 (b)'!$X17 -> 13.752224 | X11: ='[11]Dia 23 (b)'!$X17 -> 13.54094 | Y11: ='[11]Dia 24 (b)'!$X17 -> 11.43051 | Z11: ='[11]Dia 25 (b)'!$X17 -> 10.542781 | AA11: ='[11]Dia 26 (b)'!$X17 -> 11.784869 | AB11: ='[11]Dia 27 (b)'!$X17 -> 12.189311 | AC11: ='[11]Dia 28 (b)'!$X17 -> 11.497724 | AD11: ='[11]Dia 29 (b)'!$X17 -> 15.564392 | AE11: ='[11]Dia 30 (b)'!$X17 -> 16.097978
A12: 9 | B12: ='[11]Dia 1 (b)'!$X18 -> 11.381105 | C12: ='[11]Dia 2 (b)'!$X18 -> 12.514299 | D12: ='[11]Dia 3 (b)'!$X18 -> 15.595549 | E12: ='[11]Dia 4 (b)'!$X18 -> 15.393858 | F12: ='[11]Dia 5 (b)'!$X18 -> 14.323478 | G12: ='[11]Dia 6 (b)'!$X18 -> 15.837428 | H12: ='[11]Dia 7 (b)'!$X18 -> 15.779506 | I12: ='[11]Dia 8 (b)'!$X18 -> 16.39292 | J12: ='[11]Dia 9 (b)'!$X18 -> 12.391061 | K12: ='[11]Dia 10 (b)'!$X18 -> 10.504967 | L12: ='[11]Dia 11 (b)'!$X18 -> 11.739603 | M12: ='[11]Dia 12 (b)'!$X18 -> 10.16259 | N12: ='[11]Dia 13 (b)'!$X18 -> 10.761351 | O12: ='[11]Dia 14 (b)'!$X18 -> 11.255386 | P12: ='[11]Dia 15 (b)'!$X18 -> 12.863702 | Q12: ='[11]Dia 16 (b)'!$X18 -> 14.228761 | R12: ='[11]Dia 17 (b)'!$X18 -> 12.811956 | S12: ='[11]Dia 18 (b)'!$X18 -> 14.077649 | T12: ='[11]Dia 19 (b)'!$X18 -> 12.923626 | U12: ='[11]Dia 20 (b)'!$X18 -> 13.987135 | V12: ='[11]Dia 21 (b)'!$X18 -> 14.352254 | W12: ='[11]Dia 22 (b)'!$X18 -> 13.617441 | X12: ='[11]Dia 23 (b)'!$X18 -> 13.329939 | Y12: ='[11]Dia 24 (b)'!$X18 -> 10.64009 | Z12: ='[11]Dia 25 (b)'!$X18 -> 10.199061 | AA12: ='[11]Dia 26 (b)'!$X18 -> 11.798106 | AB12: ='[11]Dia 27 (b)'!$X18 -> 10.943654 | AC12: ='[11]Dia 28 (b)'!$X18 -> 12.877555 | AD12: ='[11]Dia 29 (b)'!$X18 -> 14.306993 | AE12: ='[11]Dia 30 (b)'!$X18 -> 16.742118
A13: 10 | B13: ='[11]Dia 1 (b)'!$X19 -> 11.172499 | C13: ='[11]Dia 2 (b)'!$X19 -> 12.609957 | D13: ='[11]Dia 3 (b)'!$X19 -> 15.285873 | E13: ='[11]Dia 4 (b)'!$X19 -> 15.880941 | F13: ='[11]Dia 5 (b)'!$X19 -> 14.93798 | G13: ='[11]Dia 6 (b)'!$X19 -> 16.238189 | H13: ='[11]Dia 7 (b)'!$X19 -> 15.908473 | I13: ='[11]Dia 8 (b)'!$X19 -> 16.429456 | J13: ='[11]Dia 9 (b)'!$X19 -> 12.130646 | K13: ='[11]Dia 10 (b)'!$X19 -> 10.727169 | L13: ='[11]Dia 11 (b)'!$X19 -> 12.566911 | M13: ='[11]Dia 12 (b)'!$X19 -> 10.333817 | N13: ='[11]Dia 13 (b)'!$X19 -> 10.89335 | O13: ='[11]Dia 14 (b)'!$X19 -> 11.484633 | P13: ='[11]Dia 15 (b)'!$X19 -> 12.573401 | Q13: ='[11]Dia 16 (b)'!$X19 -> 14.685814 | R13: ='[11]Dia 17 (b)'!$X19 -> 12.399927 | S13: ='[11]Dia 18 (b)'!$X19 -> 13.326863 | T13: ='[11]Dia 19 (b)'!$X19 -> 12.123878 | U13: ='[11]Dia 20 (b)'!$X19 -> 14.571545 | V13: ='[11]Dia 21 (b)'!$X19 -> 14.735742 | W13: ='[11]Dia 22 (b)'!$X19 -> 13.991521 | X13: ='[11]Dia 23 (b)'!$X19 -> 13.476704 | Y13: ='[11]Dia 24 (b)'!$X19 -> 10.810027 | Z13: ='[11]Dia 25 (b)'!$X19 -> 10.23159 | AA13: ='[11]Dia 26 (b)'!$X19 -> 11.029596 | AB13: ='[11]Dia 27 (b)'!$X19 -> 11.310475 | AC13: ='[11]Dia 28 (b)'!$X19 -> 13.128967 | AD13: ='[11]Dia 29 (b)'!$X19 -> 15.200898 | AE13: ='[11]Dia 30 (b)'!$X19 -> 16.34892
A14: 11 | B14: ='[11]Dia 1 (b)'!$X20 -> 10.866864 | C14: ='[11]Dia 2 (b)'!$X20 -> 13.152476 | D14: ='[11]Dia 3 (b)'!$X20 -> 16.184752 | E14: ='[11]Dia 4 (b)'!$X20 -> 16.085292 | F14: ='[11]Dia 5 (b)'!$X20 -> 14.272303 | G14: ='[11]Dia 6 (b)'!$X20 -> 16.276812 | H14: ='[11]Dia 7 (b)'!$X20 -> 16.253034 | I14: ='[11]Dia 8 (b)'!$X20 -> 16.058815 | J14: ='[11]Dia 9 (b)'!$X20 -> 12.223646 | K14: ='[11]Dia 10 (b)'!$X20 -> 10.812827 | L14: ='[11]Dia 11 (b)'!$X20 -> 11.548341 | M14: ='[11]Dia 12 (b)'!$X20 -> 11.387504 | N14: ='[11]Dia 13 (b)'!$X20 -> 10.910622 | O14: ='[11]Dia 14 (b)'!$X20 -> 11.765342 | P14: ='[11]Dia 15 (b)'!$X20 -> 13.167175 | Q14: ='[11]Dia 16 (b)'!$X20 -> 15.497683 | R14: ='[11]Dia 17 (b)'!$X20 -> 12.569972 | S14: ='[11]Dia 18 (b)'!$X20 -> 12.834689 | T14: ='[11]Dia 19 (b)'!$X20 -> 11.947293 | U14: ='[11]Dia 20 (b)'!$X20 -> 13.842142 | V14: ='[11]Dia 21 (b)'!$X20 -> 14.897787 | W14: ='[11]Dia 22 (b)'!$X20 -> 13.536039 | X14: ='[11]Dia 23 (b)'!$X20 -> 13.263232 | Y14: ='[11]Dia 24 (b)'!$X20 -> 11.524104 | Z14: ='[11]Dia 25 (b)'!$X20 -> 10.544106 | AA14: ='[11]Dia 26 (b)'!$X20 -> 11.445356 | AB14: ='[11]Dia 27 (b)'!$X20 -> 11.848938 | AC14: ='[11]Dia 28 (b)'!$X20 -> 13.005768 | AD14: ='[11]Dia 29 (b)'!$X20 -> 16.046819 | AE14: ='[11]Dia 30 (b)'!$X20 -> 16.139275
A15: 12 | B15: ='[11]Dia 1 (b)'!$X21 -> 11.573545 | C15: ='[11]Dia 2 (b)'!$X21 -> 12.550756 | D15: ='[11]Dia 3 (b)'!$X21 -> 15.953765 | E15: ='[11]Dia 4 (b)'!$X21 -> 15.318736 | F15: ='[11]Dia 5 (b)'!$X21 -> 14.279814 | G15: ='[11]Dia 6 (b)'!$X21 -> 14.801885 | H15: ='[11]Dia 7 (b)'!$X21 -> 16.321977 | I15: ='[11]Dia 8 (b)'!$X21 -> 16.369217 | J15: ='[11]Dia 9 (b)'!$X21 -> 12.742175 | K15: ='[11]Dia 10 (b)'!$X21 -> 11.996489 | L15: ='[11]Dia 11 (b)'!$X21 -> 10.736303 | M15: ='[11]Dia 12 (b)'!$X21 -> 10.494337 | N15: ='[11]Dia 13 (b)'!$X21 -> 10.888055 | O15: ='[11]Dia 14 (b)'!$X21 -> 11.853156 | P15: ='[11]Dia 15 (b)'!$X21 -> 12.854013 | Q15: ='[11]Dia 16 (b)'!$X21 -> 14.840193 | R15: ='[11]Dia 17 (b)'!$X21 -> 12.539647 | S15: ='[11]Dia 18 (b)'!$X21 -> 12.025495 | T15: ='[11]Dia 19 (b)'!$X21 -> 12.472263 | U15: ='[11]Dia 20 (b)'!$X21 -> 13.619922 | V15: ='[11]Dia 21 (b)'!$X21 -> 15.154017 | W15: ='[11]Dia 22 (b)'!$X21 -> 13.736314 | X15: ='[11]Dia 23 (b)'!$X21 -> 12.651856 | Y15: ='[11]Dia 24 (b)'!$X21 -> 11.43911 | Z15: ='[11]Dia 25 (b)'!$X21 -> 9.9566281 | AA15: ='[11]Dia 26 (b)'!$X21 -> 10.712874 | AB15: ='[11]Dia 27 (b)'!$X21 -> 10.979566 | AC15: ='[11]Dia 28 (b)'!$X21 -> 12.486445 | AD15: ='[11]Dia 29 (b)'!$X21 -> 16.342978 | AE15: ='[11]Dia 30 (b)'!$X21 -> 15.959046
A16: 13 | B16: ='[11]Dia 1 (b)'!$X22 -> 11.817246 | C16: ='[11]Dia 2 (b)'!$X22 -> 13.433313 | D16: ='[11]Dia 3 (b)'!$X22 -> 13.832725 | E16: ='[11]Dia 4 (b)'!$X22 -> 15.320147 | F16: ='[11]Dia 5 (b)'!$X22 -> 14.495065 | G16: ='[11]Dia 6 (b)'!$X22 -> 15.154313 | H16: ='[11]Dia 7 (b)'!$X22 -> 15.91629 | I16: ='[11]Dia 8 (b)'!$X22 -> 16.3324 | J16: ='[11]Dia 9 (b)'!$X22 -> 12.640003 | K16: ='[11]Dia 10 (b)'!$X22 -> 11.489753 | L16: ='[11]Dia 11 (b)'!$X22 -> 9.3493061 | M16: ='[11]Dia 12 (b)'!$X22 -> 14.966564 | N16: ='[11]Dia 13 (b)'!$X22 -> 11.100014 | O16: ='[11]Dia 14 (b)'!$X22 -> 11.983778 | P16: ='[11]Dia 15 (b)'!$X22 -> 14.492594 | Q16: ='[11]Dia 16 (b)'!$X22 -> 15.36548 | R16: ='[11]Dia 17 (b)'!$X22 -> 11.838016 | S16: ='[11]Dia 18 (b)'!$X22 -> 11.188322 | T16: ='[11]Dia 19 (b)'!$X22 -> 13.262618 | U16: ='[11]Dia 20 (b)'!$X22 -> 13.900532 | V16: ='[11]Dia 21 (b)'!$X22 -> 14.594768 | W16: ='[11]Dia 22 (b)'!$X22 -> 13.023937 | X16: ='[11]Dia 23 (b)'!$X22 -> 13.051643 | Y16: ='[11]Dia 24 (b)'!$X22 -> 11.111331 | Z16: ='[11]Dia 25 (b)'!$X22 -> 11.513276 | AA16: ='[11]Dia 26 (b)'!$X22 -> 10.710027 | AB16: ='[11]Dia 27 (b)'!$X22 -> 10.755597 | AC16: ='[11]Dia 28 (b)'!$X22 -> 12.169702 | AD16: ='[11]Dia 29 (b)'!$X22 -> 15.106962 | AE16: ='[11]Dia 30 (b)'!$X22 -> 16.967822
A17: 14 | B17: ='[11]Dia 1 (b)'!$X23 -> 14.092549 | C17: ='[11]Dia 2 (b)'!$X23 -> 2.28849e-05 | D17: ='[11]Dia 3 (b)'!$X23 -> 14.732756 | E17: ='[11]Dia 4 (b)'!$X23 -> 15.200772 | F17: ='[11]Dia 5 (b)'!$X23 -> 13.173144 | G17: ='[11]Dia 6 (b)'!$X23 -> 16.490281 | H17: ='[11]Dia 7 (b)'!$X23 -> 16.453802 | I17: ='[11]Dia 8 (b)'!$X23 -> 14.85133 | J17: ='[11]Dia 9 (b)'!$X23 -> 12.477046 | K17: ='[11]Dia 10 (b)'!$X23 -> 11.413795 | L17: ='[11]Dia 11 (b)'!$X23 -> 8.1717302 | M17: ='[11]Dia 12 (b)'!$X23 -> 14.725385 | N17: ='[11]Dia 13 (b)'!$X23 -> 10.951195 | O17: ='[11]Dia 14 (b)'!$X23 -> 11.917556 | P17: ='[11]Dia 15 (b)'!$X23 -> 14.379455 | Q17: ='[11]Dia 16 (b)'!$X23 -> 14.793012 | R17: ='[11]Dia 17 (b)'!$X23 -> 11.975669 | S17: ='[11]Dia 18 (b)'!$X23 -> 14.053354 | T17: ='[11]Dia 19 (b)'!$X23 -> 13.513412 | U17: ='[11]Dia 20 (b)'!$X23 -> 16.41497 | V17: ='[11]Dia 21 (b)'!$X23 -> 15.118427 | W17: ='[11]Dia 22 (b)'!$X23 -> 13.627345 | X17: ='[11]Dia 23 (b)'!$X23 -> 12.749627 | Y17: ='[11]Dia 24 (b)'!$X23 -> 11.322493 | Z17: ='[11]Dia 25 (b)'!$X23 -> 12.408786 | AA17: ='[11]Dia 26 (b)'!$X23 -> 10.594191 | AB17: ='[11]Dia 27 (b)'!$X23 -> 10.891194 | AC17: ='[11]Dia 28 (b)'!$X23 -> 12.153731 | AD17: ='[11]Dia 29 (b)'!$X23 -> 14.859428 | AE17: ='[11]Dia 30 (b)'!$X23 -> 17.215193
A18: 15 | B18: ='[11]Dia 1 (b)'!$X24 -> 14.331602 | C18: ='[11]Dia 2 (b)'!$X24 -> 15.168017 | D18: ='[11]Dia 3 (b)'!$X24 -> 15.007842 | E18: ='[11]Dia 4 (b)'!$X24 -> 16.783606 | F18: ='[11]Dia 5 (b)'!$X24 -> 12.805508 | G18: ='[11]Dia 6 (b)'!$X24 -> 16.460123 | H18: ='[11]Dia 7 (b)'!$X24 -> 16.110698 | I18: ='[11]Dia 8 (b)'!$X24 -> 13.859004 | J18: ='[11]Dia 9 (b)'!$X24 -> 12.390221 | K18: ='[11]Dia 10 (b)'!$X24 -> 11.816195 | L18: ='[11]Dia 11 (b)'!$X24 -> 8.0491697 | M18: ='[11]Dia 12 (b)'!$X24 -> 14.25833 | N18: ='[11]Dia 13 (b)'!$X24 -> 10.834853 | O18: ='[11]Dia 14 (b)'!$X24 -> 12.416874 | P18: ='[11]Dia 15 (b)'!$X24 -> 14.385025 | Q18: ='[11]Dia 16 (b)'!$X24 -> 14.534 | R18: ='[11]Dia 17 (b)'!$X24 -> 14.660932 | S18: ='[11]Dia 18 (b)'!$X24 -> 13.432152 | T18: ='[11]Dia 19 (b)'!$X24 -> 13.735423 | U18: ='[11]Dia 20 (b)'!$X24 -> 16.09114 | V18: ='[11]Dia 21 (b)'!$X24 -> 14.271304 | W18: ='[11]Dia 22 (b)'!$X24 -> 13.024232 | X18: ='[11]Dia 23 (b)'!$X24 -> 12.734534 | Y18: ='[11]Dia 24 (b)'!$X24 -> 11.577856 | Z18: ='[11]Dia 25 (b)'!$X24 -> 12.807498 | AA18: ='[11]Dia 26 (b)'!$X24 -> 9.8941575 | AB18: ='[11]Dia 27 (b)'!$X24 -> 10.786353 | AC18: ='[11]Dia 28 (b)'!$X24 -> 13.247989 | AD18: ='[11]Dia 29 (b)'!$X24 -> 15.311526 | AE18: ='[11]Dia 30 (b)'!$X24 -> 16.336072
A19: 16
A20: 17
A21: 18
A22: 19
A23: 20
A24: 21
A25: 22
A26: 23
A27: 24
B28: NÃO ESTÃO SENDO MAIS INTERPOLADOS AS OBSERVAÇÕES ENTRE AS 16H E 6H.
A30: MÉDIA
A31: DIÁRIA
A34: MÁXIMA
A35: DIÁRIA
A38: MÍNIMA
A39: DIÁRIA
A42: AMPLITUDE
A43: DIÁRIA
H46: MÉDIA | K46: MÁXIMA | N46: MÍNIMA | Q46: AMPLITUDE | T46: MÉDIA | V46: MÉDIA | X46: DIF. DAS
H47: MENSAL | K47: MENSAL | N47: MENSAL | Q47: MENSAL | T47: DAS MÁX. | V47: DAS MÍN. | X47: MÉDIAS

Sheet Dez
B1: ='[12]Dia 1 (b)'!C1 -> DEZEMBRO DE 2024 | K1: Umid. Específica (g.kg-1)
A3: H/D | B3: 1 | C3: 2 | D3: 3 | E3: 4 | F3: 5 | G3: 6 | H3: 7 | I3: 8 | J3: 9 | K3: 10 | L3: 11 | M3: 12 | N3: 13 | O3: 14 | P3: 15 | Q3: 16 | R3: 17 | S3: 18 | T3: 19 | U3: 20 | V3: 21 | W3: 22 | X3: 23 | Y3: 24 | Z3: 25 | AA3: 26 | AB3: 27 | AC3: 28 | AD3: 29 | AE3: 30 | AF3: 31
A4: 1
A5: 2
A6: 3
A7: 4
A8: 5
A9: 6
A10: 7 | B10: ='[12]Dia 1 (b)'!$X16 -> 14.613996 | C10: ='[12]Dia 2 (b)'!$X16 -> 16.870066 | D10: ='[12]Dia 3 (b)'!$X16 -> 17.305092 | E10: ='[12]Dia 4 (b)'!$X16 -> 12.575912 | F10: ='[12]Dia 5 (b)'!$X16 -> 13.56738 | G10: ='[12]Dia 6 (b)'!$X16 -> 16.501015 | H10: ='[12]Dia 7 (b)'!$X16 -> 17.343419 | I10: ='[12]Dia 8 (b)'!$X16 -> 15.875072 | J10: ='[12]Dia 9 (b)'!$X16 -> 16.003743 | K10: ='[12]Dia 10 (b)'!$X16 -> 15.649471 | L10: ='[12]Dia 11 (b)'!$X16 -> 13.05661 | M10: ='[12]Dia 12 (b)'!$X16 -> 11.003524 | N10: ='[12]Dia 13 (b)'!$X16 -> 12.558547 | O10: ='[12]Dia 14 (b)'!$X16 -> 14.922574 | P10: ='[12]Dia 15 (b)'!$X16 -> 14.498362 | Q10: ='[12]Dia 16 (b)'!$X16 -> 12.153471 | R10: ='[12]Dia 17 (b)'!$X16 -> 12.194878 | S10: ='[12]Dia 18 (b)'!$X16 -> 11.51239 | T10: ='[12]Dia 19 (b)'!$X16 -> 12.996049 | U10: ='[12]Dia 20 (b)'!$X16 -> 15.335199 | V10: ='[12]Dia 21 (b)'!$X16 -> 15.217905 | W10: ='[12]Dia 22 (b)'!$X16 -> 15.888488 | X10: ='[12]Dia 23 (b)'!$X16 -> 15.711342 | Y10: ='[12]Dia 24 (b)'!$X16 -> 12.993172 | Z10: ='[12]Dia 25 (b)'!$X16 -> 14.233775 | AA10: ='[12]Dia 26 (b)'!$X16 -> 15.939623 | AB10: ='[12]Dia 27 (b)'!$X16 -> 16.033623 | AC10: ='[12]Dia 28 (b)'!$X16 -> 16.276643 | AD10: ='[12]Dia 29 (b)'!$X16 -> 14.609328 | AE10: ='[12]Dia 30 (b)'!$X16 -> 14.123996 | AF10: ='[12]Dia 31 (b)'!$X16 -> 13.088157
A11: 8 | B11: ='[12]Dia 1 (b)'!$X17 -> 14.087657 | C11: ='[12]Dia 2 (b)'!$X17 -> 16.783903 | D11: ='[12]Dia 3 (b)'!$X17 -> 17.391828 | E11: ='[12]Dia 4 (b)'!$X17 -> 12.606549 | F11: ='[12]Dia 5 (b)'!$X17 -> 13.721472 | G11: ='[12]Dia 6 (b)'!$X17 -> 16.52655 | H11: ='[12]Dia 7 (b)'!$X17 -> 16.040487 | I11: ='[12]Dia 8 (b)'!$X17 -> 15.861119 | J11: ='[12]Dia 9 (b)'!$X17 -> 16.01514 | K11: ='[12]Dia 10 (b)'!$X17 -> 15.983438 | L11: ='[12]Dia 11 (b)'!$X17 -> 13.052344 | M11: ='[12]Dia 12 (b)'!$X17 -> 11.64651 | N11: ='[12]Dia 13 (b)'!$X17 -> 12.769868 | O11: ='[12]Dia 14 (b)'!$X17 -> 14.965492 | P11: ='[12]Dia 15 (b)'!$X17 -> 14.825807 | Q11: ='[12]Dia 16 (b)'!$X17 -> 10.959537 | R11: ='[12]Dia 17 (b)'!$X17 -> 12.189699 | S11: ='[12]Dia 18 (b)'!$X17 -> 10.874632 | T11: ='[12]Dia 19 (b)'!$X17 -> 13.09001 | U11: ='[12]Dia 20 (b)'!$X17 -> 14.467131 | V11: ='[12]Dia 21 (b)'!$X17 -> 15.332919 | W11: ='[12]Dia 22 (b)'!$X17 -> 15.856623 | X11: ='[12]Dia 23 (b)'!$X17 -> 15.524345 | Y11: ='[12]Dia 24 (b)'!$X17 -> 12.58233 | Z11: ='[12]Dia 25 (b)'!$X17 -> 14.577626 | AA11: ='[12]Dia 26 (b)'!$X17 -> 15.755278 | AB11: ='[12]Dia 27 (b)'!$X17 -> 17.260428 | AC11: ='[12]Dia 28 (b)'!$X17 -> 16.243399 | AD11: ='[12]Dia 29 (b)'!$X17 -> 14.803701 | AE11: ='[12]Dia 30 (b)'!$X17 -> 13.927835 | AF11: ='[12]Dia 31 (b)'!$X17 -> 13.164404
A12: 9 | B12: ='[12]Dia 1 (b)'!$X18 -> 14.243835 | C12: ='[12]Dia 2 (b)'!$X18 -> 17.102467 | D12: ='[12]Dia 3 (b)'!$X18 -> 16.937947 | E12: ='[12]Dia 4 (b)'!$X18 -> 12.773256 | F12: ='[12]Dia 5 (b)'!$X18 -> 13.81472 | G12: ='[12]Dia 6 (b)'!$X18 -> 17.268634 | H12: ='[12]Dia 7 (b)'!$X18 -> 15.158379 | I12: ='[12]Dia 8 (b)'!$X18 -> 15.751124 | J12: ='[12]Dia 9 (b)'!$X18 -> 15.887564 | K12: ='[12]Dia 10 (b)'!$X18 -> 16.305634 | L12: ='[12]Dia 11 (b)'!$X18 -> 13.662794 | M12: ='[12]Dia 12 (b)'!$X18 -> 11.922114 | N12: ='[12]Dia 13 (b)'!$X18 -> 12.931266 | O12: ='[12]Dia 14 (b)'!$X18 -> 14.045561 | P12: ='[12]Dia 15 (b)'!$X18 -> 14.573132 | Q12: ='[12]Dia 16 (b)'!$X18 -> 10.83438 | R12: ='[12]Dia 17 (b)'!$X18 -> 11.813406 | S12: ='[12]Dia 18 (b)'!$X18 -> 11.547783 | T12: ='[12]Dia 19 (b)'!$X18 -> 13.419518 | U12: ='[12]Dia 20 (b)'!$X18 -> 15.07408 | V12: ='[12]Dia 21 (b)'!$X18 -> 15.722737 | W12: ='[12]Dia 22 (b)'!$X18 -> 15.345615 | X12: ='[12]Dia 23 (b)'!$X18 -> 15.577309 | Y12: ='[12]Dia 24 (b)'!$X18 -> 12.905928 | Z12: ='[12]Dia 25 (b)'!$X18 -> 14.421584 | AA12: ='[12]Dia 26 (b)'!$X18 -> 16.258389 | AB12: ='[12]Dia 27 (b)'!$X18 -> 15.66882 | AC12: ='[12]Dia 28 (b)'!$X18 -> 15.711623 | AD12: ='[12]Dia 29 (b)'!$X18 -> 14.155478 | AE12: ='[12]Dia 30 (b)'!$X18 -> 13.627869 | AF12: ='[12]Dia 31 (b)'!$X18 -> 13.603966
A13: 10 | B13: ='[12]Dia 1 (b)'!$X19 -> 13.952573 | C13: ='[12]Dia 2 (b)'!$X19 -> 17.160565 | D13: ='[12]Dia 3 (b)'!$X19 -> 16.685232 | E13: ='[12]Dia 4 (b)'!$X19 -> 11.855971 | F13: ='[12]Dia 5 (b)'!$X19 -> 14.147867 | G13: ='[12]Dia 6 (b)'!$X19 -> 16.491136 | H13: ='[12]Dia 7 (b)'!$X19 -> 15.195276 | I13: ='[12]Dia 8 (b)'!$X19 -> 15.911895 | J13: ='[12]Dia 9 (b)'!$X19 -> 17.161517 | K13: ='[12]Dia 10 (b)'!$X19 -> 16.1057 | L13: ='[12]Dia 11 (b)'!$X19 -> 12.716627 | M13: ='[12]Dia 12 (b)'!$X19 -> 10.976226 | N13: ='[12]Dia 13 (b)'!$X19 -> 13.23311 | O13: ='[12]Dia 14 (b)'!$X19 -> 12.659405 | P13: ='[12]Dia 15 (b)'!$X19 -> 15.116694 | Q13: ='[12]Dia 16 (b)'!$X19 -> 11.446472 | R13: ='[12]Dia 17 (b)'!$X19 -> 11.69701 | S13: ='[12]Dia 18 (b)'!$X19 -> 11.477867 | T13: ='[12]Dia 19 (b)'!$X19 -> 12.803303 | U13: ='[12]Dia 20 (b)'!$X19 -> 15.389705 | V13: ='[12]Dia 21 (b)'!$X19 -> 16.165101 | W13: ='[12]Dia 22 (b)'!$X19 -> 15.228756 | X13: ='[12]Dia 23 (b)'!$X19 -> 15.351807 | Y13: ='[12]Dia 24 (b)'!$X19 -> 13.332598 | Z13: ='[12]Dia 25 (b)'!$X19 -> 14.46513 | AA13: ='[12]Dia 26 (b)'!$X19 -> 16.776569 | AB13: ='[12]Dia 27 (b)'!$X19 -> 15.768429 | AC13: ='[12]Dia 28 (b)'!$X19 -> 15.414413 | AD13: ='[12]Dia 29 (b)'!$X19 -> 13.726312 | AE13: ='[12]Dia 30 (b)'!$X19 -> 12.978018 | AF13: ='[12]Dia 31 (b)'!$X19 -> 12.702805
A14: 11 | B14: ='[12]Dia 1 (b)'!$X20 -> 13.500353 | C14: ='[12]Dia 2 (b)'!$X20 -> 16.509709 | D14: ='[12]Dia 3 (b)'!$X20 -> 16.748118 | E14: ='[12]Dia 4 (b)'!$X20 -> 11.730692 | F14: ='[12]Dia 5 (b)'!$X20 -> 14.88042 | G14: ='[12]Dia 6 (b)'!$X20 -> 15.442096 | H14: ='[12]Dia 7 (b)'!$X20 -> 13.450874 | I14: ='[12]Dia 8 (b)'!$X20 -> 16.019567 | J14: ='[12]Dia 9 (b)'!$X20 -> 16.663253 | K14: ='[12]Dia 10 (b)'!$X20 -> 16.803831 | L14: ='[12]Dia 11 (b)'!$X20 -> 11.799578 | M14: ='[12]Dia 12 (b)'!$X20 -> 12.220044 | N14: ='[12]Dia 13 (b)'!$X20 -> 13.778673 | O14: ='[12]Dia 14 (b)'!$X20 -> 14.225611 | P14: ='[12]Dia 15 (b)'!$X20 -> 14.800947 | Q14: ='[12]Dia 16 (b)'!$X20 -> 11.296712 | R14: ='[12]Dia 17 (b)'!$X20 -> 12.380207 | S14: ='[12]Dia 18 (b)'!$X20 -> 11.686349 | T14: ='[12]Dia 19 (b)'!$X20 -> 10.293069 | U14: ='[12]Dia 20 (b)'!$X20 -> 15.185624 | V14: ='[12]Dia 21 (b)'!$X20 -> 15.347981 | W14: ='[12]Dia 22 (b)'!$X20 -> 14.938297 | X14: ='[12]Dia 23 (b)'!$X20 -> 15.286471 | Y14: ='[12]Dia 24 (b)'!$X20 -> 14.090392 | Z14: ='[12]Dia 25 (b)'!$X20 -> 14.055855 | AA14: ='[12]Dia 26 (b)'!$X20 -> 15.978715 | AB14: ='[12]Dia 27 (b)'!$X20 -> 16.169092 | AC14: ='[12]Dia 28 (b)'!$X20 -> 13.611781 | AD14: ='[12]Dia 29 (b)'!$X20 -> 13.583948 | AE14: ='[12]Dia 30 (b)'!$X20 -> 12.895788 | AF14: ='[12]Dia 31 (b)'!$X20 -> 13.407816
A15: 12 | B15: ='[12]Dia 1 (b)'!$X21 -> 13.34034 | C15: ='[12]Dia 2 (b)'!$X21 -> 16.754142 | D15: ='[12]Dia 3 (b)'!$X21 -> 17.225145 | E15: ='[12]Dia 4 (b)'!$X21 -> 12.106498 | F15: ='[12]Dia 5 (b)'!$X21 -> 15.008017 | G15: ='[12]Dia 6 (b)'!$X21 -> 14.852526 | H15: ='[12]Dia 7 (b)'!$X21 -> 13.649729 | I15: ='[12]Dia 8 (b)'!$X21 -> 16.62241 | J15: ='[12]Dia 9 (b)'!$X21 -> 16.834755 | K15: ='[12]Dia 10 (b)'!$X21 -> 15.952066 | L15: ='[12]Dia 11 (b)'!$X21 -> 12.565106 | M15: ='[12]Dia 12 (b)'!$X21 -> 12.051128 | N15: ='[12]Dia 13 (b)'!$X21 -> 13.562215 | O15: ='[12]Dia 14 (b)'!$X21 -> 14.009666 | P15: ='[12]Dia 15 (b)'!$X21 -> 14.970476 | Q15: ='[12]Dia 16 (b)'!$X21 -> 11.522675 | R15: ='[12]Dia 17 (b)'!$X21 -> 12.954209 | S15: ='[12]Dia 18 (b)'!$X21 -> 12.721207 | T15: ='[12]Dia 19 (b)'!$X21 -> 10.429425 | U15: ='[12]Dia 20 (b)'!$X21 -> 15.613156 | V15: ='[12]Dia 21 (b)'!$X21 -> 15.999718 | W15: ='[12]Dia 22 (b)'!$X21 -> 15.129394 | X15: ='[12]Dia 23 (b)'!$X21 -> 15.729378 | Y15: ='[12]Dia 24 (b)'!$X21 -> 14.111149 | Z15: ='[12]Dia 25 (b)'!$X21 -> 14.159848 | AA15: ='[12]Dia 26 (b)'!$X21 -> 17.056433 | AB15: ='[12]Dia 27 (b)'!$X21 -> 16.02037 | AC15: ='[12]Dia 28 (b)'!$X21 -> 16.16485 | AD15: ='[12]Dia 29 (b)'!$X21 -> 14.780733 | AE15: ='[12]Dia 30 (b)'!$X21 -> 14.53306 | AF15: ='[12]Dia 31 (b)'!$X21 -> 15.468604
A16: 13 | B16: ='[12]Dia 1 (b)'!$X22 -> 15.726415 | C16: ='[12]Dia 2 (b)'!$X22 -> 16.219704 | D16: ='[12]Dia 3 (b)'!$X22 -> 17.613657 | E16: ='[12]Dia 4 (b)'!$X22 -> 12.148583 | F16: ='[12]Dia 5 (b)'!$X22 -> 15.040058 | G16: ='[12]Dia 6 (b)'!$X22 -> 13.838441 | H16: ='[12]Dia 7 (b)'!$X22 -> 13.058722 | I16: ='[12]Dia 8 (b)'!$X22 -> 16.459267 | J16: ='[12]Dia 9 (b)'!$X22 -> 16.60495 | K16: ='[12]Dia 10 (b)'!$X22 -> 16.315908 | L16: ='[12]Dia 11 (b)'!$X22 -> 12.522946 | M16: ='[12]Dia 12 (b)'!$X22 -> 11.869937 | N16: ='[12]Dia 13 (b)'!$X22 -> 14.368773 | O16: ='[12]Dia 14 (b)'!$X22 -> 14.211009 | P16: ='[12]Dia 15 (b)'!$X22 -> 13.50517 | Q16: ='[12]Dia 16 (b)'!$X22 -> 11.879761 | R16: ='[12]Dia 17 (b)'!$X22 -> 13.109449 | S16: ='[12]Dia 18 (b)'!$X22 -> 13.596761 | T16: ='[12]Dia 19 (b)'!$X22 -> 10.074429 | U16: ='[12]Dia 20 (b)'!$X22 -> 15.149233 | V16: ='[12]Dia 21 (b)'!$X22 -> 20.707466 | W16: ='[12]Dia 22 (b)'!$X22 -> 15.281378 | X16: ='[12]Dia 23 (b)'!$X22 -> 14.916733 | Y16: ='[12]Dia 24 (b)'!$X22 -> 14.202412 | Z16: ='[12]Dia 25 (b)'!$X22 -> 13.05049 | AA16: ='[12]Dia 26 (b)'!$X22 -> 16.758729 | AB16: ='[12]Dia 27 (b)'!$X22 -> 15.787257 | AC16: ='[12]Dia 28 (b)'!$X22 -> 16.617665 | AD16: ='[12]Dia 29 (b)'!$X22 -> 15.238207 | AE16: ='[12]Dia 30 (b)'!$X22 -> 16.093304 | AF16: ='[12]Dia 31 (b)'!$X22 -> 15.451081
A17: 14 | B17: ='[12]Dia 1 (b)'!$X23 -> 16.396305 | C17: ='[12]Dia 2 (b)'!$X23 -> 15.815337 | D17: ='[12]Dia 3 (b)'!$X23 -> 16.588643 | E17: ='[12]Dia 4 (b)'!$X23 -> 11.579302 | F17: ='[12]Dia 5 (b)'!$X23 -> 16.221611 | G17: ='[12]Dia 6 (b)'!$X23 -> 14.097966 | H17: ='[12]Dia 7 (b)'!$X23 -> 12.618459 | I17: ='[12]Dia 8 (b)'!$X23 -> 16.329654 | J17: ='[12]Dia 9 (b)'!$X23 -> 15.94144 | K17: ='[12]Dia 10 (b)'!$X23 -> 16.247424 | L17: ='[12]Dia 11 (b)'!$X23 -> 12.359529 | M17: ='[12]Dia 12 (b)'!$X23 -> 12.232264 | N17: ='[12]Dia 13 (b)'!$X23 -> 14.509141 | O17: ='[12]Dia 14 (b)'!$X23 -> 14.045516 | P17: ='[12]Dia 15 (b)'!$X23 -> 12.770238 | Q17: ='[12]Dia 16 (b)'!$X23 -> 11.13686 | R17: ='[12]Dia 17 (b)'!$X23 -> 13.217016 | S17: ='[12]Dia 18 (b)'!$X23 -> 12.982432 | T17: ='[12]Dia 19 (b)'!$X23 -> 15.06928 | U17: ='[12]Dia 20 (b)'!$X23 -> 14.041324 | V17: ='[12]Dia 21 (b)'!$X23 -> 17.35744 | W17: ='[12]Dia 22 (b)'!$X23 -> 15.226332 | X17: ='[12]Dia 23 (b)'!$X23 -> 14.676129 | Y17: ='[12]Dia 24 (b)'!$X23 -> 14.833912 | Z17: ='[12]Dia 25 (b)'!$X23 -> 13.264101 | AA17: ='[12]Dia 26 (b)'!$X23 -> 16.069613 | AB17: ='[12]Dia 27 (b)'!$X23 -> 17.927495 | AC17: ='[12]Dia 28 (b)'!$X23 -> 15.782629 | AD17: ='[12]Dia 29 (b)'!$X23 -> 15.023925 | AE17: ='[12]Dia 30 (b)'!$X23 -> 14.518373 | AF17: ='[12]Dia 31 (b)'!$X23 -> 15.422848
A18: 15 | B18: ='[12]Dia 1 (b)'!$X24 -> 16.157949 | C18: ='[12]Dia 2 (b)'!$X24 -> 15.862624 | D18: ='[12]Dia 3 (b)'!$X24 -> 16.167409 | E18: ='[12]Dia 4 (b)'!$X24 -> 11.963368 | F18: ='[12]Dia 5 (b)'!$X24 -> 16.006536 | G18: ='[12]Dia 6 (b)'!$X24 -> 14.622064 | H18: ='[12]Dia 7 (b)'!$X24 -> 12.599674 | I18: ='[12]Dia 8 (b)'!$X24 -> 17.063794 | J18: ='[12]Dia 9 (b)'!$X24 -> 16.077777 | K18: ='[12]Dia 10 (b)'!$X24 -> 17.684463 | L18: ='[12]Dia 11 (b)'!$X24 -> 12.060507 | M18: ='[12]Dia 12 (b)'!$X24 -> 12.218448 | N18: ='[12]Dia 13 (b)'!$X24 -> 14.734567 | O18: ='[12]Dia 14 (b)'!$X24 -> 13.281736 | P18: ='[12]Dia 15 (b)'!$X24 -> 11.049651 | Q18: ='[12]Dia 16 (b)'!$X24 -> 10.638834 | R18: ='[12]Dia 17 (b)'!$X24 -> 13.759511 | S18: ='[12]Dia 18 (b)'!$X24 -> 13.393808 | T18: ='[12]Dia 19 (b)'!$X24 -> 15.600196 | U18: ='[12]Dia 20 (b)'!$X24 -> 15.510244 | V18: ='[12]Dia 21 (b)'!$X24 -> 17.426385 | W18: ='[12]Dia 22 (b)'!$X24 -> 15.45677 | X18: ='[12]Dia 23 (b)'!$X24 -> 14.78015 | Y18: ='[12]Dia 24 (b)'!$X24 -> 15.014913 | Z18: ='[12]Dia 25 (b)'!$X24 -> 17.39161 | AA18: ='[12]Dia 26 (b)'!$X24 -> 17.626218 | AB18: ='[12]Dia 27 (b)'!$X24 -> 16.824221 | AC18: ='[12]Dia 28 (b)'!$X24 -> 17.902372 | AD18: ='[12]Dia 29 (b)'!$X24 -> 15.168407 | AE18: ='[12]Dia 30 (b)'!$X24 -> 14.825111 | AF18: ='[12]Dia 31 (b)'!$X24 -> 16.005271
A19: 16
A20: 17
A21: 18
A22: 19
A23: 20
A24: 21
A25: 22
A26: 23
A27: 24
B28: NÃO ESTÃO SENDO MAIS INTERPOLADOS AS OBSERVAÇÕES ENTRE AS 16H E 6H.
A30: MÉDIA
A31: DIÁRIA
A34: MÁXIMA
A35: DIÁRIA
A38: MÍNIMA
A39: DIÁRIA
A42: AMPLITUDE
A43: DIÁRIA
H46: MÉDIA | K46: MÁXIMA | N46: MÍNIMA | Q46: AMPLITUDE | T46: MÉDIA | V46: MÉDIA | X46: DIF. DAS
H47: MENSAL | K47: MENSAL | N47: MENSAL | Q47: MENSAL | T47: DAS MÁX. | V47: DAS MÍN. | X47: MÉDIAS

Sheet Média Diária
B1: MÉDIA DIÁRIA | D1: 2024
C2: jan | D2: fev | E2: mar | F2: abr | G2: mai | H2: jun | I2: jul | J2: ago | K2: set | L2: out | M2: nov | N2: dez
A3: B | B3: 1 | C3: =Jan!B$31 -> 0 | D3: =Fev!B$31 -> 0 | E3: =Mar!B$31 -> 0 | F3: =Abr!B$31 -> 0 | G3: =Mai!B$31 -> 0 | H3: =Jun!B$31 -> 0 | I3: =Jul!B$31 -> 0 | J3: =Ago!B$31 -> 0 | K3: =Set!B$31 -> 0 | L3: =Out!B$31 -> 0 | M3: =Nov!B$31 -> 0 | N3: =Dez!B$31 -> 0
A4: C | B4: 2 | C4: =Jan!C$31 -> 0 | D4: =Fev!C$31 -> 0 | E4: =Mar!C$31 -> 0 | F4: =Abr!C$31 -> 0 | G4: =Mai!C$31 -> 0 | H4: =Jun!C$31 -> 0 | I4: =Jul!C$31 -> 0 | J4: =Ago!C$31 -> 0 | K4: =Set!C$31 -> 0 | L4: =Out!C$31 -> 0 | M4: =Nov!C$31 -> 0 | N4: =Dez!C$31 -> 0
A5: D | B5: 3 | C5: =Jan!D$31 -> 0 | D5: =Fev!D$31 -> 0 | E5: =Mar!D$31 -> 0 | F5: =Abr!D$31 -> 0 | G5: =Mai!D$31 -> 0 | H5: =Jun!D$31 -> 0 | I5: =Jul!D$31 -> 0 | J5: =Ago!D$31 -> 0 | K5: =Set!D$31 -> 0 | L5: =Out!D$31 -> 0 | M5: =Nov!D$31 -> 0 | N5: =Dez!D$31 -> 0
A6: E | B6: 4 | C6: =Jan!E$31 -> 0 | D6: =Fev!E$31 -> 0 | E6: =Mar!E$31 -> 0 | F6: =Abr!E$31 -> 0 | G6: =Mai!E$31 -> 0 | H6: =Jun!E$31 -> 0 | I6: =Jul!E$31 -> 0 | J6: =Ago!E$31 -> 0 | K6: =Set!E$31 -> 0 | L6: =Out!E$31 -> 0 | M6: =Nov!E$31 -> 0 | N6: =Dez!E$31 -> 0
A7: F | B7: 5 | C7: =Jan!F$31 -> 0 | D7: =Fev!F$31 -> 0 | E7: =Mar!F$31 -> 0 | F7: =Abr!F$31 -> 0 | G7: =Mai!F$31 -> 0 | H7: =Jun!F$31 -> 0 | I7: =Jul!F$31 -> 0 | J7: =Ago!F$31 -> 0 | K7: =Set!F$31 -> 0 | L7: =Out!F$31 -> 0 | M7: =Nov!F$31 -> 0 | N7: =Dez!F$31 -> 0
A8: G | B8: 6 | C8: =Jan!G$31 -> 0 | D8: =Fev!G$31 -> 0 | E8: =Mar!G$31 -> 0 | F8: =Abr!G$31 -> 0 | G8: =Mai!G$31 -> 0 | H8: =Jun!G$31 -> 0 | I8: =Jul!G$31 -> 0 | J8: =Ago!G$31 -> 0 | K8: =Set!G$31 -> 0 | L8: =Out!G$31 -> 0 | M8: =Nov!G$31 -> 0 | N8: =Dez!G$31 -> 0
A9: H | B9: 7 | C9: =Jan!H$31 -> 0 | D9: =Fev!H$31 -> 0 | E9: =Mar!H$31 -> 0 | F9: =Abr!H$31 -> 0 | G9: =Mai!H$31 -> 0 | H9: =Jun!H$31 -> 0 | I9: =Jul!H$31 -> 0 | J9: =Ago!H$31 -> 0 | K9: =Set!H$31 -> 0 | L9: =Out!H$31 -> 0 | M9: =Nov!H$31 -> 0 | N9: =Dez!H$31 -> 0
A10: I | B10: 8 | C10: =Jan!I$31 -> 0 | D10: =Fev!I$31 -> 0 | E10: =Mar!I$31 -> 0 | F10: =Abr!I$31 -> 0 | G10: =Mai!I$31 -> 0 | H10: =Jun!I$31 -> 0 | I10: =Jul!I$31 -> 0 | J10: =Ago!I$31 -> 0 | K10: =Set!I$31 -> 0 | L10: =Out!I$31 -> 0 | M10: =Nov!I$31 -> 0 | N10: =Dez!I$31 -> 0
A11: J | B11: 9 | C11: =Jan!J$31 -> 0 | D11: =Fev!J$31 -> 0 | E11: =Mar!J$31 -> 0 | F11: =Abr!J$31 -> 0 | G11: =Mai!J$31 -> 0 | H11: =Jun!J$31 -> 0 | I11: =Jul!J$31 -> 0 | J11: =Ago!J$31 -> 0 | K11: =Set!J$31 -> 0 | L11: =Out!J$31 -> 0 | M11: =Nov!J$31 -> 0 | N11: =Dez!J$31 -> 0
A12: K | B12: 10 | C12: =Jan!K$31 -> 0 | D12: =Fev!K$31 -> 0 | E12: =Mar!K$31 -> 0 | F12: =Abr!K$31 -> 0 | G12: =Mai!K$31 -> 0 | H12: =Jun!K$31 -> 0 | I12: =Jul!K$31 -> 0 | J12: =Ago!K$31 -> 0 | K12: =Set!K$31 -> 0 | L12: =Out!K$31 -> 0 | M12: =Nov!K$31 -> 0 | N12: =Dez!K$31 -> 0
A13: L | B13: 11 | C13: =Jan!L$31 -> 0 | D13: =Fev!L$31 -> 0 | E13: =Mar!L$31 -> 0 | F13: =Abr!L$31 -> 0 | G13: =Mai!L$31 -> 0 | H13: =Jun!L$31 -> 0 | I13: =Jul!L$31 -> 0 | J13: =Ago!L$31 -> 0 | K13: =Set!L$31 -> 0 | L13: =Out!L$31 -> 0 | M13: =Nov!L$31 -> 0 | N13: =Dez!L$31 -> 0
A14: M | B14: 12 | C14: =Jan!M$31 -> 0 | D14: =Fev!M$31 -> 0 | E14: =Mar!M$31 -> 0 | F14: =Abr!M$31 -> 0 | G14: =Mai!M$31 -> 0 | H14: =Jun!M$31 -> 0 | I14: =Jul!M$31 -> 0 | J14: =Ago!M$31 -> 0 | K14: =Set!M$31 -> 0 | L14: =Out!M$31 -> 0 | M14: =Nov!M$31 -> 0 | N14: =Dez!M$31 -> 0
A15: N | B15: 13 | C15: =Jan!N$31 -> 0 | D15: =Fev!N$31 -> 0 | E15: =Mar!N$31 -> 0 | F15: =Abr!N$31 -> 0 | G15: =Mai!N$31 -> 0 | H15: =Jun!N$31 -> 0 | I15: =Jul!N$31 -> 0 | J15: =Ago!N$31 -> 0 | K15: =Set!N$31 -> 0 | L15: =Out!N$31 -> 0 | M15: =Nov!N$31 -> 0 | N15: =Dez!N$31 -> 0
A16: O | B16: 14 | C16: =Jan!O$31 -> 0 | D16: =Fev!O$31 -> 0 | E16: =Mar!O$31 -> 0 | F16: =Abr!O$31 -> 0 | G16: =Mai!O$31 -> 0 | H16: =Jun!O$31 -> 0 | I16: =Jul!O$31 -> 0 | J16: =Ago!O$31 -> 0 | K16: =Set!O$31 -> 0 | L16: =Out!O$31 -> 0 | M16: =Nov!O$31 -> 0 | N16: =Dez!O$31 -> 0
A17: P | B17: 15 | C17: =Jan!P$31 -> 0 | D17: =Fev!P$31 -> 0 | E17: =Mar!P$31 -> 0 | F17: =Abr!P$31 -> 0 | G17: =Mai!P$31 -> 0 | H17: =Jun!P$31 -> 0 | I17: =Jul!P$31 -> 0 | J17: =Ago!P$31 -> 0 | K17: =Set!P$31 -> 0 | L17: =Out!P$31 -> 0 | M17: =Nov!P$31 -> 0 | N17: =Dez!P$31 -> 0
A18: Q | B18: 16 | C18: =Jan!Q$31 -> 0 | D18: =Fev!Q$31 -> 0 | E18: =Mar!Q$31 -> 0 | F18: =Abr!Q$31 -> 0 | G18: =Mai!Q$31 -> 0 | H18: =Jun!Q$31 -> 0 | I18: =Jul!Q$31 -> 0 | J18: =Ago!Q$31 -> 0 | K18: =Set!Q$31 -> 0 | L18: =Out!Q$31 -> 0 | M18: =Nov!Q$31 -> 0 | N18: =Dez!Q$31 -> 0
A19: R | B19: 17 | C19: =Jan!R$31 -> 0 | D19: =Fev!R$31 -> 0 | E19: =Mar!R$31 -> 0 | F19: =Abr!R$31 -> 0 | G19: =Mai!R$31 -> 0 | H19: =Jun!R$31 -> 0 | I19: =Jul!R$31 -> 0 | J19: =Ago!R$31 -> 0 | K19: =Set!R$31 -> 0 | L19: =Out!R$31 -> 0 | M19: =Nov!R$31 -> 0 | N19: =Dez!R$31 -> 0
A20: S | B20: 18 | C20: =Jan!S$31 -> 0 | D20: =Fev!S$31 -> 0 | E20: =Mar!S$31 -> 0 | F20: =Abr!S$31 -> 0 | G20: =Mai!S$31 -> 0 | H20: =Jun!S$31 -> 0 | I20: =Jul!S$31 -> 0 | J20: =Ago!S$31 -> 0 | K20: =Set!S$31 -> 0 | L20: =Out!S$31 -> 0 | M20: =Nov!S$31 -> 0 | N20: =Dez!S$31 -> 0
A21: T | B21: 19 | C21: =Jan!T$31 -> 0 | D21: =Fev!T$31 -> 0 | E21: =Mar!T$31 -> 0 | F21: =Abr!T$31 -> 0 | G21: =Mai!T$31 -> 0 | H21: =Jun!T$31 -> 0 | I21: =Jul!T$31 -> 0 | J21: =Ago!T$31 -> 0 | K21: =Set!T$31 -> 0 | L21: =Out!T$31 -> 0 | M21: =Nov!T$31 -> 0 | N21: =Dez!T$31 -> 0
A22: U | B22: 20 | C22: =Jan!U$31 -> 0 | D22: =Fev!U$31 -> 0 | E22: =Mar!U$31 -> 0 | F22: =Abr!U$31 -> 0 | G22: =Mai!U$31 -> 0 | H22: =Jun!U$31 -> 0 | I22: =Jul!U$31 -> 0 | J22: =Ago!U$31 -> 0 | K22: =Set!U$31 -> 0 | L22: =Out!U$31 -> 0 | M22: =Nov!U$31 -> 0 | N22: =Dez!U$31 -> 0
A23: V | B23: 21 | C23: =Jan!V$31 -> 0 | D23: =Fev!V$31 -> 0 | E23: =Mar!V$31 -> 0 | F23: =Abr!V$31 -> 0 | G23: =Mai!V$31 -> 0 | H23: =Jun!V$31 -> 0 | I23: =Jul!V$31 -> 0 | J23: =Ago!V$31 -> 0 | K23: =Set!V$31 -> 0 | L23: =Out!V$31 -> 0 | M23: =Nov!V$31 -> 0 | N23: =Dez!V$31 -> 0
A24: W | B24: 22 | C24: =Jan!W$31 -> 0 | D24: =Fev!W$31 -> 0 | E24: =Mar!W$31 -> 0 | F24: =Abr!W$31 -> 0 | G24: =Mai!W$31 -> 0 | H24: =Jun!W$31 -> 0 | I24: =Jul!W$31 -> 0 | J24: =Ago!W$31 -> 0 | K24: =Set!W$31 -> 0 | L24: =Out!W$31 -> 0 | M24: =Nov!W$31 -> 0 | N24: =Dez!W$31 -> 0
A25: X | B25: 23 | C25: =Jan!X$31 -> 0 | D25: =Fev!X$31 -> 0 | E25: =Mar!X$31 -> 0 | F25: =Abr!X$31 -> 0 | G25: =Mai!X$31 -> 0 | H25: =Jun!X$31 -> 0 | I25: =Jul!X$31 -> 0 | J25: =Ago!X$31 -> 0 | K25: =Set!X$31 -> 0 | L25: =Out!X$31 -> 0 | M25: =Nov!X$31 -> 0 | N25: =Dez!X$31 -> 0
A26: Y | B26: 24 | C26: =Jan!Y$31 -> 0 | D26: =Fev!Y$31 -> 0 | E26: =Mar!Y$31 -> 0 | F26: =Abr!Y$31 -> 0 | G26: =Mai!Y$31 -> 0 | H26: =Jun!Y$31 -> 0 | I26: =Jul!Y$31 -> 0 | J26: =Ago!Y$31 -> 0 | K26: =Set!Y$31 -> 0 | L26: =Out!Y$31 -> 0 | M26: =Nov!Y$31 -> 0 | N26: =Dez!Y$31 -> 0
A27: Z | B27: 25 | C27: =Jan!Z$31 -> 0 | D27: =Fev!Z$31 -> 0 | E27: =Mar!Z$31 -> 0 | F27: =Abr!Z$31 -> 0 | G27: =Mai!Z$31 -> 0 | H27: =Jun!Z$31 -> 0 | I27: =Jul!Z$31 -> 0 | J27: =Ago!Z$31 -> 0 | K27: =Set!Z$31 -> 0 | L27: =Out!Z$31 -> 0 | M27: =Nov!Z$31 -> 0 | N27: =Dez!Z$31 -> 0
A28: AA | B28: 26 | C28: =Jan!AA$31 -> 0 | D28: =Fev!AA$31 -> 0 | E28: =Mar!AA$31 -> 0 | F28: =Abr!AA$31 -> 0 | G28: =Mai!AA$31 -> 0 | H28: =Jun!AA$31 -> 0 | I28: =Jul!AA$31 -> 0 | J28: =Ago!AA$31 -> 0 | K28: =Set!AA$31 -> 0 | L28: =Out!AA$31 -> 0 | M28: =Nov!AA$31 -> 0 | N28: =Dez!AA$31 -> 0
A29: AB | B29: 27 | C29: =Jan!AB$31 -> 0 | D29: =Fev!AB$31 -> 0 | E29: =Mar!AB$31 -> 0 | F29: =Abr!AB$31 -> 0 | G29: =Mai!AB$31 -> 0 | H29: =Jun!AB$31 -> 0 | I29: =Jul!AB$31 -> 0 | J29: =Ago!AB$31 -> 0 | K29: =Set!AB$31 -> 0 | L29: =Out!AB$31 -> 0 | M29: =Nov!AB$31 -> 0 | N29: =Dez!AB$31 -> 0
A30: AC | B30: 28 | C30: =Jan!AC$31 -> 0 | D30: =Fev!AC$31 -> 0 | E30: =Mar!AC$31 -> 0 | F30: =Abr!AC$31 -> 0 | G30: =Mai!AC$31 -> 0 | H30: =Jun!AC$31 -> 0 | I30: =Jul!AC$31 -> 0 | J30: =Ago!AC$31 -> 0 | K30: =Set!AC$31 -> 0 | L30: =Out!AC$31 -> 0 | M30: =Nov!AC$31 -> 0 | N30: =Dez!AC$31 -> 0
A31: AD | B31: 29 | C31: =Jan!AD$31 -> 0 | D31: =Fev!AD$31 -> 0 | E31: =Mar!AD$31 -> 0 | F31: =Abr!AD$31 -> 0 | G31: =Mai!AD$31 -> 0 | H31: =Jun!AD$31 -> 0 | I31: =Jul!AD$31 -> 0 | J31: =Ago!AD$31 -> 0 | K31: =Set!AD$31 -> 0 | L31: =Out!AD$31 -> 0 | M31: =Nov!AD$31 -> 0 | N31: =Dez!AD$31 -> 0
A32: AE | B32: 30 | C32: =Jan!AE$31 -> 0 | E32: =Mar!AE$31 -> 0 | F32: =Abr!AE$31 -> 0 | G32: =Mai!AE$31 -> 0 | H32: =Jun!AE$31 -> 0 | I32: =Jul!AE$31 -> 0 | J32: =Ago!AE$31 -> 0 | K32: =Set!AE$31 -> 0 | L32: =Out!AE$31 -> 0 | M32: =Nov!AE$31 -> 0 | N32: =Dez!AE$31 -> 0
A33: AF | B33: 31 | C33: =Jan!AF$31 -> 0 | E33: =Mar!AF$31 -> 0 | G33: =Mai!AF$31 -> 0 | I33: =Jul!AF$31 -> 0 | J33: =Ago!AF$31 -> 0 | L33: =Out!AF$31 -> 0 | N33: =Dez!AF$31 -> 0
B35: Média | C35: =AVERAGE(C3:C33) -> 0 | D35: =AVERAGE(D3:D33) -> 0 | E35: =AVERAGE(E3:E33) -> 0 | F35: =AVERAGE(F3:F33) -> 0 | G35: =AVERAGE(G3:G33) -> 0 | H35: =AVERAGE(H3:H33) -> 0 | I35: =AVERAGE(I3:I33) -> 0 | J35: =AVERAGE(J3:J33) -> 0 | ... N35: =AVERAGE(N3:N33) -> 0
B36: Mensal

Sheet Máxima Mensal
B1: MÁXIMA DIÁRIA | D1: 2024
C2: jan | D2: fev | E2: mar | F2: abr | G2: mai | H2: jun | I2: jul | J2: ago | K2: set | L2: out | M2: nov | N2: dez
A3: B | B3: 1 | C3: =Jan!B$35 -> 0 | D3: =Fev!B$35 -> 0 | E3: =Mar!B$35 -> 0 | F3: =Abr!B$35 -> 0 | G3: =Mai!B$35 -> 0 | H3: =Jun!B$35 -> 0 | I3: =Jul!B$35 -> 0 | J3: =Ago!B$35 -> 0 | K3: =Set!B$35 -> 0 | L3: =Out!B$35 -> 0 | M3: =Nov!B$35 -> 0 | N3: =Dez!B$35 -> 0
A4: C | B4: 2 | C4: =Jan!C$35 -> 0 | D4: =Fev!C$35 -> 0 | E4: =Mar!C$35 -> 0 | F4: =Abr!C$35 -> 0 | G4: =Mai!C$35 -> 0 | H4: =Jun!C$35 -> 0 | I4: =Jul!C$35 -> 0 | J4: =Ago!C$35 -> 0 | K4: =Set!C$35 -> 0 | L4: =Out!C$35 -> 0 | M4: =Nov!C$35 -> 0 | N4: =Dez!C$35 -> 0
A5: D | B5: 3 | C5: =Jan!D$35 -> 0 | D5: =Fev!D$35 -> 0 | E5: =Mar!D$35 -> 0 | F5: =Abr!D$35 -> 0 | G5: =Mai!D$35 -> 0 | H5: =Jun!D$35 -> 0 | I5: =Jul!D$35 -> 0 | J5: =Ago!D$35 -> 0 | K5: =Set!D$35 -> 0 | L5: =Out!D$35 -> 0 | M5: =Nov!D$35 -> 0 | N5: =Dez!D$35 -> 0
A6: E | B6: 4 | C6: =Jan!E$35 -> 0 | D6: =Fev!E$35 -> 0 | E6: =Mar!E$35 -> 0 | F6: =Abr!E$35 -> 0 | G6: =Mai!E$35 -> 0 | H6: =Jun!E$35 -> 0 | I6: =Jul!E$35 -> 0 | J6: =Ago!E$35 -> 0 | K6: =Set!E$35 -> 0 | L6: =Out!E$35 -> 0 | M6: =Nov!E$35 -> 0 | N6: =Dez!E$35 -> 0
A7: F | B7: 5 | C7: =Jan!F$35 -> 0 | D7: =Fev!F$35 -> 0 | E7: =Mar!F$35 -> 0 | F7: =Abr!F$35 -> 0 | G7: =Mai!F$35 -> 0 | H7: =Jun!F$35 -> 0 | I7: =Jul!F$35 -> 0 | J7: =Ago!F$35 -> 0 | K7: =Set!F$35 -> 0 | L7: =Out!F$35 -> 0 | M7: =Nov!F$35 -> 0 | N7: =Dez!F$35 -> 0
A8: G | B8: 6 | C8: =Jan!G$35 -> 0 | D8: =Fev!G$35 -> 0 | E8: =Mar!G$35 -> 0 | F8: =Abr!G$35 -> 0 | G8: =Mai!G$35 -> 0 | H8: =Jun!G$35 -> 0 | I8: =Jul!G$35 -> 0 | J8: =Ago!G$35 -> 0 | K8: =Set!G$35 -> 0 | L8: =Out!G$35 -> 0 | M8: =Nov!G$35 -> 0 | N8: =Dez!G$35 -> 0
A9: H | B9: 7 | C9: =Jan!H$35 -> 0 | D9: =Fev!H$35 -> 0 | E9: =Mar!H$35 -> 0 | F9: =Abr!H$35 -> 0 | G9: =Mai!H$35 -> 0 | H9: =Jun!H$35 -> 0 | I9: =Jul!H$35 -> 0 | J9: =Ago!H$35 -> 0 | K9: =Set!H$35 -> 0 | L9: =Out!H$35 -> 0 | M9: =Nov!H$35 -> 0 | N9: =Dez!H$35 -> 0
A10: I | B10: 8 | C10: =Jan!I$35 -> 0 | D10: =Fev!I$35 -> 0 | E10: =Mar!I$35 -> 0 | F10: =Abr!I$35 -> 0 | G10: =Mai!I$35 -> 0 | H10: =Jun!I$35 -> 0 | I10: =Jul!I$35 -> 0 | J10: =Ago!I$35 -> 0 | K10: =Set!I$35 -> 0 | L10: =Out!I$35 -> 0 | M10: =Nov!I$35 -> 0 | N10: =Dez!I$35 -> 0
A11: J | B11: 9 | C11: =Jan!J$35 -> 0 | D11: =Fev!J$35 -> 0 | E11: =Mar!J$35 -> 0 | F11: =Abr!J$35 -> 0 | G11: =Mai!J$35 -> 0 | H11: =Jun!J$35 -> 0 | I11: =Jul!J$35 -> 0 | J11: =Ago!J$35 -> 0 | K11: =Set!J$35 -> 0 | L11: =Out!J$35 -> 0 | M11: =Nov!J$35 -> 0 | N11: =Dez!J$35 -> 0
A12: K | B12: 10 | C12: =Jan!K$35 -> 0 | D12: =Fev!K$35 -> 0 | E12: =Mar!K$35 -> 0 | F12: =Abr!K$35 -> 0 | G12: =Mai!K$35 -> 0 | H12: =Jun!K$35 -> 0 | I12: =Jul!K$35 -> 0 | J12: =Ago!K$35 -> 0 | K12: =Set!K$35 -> 0 | L12: =Out!K$35 -> 0 | M12: =Nov!K$35 -> 0 | N12: =Dez!K$35 -> 0
A13: L | B13: 11 | C13: =Jan!L$35 -> 0 | D13: =Fev!L$35 -> 0 | E13: =Mar!L$35 -> 0 | F13: =Abr!L$35 -> 0 | G13: =Mai!L$35 -> 0 | H13: =Jun!L$35 -> 0 | I13: =Jul!L$35 -> 0 | J13: =Ago!L$35 -> 0 | K13: =Set!L$35 -> 0 | L13: =Out!L$35 -> 0 | M13: =Nov!L$35 -> 0 | N13: =Dez!L$35 -> 0
A14: M | B14: 12 | C14: =Jan!M$35 -> 0 | D14: =Fev!M$35 -> 0 | E14: =Mar!M$35 -> 0 | F14: =Abr!M$35 -> 0 | G14: =Mai!M$35 -> 0 | H14: =Jun!M$35 -> 0 | I14: =Jul!M$35 -> 0 | J14: =Ago!M$35 -> 0 | K14: =Set!M$35 -> 0 | L14: =Out!M$35 -> 0 | M14: =Nov!M$35 -> 0 | N14: =Dez!M$35 -> 0
A15: N | B15: 13 | C15: =Jan!N$35 -> 0 | D15: =Fev!N$35 -> 0 | E15: =Mar!N$35 -> 0 | F15: =Abr!N$35 -> 0 | G15: =Mai!N$35 -> 0 | H15: =Jun!N$35 -> 0 | I15: =Jul!N$35 -> 0 | J15: =Ago!N$35 -> 0 | K15: =Set!N$35 -> 0 | L15: =Out!N$35 -> 0 | M15: =Nov!N$35 -> 0 | N15: =Dez!N$35 -> 0
A16: O | B16: 14 | C16: =Jan!O$35 -> 0 | D16: =Fev!O$35 -> 0 | E16: =Mar!O$35 -> 0 | F16: =Abr!O$35 -> 0 | G16: =Mai!O$35 -> 0 | H16: =Jun!O$35 -> 0 | I16: =Jul!O$35 -> 0 | J16: =Ago!O$35 -> 0 | K16: =Set!O$35 -> 0 | L16: =Out!O$35 -> 0 | M16: =Nov!O$35 -> 0 | N16: =Dez!O$35 -> 0
A17: P | B17: 15 | C17: =Jan!P$35 -> 0 | D17: =Fev!P$35 -> 0 | E17: =Mar!P$35 -> 0 | F17: =Abr!P$35 -> 0 | G17: =Mai!P$35 -> 0 | H17: =Jun!P$35 -> 0 | I17: =Jul!P$35 -> 0 | J17: =Ago!P$35 -> 0 | K17: =Set!P$35 -> 0 | L17: =Out!P$35 -> 0 | M17: =Nov!P$35 -> 0 | N17: =Dez!P$35 -> 0
A18: Q | B18: 16 | C18: =Jan!Q$35 -> 0 | D18: =Fev!Q$35 -> 0 | E18: =Mar!Q$35 -> 0 | F18: =Abr!Q$35 -> 0 | G18: =Mai!Q$35 -> 0 | H18: =Jun!Q$35 -> 0 | I18: =Jul!Q$35 -> 0 | J18: =Ago!Q$35 -> 0 | K18: =Set!Q$35 -> 0 | L18: =Out!Q$35 -> 0 | M18: =Nov!Q$35 -> 0 | N18: =Dez!Q$35 -> 0
A19: R | B19: 17 | C19: =Jan!R$35 -> 0 | D19: =Fev!R$35 -> 0 | E19: =Mar!R$35 -> 0 | F19: =Abr!R$35 -> 0 | G19: =Mai!R$35 -> 0 | H19: =Jun!R$35 -> 0 | I19: =Jul!R$35 -> 0 | J19: =Ago!R$35 -> 0 | K19: =Set!R$35 -> 0 | L19: =Out!R$35 -> 0 | M19: =Nov!R$35 -> 0 | N19: =Dez!R$35 -> 0
A20: S | B20: 18 | C20: =Jan!S$35 -> 0 | D20: =Fev!S$35 -> 0 | E20: =Mar!S$35 -> 0 | F20: =Abr!S$35 -> 0 | G20: =Mai!S$35 -> 0 | H20: =Jun!S$35 -> 0 | I20: =Jul!S$35 -> 0 | J20: =Ago!S$35 -> 0 | K20: =Set!S$35 -> 0 | L20: =Out!S$35 -> 0 | M20: =Nov!S$35 -> 0 | N20: =Dez!S$35 -> 0
A21: T | B21: 19 | C21: =Jan!T$35 -> 0 | D21: =Fev!T$35 -> 0 | E21: =Mar!T$35 -> 0 | F21: =Abr!T$35 -> 0 | G21: =Mai!T$35 -> 0 | H21: =Jun!T$35 -> 0 | I21: =Jul!T$35 -> 0 | J21: =Ago!T$35 -> 0 | K21: =Set!T$35 -> 0 | L21: =Out!T$35 -> 0 | M21: =Nov!T$35 -> 0 | N21: =Dez!T$35 -> 0
A22: U | B22: 20 | C22: =Jan!U$35 -> 0 | D22: =Fev!U$35 -> 0 | E22: =Mar!U$35 -> 0 | F22: =Abr!U$35 -> 0 | G22: =Mai!U$35 -> 0 | H22: =Jun!U$35 -> 0 | I22: =Jul!U$35 -> 0 | J22: =Ago!U$35 -> 0 | K22: =Set!U$35 -> 0 | L22: =Out!U$35 -> 0 | M22: =Nov!U$35 -> 0 | N22: =Dez!U$35 -> 0
A23: V | B23: 21 | C23: =Jan!V$35 -> 0 | D23: =Fev!V$35 -> 0 | E23: =Mar!V$35 -> 0 | F23: =Abr!V$35 -> 0 | G23: =Mai!V$35 -> 0 | H23: =Jun!V$35 -> 0 | I23: =Jul!V$35 -> 0 | J23: =Ago!V$35 -> 0 | K23: =Set!V$35 -> 0 | L23: =Out!V$35 -> 0 | M23: =Nov!V$35 -> 0 | N23: =Dez!V$35 -> 0
A24: W | B24: 22 | C24: =Jan!W$35 -> 0 | D24: =Fev!W$35 -> 0 | E24: =Mar!W$35 -> 0 | F24: =Abr!W$35 -> 0 | G24: =Mai!W$35 -> 0 | H24: =Jun!W$35 -> 0 | I24: =Jul!W$35 -> 0 | J24: =Ago!W$35 -> 0 | K24: =Set!W$35 -> 0 | L24: =Out!W$35 -> 0 | M24: =Nov!W$35 -> 0 | N24: =Dez!W$35 -> 0
A25: X | B25: 23 | C25: =Jan!X$35 -> 0 | D25: =Fev!X$35 -> 0 | E25: =Mar!X$35 -> 0 | F25: =Abr!X$35 -> 0 | G25: =Mai!X$35 -> 0 | H25: =Jun!X$35 -> 0 | I25: =Jul!X$35 -> 0 | J25: =Ago!X$35 -> 0 | K25: =Set!X$35 -> 0 | L25: =Out!X$35 -> 0 | M25: =Nov!X$35 -> 0 | N25: =Dez!X$35 -> 0
A26: Y | B26: 24 | C26: =Jan!Y$35 -> 0 | D26: =Fev!Y$35 -> 0 | E26: =Mar!Y$35 -> 0 | F26: =Abr!Y$35 -> 0 | G26: =Mai!Y$35 -> 0 | H26: =Jun!Y$35 -> 0 | I26: =Jul!Y$35 -> 0 | J26: =Ago!Y$35 -> 0 | K26: =Set!Y$35 -> 0 | L26: =Out!Y$35 -> 0 | M26: =Nov!Y$35 -> 0 | N26: =Dez!Y$35 -> 0
A27: Z | B27: 25 | C27: =Jan!Z$35 -> 0 | D27: =Fev!Z$35 -> 0 | E27: =Mar!Z$35 -> 0 | F27: =Abr!Z$35 -> 0 | G27: =Mai!Z$35 -> 0 | H27: =Jun!Z$35 -> 0 | I27: =Jul!Z$35 -> 0 | J27: =Ago!Z$35 -> 0 | K27: =Set!Z$35 -> 0 | L27: =Out!Z$35 -> 0 | M27: =Nov!Z$35 -> 0 | N27: =Dez!Z$35 -> 0
A28: AA | B28: 26 | C28: =Jan!AA$35 -> 0 | D28: =Fev!AA$35 -> 0 | E28: =Mar!AA$35 -> 0 | F28: =Abr!AA$35 -> 0 | G28: =Mai!AA$35 -> 0 | H28: =Jun!AA$35 -> 0 | I28: =Jul!AA$35 -> 0 | J28: =Ago!AA$35 -> 0 | K28: =Set!AA$35 -> 0 | L28: =Out!AA$35 -> 0 | M28: =Nov!AA$35 -> 0 | N28: =Dez!AA$35 -> 0
A29: AB | B29: 27 | C29: =Jan!AB$35 -> 0 | D29: =Fev!AB$35 -> 0 | E29: =Mar!AB$35 -> 0 | F29: =Abr!AB$35 -> 0 | G29: =Mai!AB$35 -> 0 | H29: =Jun!AB$35 -> 0 | I29: =Jul!AB$35 -> 0 | J29: =Ago!AB$35 -> 0 | K29: =Set!AB$35 -> 0 | L29: =Out!AB$35 -> 0 | M29: =Nov!AB$35 -> 0 | N29: =Dez!AB$35 -> 0
A30: AC | B30: 28 | C30: =Jan!AC$35 -> 0 | D30: =Fev!AC$35 -> 0 | E30: =Mar!AC$35 -> 0 | F30: =Abr!AC$35 -> 0 | G30: =Mai!AC$35 -> 0 | H30: =Jun!AC$35 -> 0 | I30: =Jul!AC$35 -> 0 | J30: =Ago!AC$35 -> 0 | K30: =Set!AC$35 -> 0 | L30: =Out!AC$35 -> 0 | M30: =Nov!AC$35 -> 0 | N30: =Dez!AC$35 -> 0
A31: AD | B31: 29 | C31: =Jan!AD$35 -> 0 | D31: =Fev!AD$35 -> 0 | E31: =Mar!AD$35 -> 0 | F31: =Abr!AD$35 -> 0 | G31: =Mai!AD$35 -> 0 | H31: =Jun!AD$35 -> 0 | I31: =Jul!AD$35 -> 0 | J31: =Ago!AD$35 -> 0 | K31: =Set!AD$35 -> 0 | L31: =Out!AD$35 -> 0 | M31: =Nov!AD$35 -> 0 | N31: =Dez!AD$35 -> 0
A32: AE | B32: 30 | C32: =Jan!AE$35 -> 0 | E32: =Mar!AE$35 -> 0 | F32: =Abr!AE$35 -> 0 | G32: =Mai!AE$35 -> 0 | H32: =Jun!AE$35 -> 0 | I32: =Jul!AE$35 -> 0 | J32: =Ago!AE$35 -> 0 | K32: =Set!AE$35 -> 0 | L32: =Out!AE$35 -> 0 | M32: =Nov!AE$35 -> 0 | N32: =Dez!AE$35 -> 0
A33: AF | B33: 31 | C33: =Jan!AF$35 -> 0 | E33: =Mar!AF$35 -> 0 | G33: =Mai!AF$35 -> 0 | I33: =Jul!AF$35 -> 0 | J33: =Ago!AF$35 -> 0 | L33: =Out!AF$35 -> 0 | N33: =Dez!AF$35 -> 0
B35: Máxima | C35: =MAX(C3:C33) -> 0 | D35: =MAX(D3:D33) -> 0 | E35: =MAX(E3:E33) -> 0 | F35: =MAX(F3:F33) -> 0 | G35: =MAX(G3:G33) -> 0 | H35: =MAX(H3:H33) -> 0 | I35: =MAX(I3:I33) -> 0 | J35: =MAX(J3:J33) -> 0 | ... N35: =MAX(N3:N33) -> 0
B36: Mensal

Sheet Mínima Mensal 
B1: MÍNIMA DIÁRIA | D1: 2024
C2: jan | D2: fev | E2: mar | F2: abr | G2: mai | H2: jun | I2: jul | J2: ago | K2: set | L2: out | M2: nov | N2: dez
A3: B | B3: 1 | C3: =Jan!B$39 -> 0 | D3: =Fev!B$39 -> 0 | E3: =Mar!B$39 -> 0 | F3: =Abr!B$39 -> 0 | G3: =Mai!B$39 -> 0 | H3: =Jun!B$39 -> 0 | I3: =Jul!B$39 -> 0 | J3: =Ago!B$39 -> 0 | K3: =Set!B$39 -> 0 | L3: =Out!B$39 -> 0 | M3: =Nov!B$39 -> 0 | N3: =Dez!B$39 -> 0
A4: C | B4: 2 | C4: =Jan!C$39 -> 0 | D4: =Fev!C$39 -> 0 | E4: =Mar!C$39 -> 0 | F4: =Abr!C$39 -> 0 | G4: =Mai!C$39 -> 0 | H4: =Jun!C$39 -> 0 | I4: =Jul!C$39 -> 0 | J4: =Ago!C$39 -> 0 | K4: =Set!C$39 -> 0 | L4: =Out!C$39 -> 0 | M4: =Nov!C$39 -> 0 | N4: =Dez!C$39 -> 0
A5: D | B5: 3 | C5: =Jan!D$39 -> 0 | D5: =Fev!D$39 -> 0 | E5: =Mar!D$39 -> 0 | F5: =Abr!D$39 -> 0 | G5: =Mai!D$39 -> 0 | H5: =Jun!D$39 -> 0 | I5: =Jul!D$39 -> 0 | J5: =Ago!D$39 -> 0 | K5: =Set!D$39 -> 0 | L5: =Out!D$39 -> 0 | M5: =Nov!D$39 -> 0 | N5: =Dez!D$39 -> 0
A6: E | B6: 4 | C6: =Jan!E$39 -> 0 | D6: =Fev!E$39 -> 0 | E6: =Mar!E$39 -> 0 | F6: =Abr!E$39 -> 0 | G6: =Mai!E$39 -> 0 | H6: =Jun!E$39 -> 0 | I6: =Jul!E$39 -> 0 | J6: =Ago!E$39 -> 0 | K6: =Set!E$39 -> 0 | L6: =Out!E$39 -> 0 | M6: =Nov!E$39 -> 0 | N6: =Dez!E$39 -> 0
A7: F | B7: 5 | C7: =Jan!F$39 -> 0 | D7: =Fev!F$39 -> 0 | E7: =Mar!F$39 -> 0 | F7: =Abr!F$39 -> 0 | G7: =Mai!F$39 -> 0 | H7: =Jun!F$39 -> 0 | I7: =Jul!F$39 -> 0 | J7: =Ago!F$39 -> 0 | K7: =Set!F$39 -> 0 | L7: =Out!F$39 -> 0 | M7: =Nov!F$39 -> 0 | N7: =Dez!F$39 -> 0
A8: G | B8: 6 | C8: =Jan!G$39 -> 0 | D8: =Fev!G$39 -> 0 | E8: =Mar!G$39 -> 0 | F8: =Abr!G$39 -> 0 | G8: =Mai!G$39 -> 0 | H8: =Jun!G$39 -> 0 | I8: =Jul!G$39 -> 0 | J8: =Ago!G$39 -> 0 | K8: =Set!G$39 -> 0 | L8: =Out!G$39 -> 0 | M8: =Nov!G$39 -> 0 | N8: =Dez!G$39 -> 0
A9: H | B9: 7 | C9: =Jan!H$39 -> 0 | D9: =Fev!H$39 -> 0 | E9: =Mar!H$39 -> 0 | F9: =Abr!H$39 -> 0 | G9: =Mai!H$39 -> 0 | H9: =Jun!H$39 -> 0 | I9: =Jul!H$39 -> 0 | J9: =Ago!H$39 -> 0 | K9: =Set!H$39 -> 0 | L9: =Out!H$39 -> 0 | M9: =Nov!H$39 -> 0 | N9: =Dez!H$39 -> 0
A10: I | B10: 8 | C10: =Jan!I$39 -> 0 | D10: =Fev!I$39 -> 0 | E10: =Mar!I$39 -> 0 | F10: =Abr!I$39 -> 0 | G10: =Mai!I$39 -> 0 | H10: =Jun!I$39 -> 0 | I10: =Jul!I$39 -> 0 | J10: =Ago!I$39 -> 0 | K10: =Set!I$39 -> 0 | L10: =Out!I$39 -> 0 | M10: =Nov!I$39 -> 0 | N10: =Dez!I$39 -> 0
A11: J | B11: 9 | C11: =Jan!J$39 -> 0 | D11: =Fev!J$39 -> 0 | E11: =Mar!J$39 -> 0 | F11: =Abr!J$39 -> 0 | G11: =Mai!J$39 -> 0 | H11: =Jun!J$39 -> 0 | I11: =Jul!J$39 -> 0 | J11: =Ago!J$39 -> 0 | K11: =Set!J$39 -> 0 | L11: =Out!J$39 -> 0 | M11: =Nov!J$39 -> 0 | N11: =Dez!J$39 -> 0
A12: K | B12: 10 | C12: =Jan!K$39 -> 0 | D12: =Fev!K$39 -> 0 | E12: =Mar!K$39 -> 0 | F12: =Abr!K$39 -> 0 | G12: =Mai!K$39 -> 0 | H12: =Jun!K$39 -> 0 | I12: =Jul!K$39 -> 0 | J12: =Ago!K$39 -> 0 | K12: =Set!K$39 -> 0 | L12: =Out!K$39 -> 0 | M12: =Nov!K$39 -> 0 | N12: =Dez!K$39 -> 0
A13: L | B13: 11 | C13: =Jan!L$39 -> 0 | D13: =Fev!L$39 -> 0 | E13: =Mar!L$39 -> 0 | F13: =Abr!L$39 -> 0 | G13: =Mai!L$39 -> 0 | H13: =Jun!L$39 -> 0 | I13: =Jul!L$39 -> 0 | J13: =Ago!L$39 -> 0 | K13: =Set!L$39 -> 0 | L13: =Out!L$39 -> 0 | M13: =Nov!L$39 -> 0 | N13: =Dez!L$39 -> 0
A14: M | B14: 12 | C14: =Jan!M$39 -> 0 | D14: =Fev!M$39 -> 0 | E14: =Mar!M$39 -> 0 | F14: =Abr!M$39 -> 0 | G14: =Mai!M$39 -> 0 | H14: =Jun!M$39 -> 0 | I14: =Jul!M$39 -> 0 | J14: =Ago!M$39 -> 0 | K14: =Set!M$39 -> 0 | L14: =Out!M$39 -> 0 | M14: =Nov!M$39 -> 0 | N14: =Dez!M$39 -> 0
A15: N | B15: 13 | C15: =Jan!N$39 -> 0 | D15: =Fev!N$39 -> 0 | E15: =Mar!N$39 -> 0 | F15: =Abr!N$39 -> 0 | G15: =Mai!N$39 -> 0 | H15: =Jun!N$39 -> 0 | I15: =Jul!N$39 -> 0 | J15: =Ago!N$39 -> 0 | K15: =Set!N$39 -> 0 | L15: =Out!N$39 -> 0 | M15: =Nov!N$39 -> 0 | N15: =Dez!N$39 -> 0
A16: O | B16: 14 | C16: =Jan!O$39 -> 0 | D16: =Fev!O$39 -> 0 | E16: =Mar!O$39 -> 0 | F16: =Abr!O$39 -> 0 | G16: =Mai!O$39 -> 0 | H16: =Jun!O$39 -> 0 | I16: =Jul!O$39 -> 0 | J16: =Ago!O$39 -> 0 | K16: =Set!O$39 -> 0 | L16: =Out!O$39 -> 0 | M16: =Nov!O$39 -> 0 | N16: =Dez!O$39 -> 0
A17: P | B17: 15 | C17: =Jan!P$39 -> 0 | D17: =Fev!P$39 -> 0 | E17: =Mar!P$39 -> 0 | F17: =Abr!P$39 -> 0 | G17: =Mai!P$39 -> 0 | H17: =Jun!P$39 -> 0 | I17: =Jul!P$39 -> 0 | J17: =Ago!P$39 -> 0 | K17: =Set!P$39 -> 0 | L17: =Out!P$39 -> 0 | M17: =Nov!P$39 -> 0 | N17: =Dez!P$39 -> 0
A18: Q | B18: 16 | C18: =Jan!Q$39 -> 0 | D18: =Fev!Q$39 -> 0 | E18: =Mar!Q$39 -> 0 | F18: =Abr!Q$39 -> 0 | G18: =Mai!Q$39 -> 0 | H18: =Jun!Q$39 -> 0 | I18: =Jul!Q$39 -> 0 | J18: =Ago!Q$39 -> 0 | K18: =Set!Q$39 -> 0 | L18: =Out!Q$39 -> 0 | M18: =Nov!Q$39 -> 0 | N18: =Dez!Q$39 -> 0
A19: R | B19: 17 | C19: =Jan!R$39 -> 0 | D19: =Fev!R$39 -> 0 | E19: =Mar!R$39 -> 0 | F19: =Abr!R$39 -> 0 | G19: =Mai!R$39 -> 0 | H19: =Jun!R$39 -> 0 | I19: =Jul!R$39 -> 0 | J19: =Ago!R$39 -> 0 | K19: =Set!R$39 -> 0 | L19: =Out!R$39 -> 0 | M19: =Nov!R$39 -> 0 | N19: =Dez!R$39 -> 0
A20: S | B20: 18 | C20: =Jan!S$39 -> 0 | D20: =Fev!S$39 -> 0 | E20: =Mar!S$39 -> 0 | F20: =Abr!S$39 -> 0 | G20: =Mai!S$39 -> 0 | H20: =Jun!S$39 -> 0 | I20: =Jul!S$39 -> 0 | J20: =Ago!S$39 -> 0 | K20: =Set!S$39 -> 0 | L20: =Out!S$39 -> 0 | M20: =Nov!S$39 -> 0 | N20: =Dez!S$39 -> 0
A21: T | B21: 19 | C21: =Jan!T$39 -> 0 | D21: =Fev!T$39 -> 0 | E21: =Mar!T$39 -> 0 | F21: =Abr!T$39 -> 0 | G21: =Mai!T$39 -> 0 | H21: =Jun!T$39 -> 0 | I21: =Jul!T$39 -> 0 | J21: =Ago!T$39 -> 0 | K21: =Set!T$39 -> 0 | L21: =Out!T$39 -> 0 | M21: =Nov!T$39 -> 0 | N21: =Dez!T$39 -> 0
A22: U | B22: 20 | C22: =Jan!U$39 -> 0 | D22: =Fev!U$39 -> 0 | E22: =Mar!U$39 -> 0 | F22: =Abr!U$39 -> 0 | G22: =Mai!U$39 -> 0 | H22: =Jun!U$39 -> 0 | I22: =Jul!U$39 -> 0 | J22: =Ago!U$39 -> 0 | K22: =Set!U$39 -> 0 | L22: =Out!U$39 -> 0 | M22: =Nov!U$39 -> 0 | N22: =Dez!U$39 -> 0
A23: V | B23: 21 | C23: =Jan!V$39 -> 0 | D23: =Fev!V$39 -> 0 | E23: =Mar!V$39 -> 0 | F23: =Abr!V$39 -> 0 | G23: =Mai!V$39 -> 0 | H23: =Jun!V$39 -> 0 | I23: =Jul!V$39 -> 0 | J23: =Ago!V$39 -> 0 | K23: =Set!V$39 -> 0 | L23: =Out!V$39 -> 0 | M23: =Nov!V$39 -> 0 | N23: =Dez!V$39 -> 0
A24: W | B24: 22 | C24: =Jan!W$39 -> 0 | D24: =Fev!W$39 -> 0 | E24: =Mar!W$39 -> 0 | F24: =Abr!W$39 -> 0 | G24: =Mai!W$39 -> 0 | H24: =Jun!W$39 -> 0 | I24: =Jul!W$39 -> 0 | J24: =Ago!W$39 -> 0 | K24: =Set!W$39 -> 0 | L24: =Out!W$39 -> 0 | M24: =Nov!W$39 -> 0 | N24: =Dez!W$39 -> 0
A25: X | B25: 23 | C25: =Jan!X$39 -> 0 | D25: =Fev!X$39 -> 0 | E25: =Mar!X$39 -> 0 | F25: =Abr!X$39 -> 0 | G25: =Mai!X$39 -> 0 | H25: =Jun!X$39 -> 0 | I25: =Jul!X$39 -> 0 | J25: =Ago!X$39 -> 0 | K25: =Set!X$39 -> 0 | L25: =Out!X$39 -> 0 | M25: =Nov!X$39 -> 0 | N25: =Dez!X$39 -> 0
A26: Y | B26: 24 | C26: =Jan!Y$39 -> 0 | D26: =Fev!Y$39 -> 0 | E26: =Mar!Y$39 -> 0 | F26: =Abr!Y$39 -> 0 | G26: =Mai!Y$39 -> 0 | H26: =Jun!Y$39 -> 0 | I26: =Jul!Y$39 -> 0 | J26: =Ago!Y$39 -> 0 | K26: =Set!Y$39 -> 0 | L26: =Out!Y$39 -> 0 | M26: =Nov!Y$39 -> 0 | N26: =Dez!Y$39 -> 0
A27: Z | B27: 25 | C27: =Jan!Z$39 -> 0 | D27: =Fev!Z$39 -> 0 | E27: =Mar!Z$39 -> 0 | F27: =Abr!Z$39 -> 0 | G27: =Mai!Z$39 -> 0 | H27: =Jun!Z$39 -> 0 | I27: =Jul!Z$39 -> 0 | J27: =Ago!Z$39 -> 0 | K27: =Set!Z$39 -> 0 | L27: =Out!Z$39 -> 0 | M27: =Nov!Z$39 -> 0 | N27: =Dez!Z$39 -> 0
A28: AA | B28: 26 | C28: =Jan!AA$39 -> 0 | D28: =Fev!AA$39 -> 0 | E28: =Mar!AA$39 -> 0 | F28: =Abr!AA$39 -> 0 | G28: =Mai!AA$39 -> 0 | H28: =Jun!AA$39 -> 0 | I28: =Jul!AA$39 -> 0 | J28: =Ago!AA$39 -> 0 | K28: =Set!AA$39 -> 0 | L28: =Out!AA$39 -> 0 | M28: =Nov!AA$39 -> 0 | N28: =Dez!AA$39 -> 0
A29: AB | B29: 27 | C29: =Jan!AB$39 -> 0 | D29: =Fev!AB$39 -> 0 | E29: =Mar!AB$39 -> 0 | F29: =Abr!AB$39 -> 0 | G29: =Mai!AB$39 -> 0 | H29: =Jun!AB$39 -> 0 | I29: =Jul!AB$39 -> 0 | J29: =Ago!AB$39 -> 0 | K29: =Set!AB$39 -> 0 | L29: =Out!AB$39 -> 0 | M29: =Nov!AB$39 -> 0 | N29: =Dez!AB$39 -> 0
A30: AC | B30: 28 | C30: =Jan!AC$39 -> 0 | D30: =Fev!AC$39 -> 0 | E30: =Mar!AC$39 -> 0 | F30: =Abr!AC$39 -> 0 | G30: =Mai!AC$39 -> 0 | H30: =Jun!AC$39 -> 0 | I30: =Jul!AC$39 -> 0 | J30: =Ago!AC$39 -> 0 | K30: =Set!AC$39 -> 0 | L30: =Out!AC$39 -> 0 | M30: =Nov!AC$39 -> 0 | N30: =Dez!AC$39 -> 0
A31: AD | B31: 29 | C31: =Jan!AD$39 -> 0 | D31: =Fev!AD$39 -> 0 | E31: =Mar!AD$39 -> 0 | F31: =Abr!AD$39 -> 0 | G31: =Mai!AD$39 -> 0 | H31: =Jun!AD$39 -> 0 | I31: =Jul!AD$39 -> 0 | J31: =Ago!AD$39 -> 0 | K31: =Set!AD$39 -> 0 | L31: =Out!AD$39 -> 0 | M31: =Nov!AD$39 -> 0 | N31: =Dez!AD$39 -> 0
A32: AE | B32: 30 | C32: =Jan!AE$39 -> 0 | E32: =Mar!AE$39 -> 0 | F32: =Abr!AE$39 -> 0 | G32: =Mai!AE$39 -> 0 | H32: =Jun!AE$39 -> 0 | I32: =Jul!AE$39 -> 0 | J32: =Ago!AE$39 -> 0 | K32: =Set!AE$39 -> 0 | L32: =Out!AE$39 -> 0 | M32: =Nov!AE$39 -> 0 | N32: =Dez!AE$39 -> 0
A33: AF | B33: 31 | C33: =Jan!AF$39 -> 0 | E33: =Mar!AF$39 -> 0 | G33: =Mai!AF$39 -> 0 | I33: =Jul!AF$39 -> 0 | J33: =Ago!AF$39 -> 0 | L33: =Out!AF$39 -> 0 | N33: =Dez!AF$39 -> 0
B35: Mínima | C35: =MIN(C3:C33) -> 0 | D35: =MIN(D3:D33) -> 0 | E35: =MIN(E3:E33) -> 0 | F35: =MIN(F3:F33) -> 0 | G35: =MIN(G3:G33) -> 0 | H35: =MIN(H3:H33) -> 0 | I35: =MIN(I3:I33) -> 0 | J35: =MIN(J3:J33) -> 0 | ... N35: =MIN(N3:N33) -> 0
B36: Mensal
