Workbook

Sheet janeiro
B1: JANEIRO DE 2024 | J1: INSTITUTO ASTRONÔMICO E GEOFÍSICO DA UNIVERSIDADE DE SÃO PAULO | BE1: ultima 24horas | BG1: ultima 24horas
B2: DIGITADO POR PETY | AU2: Planilha atualizada por Edvaldo Gomes | BE2: até7h do dia | BG2: até 7H DO DIA ANTERIOR
B3: VERIFICADO POR PETY | M3: RESULTADOS EXTRAÍDOS DE PLUVIOGRAMA DIÁRIO (mm DE CHUVA)
AY4: VALORES DIÁRIOS | BE4: 7as7h do dia de hoje
AY5: (de 00h a 24h) | BE5: DAEE | BF5: DESVIO | BG5: EMAE
AY6: Altura | AZ6: Duração | BA6: Máxima | BE6: Altura | BG6: Máxima
A7: H. | B7: 0 - 1 | D7: 1 - 2 | F7: 2 - 3 | H7: 3 - 4 | J7: 4 - 5 | L7: 5 - 6 | N7: 6 - 7 | P7: 7 - 8 | R7: 8 - 9 | T7: 9 - 10 | V7: 10 - 11 | X7: 11 - 12 | Z7: 12 - 13 | AB7: 13 - 14 | AD7: 14 - 15 | AF7: 15 - 16 | AH7: 16 - 17 | AJ7: 17 - 18 | AL7: 18 - 19 | AN7: 19 - 20 | AP7: 20 - 21 | AR7: 21 - 22 | AT7: 22 - 23 | AV7: 23 - 24 | AX7: H. | AY7: total | AZ7: total | BA7: altura | BB7: Freq. | BE7: total | BG7: altura
A8: D. | B8: ALT. | C8: DUR. | D8: ALT. | E8: DUR. | F8: ALT. | G8: DUR. | H8: ALT. | I8: DUR. | J8: ALT. | K8: DUR. | L8: ALT. | M8: DUR. | N8: ALT. | O8: DUR. | P8: ALT. | Q8: DUR. | R8: ALT. | S8: DUR. | T8: ALT. | U8: DUR. | V8: ALT. | W8: DUR. | X8: ALT. | Y8: DUR. | Z8: ALT. | AA8: DUR. | AB8: ALT. | AC8: DUR. | AD8: ALT. | AE8: DUR. | AF8: ALT. | AG8: DUR. | AH8: ALT. | AI8: DUR. | AJ8: ALT. | AK8: DUR. | AL8: ALT. | AM8: DUR. | AN8: ALT. | AO8: DUR. | AP8: ALT. | AQ8: DUR. | AR8: ALT. | AS8: DUR. | AT8: ALT. | AU8: DUR. | AV8: ALT. | AW8: DUR. | AX8: D. | AY8: (mm) | AZ8: (min) | BA8: horária | BB8: (horas) | BE8: (mm) | BG8: horária | BH8: (horas)
A9: 31 | AX9: 31 | AY9: =B9+D9+F9+H9+J9+L9+N9+P9+R9+T9+V9+X9+Z9+AB9+AD9+AF9+AH9+AJ9+AL9+AN9+AP9+AR9+AT9+AV9 -> 0 | AZ9: =C9+E9+G9+I9+K9+M9+O9+Q9+S9+U9+W9+Y9+AA9+AC9+AE9+AG9+AI9+AK9+AM9+AO9+AQ9+AS9+AU9+AW9 -> 0 | BA9: =MAX(B9,D9,F9,H9,J9,L9,N9,P9,R9,T9,V9,X9,Z9,AB9,AD9,AF9,AH9,AJ9,AL9,AN9,AP9,AR9,AT9,AV9) -> 0 | BB9: =COUNT(B9,D9,F9,H9,J9,L9,N9,P9,R9,T9,V9,X9,Z9,AB9,AD9,AF9,AH9,AJ9,AL9,AN9,AP9,AR9,AT9,AV9) -> 0 | BE9: =SUM(P9+R9+T9+V9+X9+Z9+AB9+AD9+AF9+AH9+AJ9+AL9+AN9+AP9+AR9+AT9+AV9+B10+D10+F10+H10+J10+L10+N10) -> 0 | BG9: =BE10 -> 0
A10: 1 | AX10: 1 | AY10: =B10+D10+F10+H10+J10+L10+N10+P10+R10+T10+V10+X10+Z10+AB10+AD10+AF10+AH10+AJ10+AL10+AN10+AP10+AR10+AT10+AV10 -> 0 | AZ10: =C10+E10+G10+I10+K10+M10+O10+Q10+S10+U10+W10+Y10+AA10+AC10+AE10+AG10+AI10+AK10+AM10+AO10+AQ10+AS10+AU10+AW10 -> 0 | BA10: =MAX(B10,D10,F10,H10,J10,L10,N10,P10,R10,T10,V10,X10,Z10,AB10,AD10,AF10,AH10,AJ10,AL10,AN10,AP10,AR10,AT10,AV10) -> 0 | BB10: =COUNT(B10,D10,F10,H10,J10,L10,N10,P10,R10,T10,V10,X10,Z10,AB10,AD10,AF10,AH10,AJ10,AL10,AN10,AP10,AR10,AT10,AV10) -> 0 | BD10: =IF(BB10>0,1,0) -> 0 | BE10: =P9+R9+T9+V9+X9+Z9+AB9+AD9+AF9+AH9+AJ9+AL9+AN9+AP9+AR9+AT9+AV9+B10+D10+F10+H10+J10+L10+N10 -> 0 | BF10: 40908 | BG10: =janeiro!$BE11 -> 0 | BI10: =IF(BH10>0,1,0) -> 0
A11: 2 | AX11: 2 | AY11: =B11+D11+F11+H11+J11+L11+N11+P11+R11+T11+V11+X11+Z11+AB11+AD11+AF11+AH11+AJ11+AL11+AN11+AP11+AR11+AT11+AV11 -> 0 | AZ11: =C11+E11+G11+I11+K11+M11+O11+Q11+S11+U11+W11+Y11+AA11+AC11+AE11+AG11+AI11+AK11+AM11+AO11+AQ11+AS11+AU11+AW11 -> 0 | BA11: =MAX(B11,D11,F11,H11,J11,L11,N11,P11,R11,T11,V11,X11,Z11,AB11,AD11,AF11,AH11,AJ11,AL11,AN11,AP11,AR11,AT11,AV11) -> 0 | BB11: =COUNT(B11,D11,F11,H11,J11,L11,N11,P11,R11,T11,V11,X11,Z11,AB11,AD11,AF11,AH11,AJ11,AL11,AN11,AP11,AR11,AT11,AV11) -> 0 | BD11: =IF(BB11>0,1,0) -> 0 | BE11: =P10+R10+T10+V10+X10+Z10+AB10+AD10+AF10+AH10+AJ10+AL10+AN10+AP10+AR10+AT10+AV10+B11+D11+F11+H11+J11+L11+N11 -> 0 | BG11: =janeiro!$BE12 -> 0 | BI11: =IF(BH11>0,1,0) -> 0
A12: 3 | AX12: 3 | AY12: =B12+D12+F12+H12+J12+L12+N12+P12+R12+T12+V12+X12+Z12+AB12+AD12+AF12+AH12+AJ12+AL12+AN12+AP12+AR12+AT12+AV12 -> 0 | AZ12: =C12+E12+G12+I12+K12+M12+O12+Q12+S12+U12+W12+Y12+AA12+AC12+AE12+AG12+AI12+AK12+AM12+AO12+AQ12+AS12+AU12+AW12 -> 0 | BA12: =MAX(B12,D12,F12,H12,J12,L12,N12,P12,R12,T12,V12,X12,Z12,AB12,AD12,AF12,AH12,AJ12,AL12,AN12,AP12,AR12,AT12,AV12) -> 0 | BB12: =COUNT(B12,D12,F12,H12,J12,L12,N12,P12,R12,T12,V12,X12,Z12,AB12,AD12,AF12,AH12,AJ12,AL12,AN12,AP12,AR12,AT12,AV12) -> 0 | BD12: =IF(BB12>0,1,0) -> 0 | BE12: =P11+R11+T11+V11+X11+Z11+AB11+AD11+AF11+AH11+AJ11+AL11+AN11+AP11+AR11+AT11+AV11+B12+D12+F12+H12+J12+L12+N12 -> 0 | BG12: =janeiro!$BE13 -> 1.2 | BI12: =IF(BH12>0,1,0) -> 0
A13: 4 | B13: 0.1 | C13: 5 | D13: 1.1 | E13: 50 | R13: 0.1 | S13: 10 | T13: 0.2 | U13: 5 | X13: 0.7 | Y13: 10 | Z13: 0.1 | AA13: 5 | AB13: 0.9 | AC13: 10 | AH13: 0.8 | AI13: 30 | AJ13: 0.3 | AK13: 50 | AL13: 3.1 | AM13: 55 | AN13: 5.9 | AO13: 60 | AP13: 10 | AQ13: 60 | AR13: 2.6 | AS13: 30 | AT13: 0.5 | AU13: 20 | AX13: 4 | AY13: =B13+D13+F13+H13+J13+L13+N13+P13+R13+T13+V13+X13+Z13+AB13+AD13+AF13+AH13+AJ13+AL13+AN13+AP13+AR13+AT13+AV13 -> 26.4 | AZ13: =C13+E13+G13+I13+K13+M13+O13+Q13+S13+U13+W13+Y13+AA13+AC13+AE13+AG13+AI13+AK13+AM13+AO13+AQ13+AS13+AU13+AW13 -> 400 | BA13: =MAX(B13,D13,F13,H13,J13,L13,N13,P13,R13,T13,V13,X13,Z13,AB13,AD13,AF13,AH13,AJ13,AL13,AN13,AP13,AR13,AT13,AV13) -> 10 | BB13: =COUNT(B13,D13,F13,H13,J13,L13,N13,P13,R13,T13,V13,X13,Z13,AB13,AD13,AF13,AH13,AJ13,AL13,AN13,AP13,AR13,AT13,AV13) -> 14 | BD13: =IF(BB13>0,1,0) -> 1 | BE13: =P12+R12+T12+V12+X12+Z12+AB12+AD12+AF12+AH12+AJ12+AL12+AN12+AP12+AR12+AT12+AV12+B13+D13+F13+H13+J13+L13+N13 -> 1.2 | BG13: =janeiro!$BE14 -> 25.2 | BI13: =IF(BH13>0,1,0) -> 0
A14: 5 | AX14: 5 | AY14: =B14+D14+F14+H14+J14+L14+N14+P14+R14+T14+V14+X14+Z14+AB14+AD14+AF14+AH14+AJ14+AL14+AN14+AP14+AR14+AT14+AV14 -> 0 | AZ14: =C14+E14+G14+I14+K14+M14+O14+Q14+S14+U14+W14+Y14+AA14+AC14+AE14+AG14+AI14+AK14+AM14+AO14+AQ14+AS14+AU14+AW14 -> 0 | BA14: =MAX(B14,D14,F14,H14,J14,L14,N14,P14,R14,T14,V14,X14,Z14,AB14,AD14,AF14,AH14,AJ14,AL14,AN14,AP14,AR14,AT14,AV14) -> 0 | BB14: =COUNT(B14,D14,F14,H14,J14,L14,N14,P14,R14,T14,V14,X14,Z14,AB14,AD14,AF14,AH14,AJ14,AL14,AN14,AP14,AR14,AT14,AV14) -> 0 | BD14: =IF(BB14>0,1,0) -> 0 | BE14: =P13+R13+T13+V13+X13+Z13+AB13+AD13+AF13+AH13+AJ13+AL13+AN13+AP13+AR13+AT13+AV13+B14+D14+F14+H14+J14+L14+N14 -> 25.2 | BG14: =janeiro!$BE15 -> 0 | BI14: =IF(BH14>0,1,0) -> 0
A15: 6 | AX15: 6 | AY15: =B15+D15+F15+H15+J15+L15+N15+P15+R15+T15+V15+X15+Z15+AB15+AD15+AF15+AH15+AJ15+AL15+AN15+AP15+AR15+AT15+AV15 -> 0 | AZ15: =C15+E15+G15+I15+K15+M15+O15+Q15+S15+U15+W15+Y15+AA15+AC15+AE15+AG15+AI15+AK15+AM15+AO15+AQ15+AS15+AU15+AW15 -> 0 | BA15: =MAX(B15,D15,F15,H15,J15,L15,N15,P15,R15,T15,V15,X15,Z15,AB15,AD15,AF15,AH15,AJ15,AL15,AN15,AP15,AR15,AT15,AV15) -> 0 | BB15: =COUNT(B15,D15,F15,H15,J15,L15,N15,P15,R15,T15,V15,X15,Z15,AB15,AD15,AF15,AH15,AJ15,AL15,AN15,AP15,AR15,AT15,AV15) -> 0 | BD15: =IF(BB15>0,1,0) -> 0 | BE15: =P14+R14+T14+V14+X14+Z14+AB14+AD14+AF14+AH14+AJ14+AL14+AN14+AP14+AR14+AT14+AV14+B15+D15+F15+H15+J15+L15+N15 -> 0 | BG15: =janeiro!$BE16 -> 0 | BI15: =IF(BH15>0,1,0) -> 0
A16: 7 | AX16: 7 | AY16: =B16+D16+F16+H16+J16+L16+N16+P16+R16+T16+V16+X16+Z16+AB16+AD16+AF16+AH16+AJ16+AL16+AN16+AP16+AR16+AT16+AV16 -> 0 | AZ16: =C16+E16+G16+I16+K16+M16+O16+Q16+S16+U16+W16+Y16+AA16+AC16+AE16+AG16+AI16+AK16+AM16+AO16+AQ16+AS16+AU16+AW16 -> 0 | BA16: =MAX(B16,D16,F16,H16,J16,L16,N16,P16,R16,T16,V16,X16,Z16,AB16,AD16,AF16,AH16,AJ16,AL16,AN16,AP16,AR16,AT16,AV16) -> 0 | BB16: =COUNT(B16,D16,F16,H16,J16,L16,N16,P16,R16,T16,V16,X16,Z16,AB16,AD16,AF16,AH16,AJ16,AL16,AN16,AP16,AR16,AT16,AV16) -> 0 | BD16: =IF(BB16>0,1,0) -> 0 | BE16: =P15+R15+T15+V15+X15+Z15+AB15+AD15+AF15+AH15+AJ15+AL15+AN15+AP15+AR15+AT15+AV15+B16+D16+F16+H16+J16+L16+N16 -> 0 | BG16: =janeiro!$BE17 -> 0 | BI16: =IF(BH16>0,1,0) -> 0
A17: 8 | AD17: 19.8 | AE17: 40 | AF17: 11.4 | AG17: 60 | AH17: 0.1 | AI17: 5 | AX17: 8 | AY17: =B17+D17+F17+H17+J17+L17+N17+P17+R17+T17+V17+X17+Z17+AB17+AD17+AF17+AH17+AJ17+AL17+AN17+AP17+AR17+AT17+AV17 -> 31.3 | AZ17: =C17+E17+G17+I17+K17+M17+O17+Q17+S17+U17+W17+Y17+AA17+AC17+AE17+AG17+AI17+AK17+AM17+AO17+AQ17+AS17+AU17+AW17 -> 105 | BA17: =MAX(B17,D17,F17,H17,J17,L17,N17,P17,R17,T17,V17,X17,Z17,AB17,AD17,AF17,AH17,AJ17,AL17,AN17,AP17,AR17,AT17,AV17) -> 19.8 | BB17: =COUNT(B17,D17,F17,H17,J17,L17,N17,P17,R17,T17,V17,X17,Z17,AB17,AD17,AF17,AH17,AJ17,AL17,AN17,AP17,AR17,AT17,AV17) -> 3 | BD17: =IF(BB17>0,1,0) -> 1 | BE17: =P16+R16+T16+V16+X16+Z16+AB16+AD16+AF16+AH16+AJ16+AL16+AN16+AP16+AR16+AT16+AV16+B17+D17+F17+H17+J17+L17+N17 -> 0 | BG17: =janeiro!$BE18 -> 31.3 | BI17: =IF(BH17>0,1,0) -> 0
A18: 9 | AJ18: 0.6 | AK18: 10 | AL18: 0.2 | AM18: 10 | AP18: 3.7 | AQ18: 30 | AR18: 0.2 | AS18: 10 | AX18: 9 | AY18: =B18+D18+F18+H18+J18+L18+N18+P18+R18+T18+V18+X18+Z18+AB18+AD18+AF18+AH18+AJ18+AL18+AN18+AP18+AR18+AT18+AV18 -> 4.7 | AZ18: =C18+E18+G18+I18+K18+M18+O18+Q18+S18+U18+W18+Y18+AA18+AC18+AE18+AG18+AI18+AK18+AM18+AO18+AQ18+AS18+AU18+AW18 -> 60 | BA18: =MAX(B18,D18,F18,H18,J18,L18,N18,P18,R18,T18,V18,X18,Z18,AB18,AD18,AF18,AH18,AJ18,AL18,AN18,AP18,AR18,AT18,AV18) -> 3.7 | BB18: =COUNT(B18,D18,F18,H18,J18,L18,N18,P18,R18,T18,V18,X18,Z18,AB18,AD18,AF18,AH18,AJ18,AL18,AN18,AP18,AR18,AT18,AV18) -> 4 | BD18: =IF(BB18>0,1,0) -> 1 | BE18: =P17+R17+T17+V17+X17+Z17+AB17+AD17+AF17+AH17+AJ17+AL17+AN17+AP17+AR17+AT17+AV17+B18+D18+F18+H18+J18+L18+N18 -> 31.3 | BG18: =janeiro!$BE19 -> 4.7 | BI18: =IF(BH18>0,1,0) -> 0
A19: 10 | AH19: 0.1 | AI19: 5 | AJ19: 12.1 | AK19: 60 | AL19: 0.3 | AM19: 10 | AR19: 1.4 | AS19: 40 | AT19: 2 | AU19: 60 | AV19: 1.3 | AW19: 60 | AX19: 10 | AY19: =B19+D19+F19+H19+J19+L19+N19+P19+R19+T19+V19+X19+Z19+AB19+AD19+AF19+AH19+AJ19+AL19+AN19+AP19+AR19+AT19+AV19 -> 17.2 | AZ19: =C19+E19+G19+I19+K19+M19+O19+Q19+S19+U19+W19+Y19+AA19+AC19+AE19+AG19+AI19+AK19+AM19+AO19+AQ19+AS19+AU19+AW19 -> 235 | BA19: =MAX(B19,D19,F19,H19,J19,L19,N19,P19,R19,T19,V19,X19,Z19,AB19,AD19,AF19,AH19,AJ19,AL19,AN19,AP19,AR19,AT19,AV19) -> 12.1 | BB19: =COUNT(B19,D19,F19,H19,J19,L19,N19,P19,R19,T19,V19,X19,Z19,AB19,AD19,AF19,AH19,AJ19,AL19,AN19,AP19,AR19,AT19,AV19) -> 6 | BD19: =IF(BB19>0,1,0) -> 1 | BE19: =P18+R18+T18+V18+X18+Z18+AB18+AD18+AF18+AH18+AJ18+AL18+AN18+AP18+AR18+AT18+AV18+B19+D19+F19+H19+J19+L19+N19 -> 4.7 | BG19: =janeiro!$BE20 -> 18.4 | BI19: =IF(BH19>0,1,0) -> 0
A20: 11 | B20: 1.2 | C20: 60 | AL20: 0.2 | AM20: 5 | AX20: 11 | AY20: =B20+D20+F20+H20+J20+L20+N20+P20+R20+T20+V20+X20+Z20+AB20+AD20+AF20+AH20+AJ20+AL20+AN20+AP20+AR20+AT20+AV20 -> 1.4 | AZ20: =C20+E20+G20+I20+K20+M20+O20+Q20+S20+U20+W20+Y20+AA20+AC20+AE20+AG20+AI20+AK20+AM20+AO20+AQ20+AS20+AU20+AW20 -> 65 | BA20: =MAX(B20,D20,F20,H20,J20,L20,N20,P20,R20,T20,V20,X20,Z20,AB20,AD20,AF20,AH20,AJ20,AL20,AN20,AP20,AR20,AT20,AV20) -> 1.2 | BB20: =COUNT(B20,D20,F20,H20,J20,L20,N20,P20,R20,T20,V20,X20,Z20,AB20,AD20,AF20,AH20,AJ20,AL20,AN20,AP20,AR20,AT20,AV20) -> 2 | BD20: =IF(BB20>0,1,0) -> 1 | BE20: =P19+R19+T19+V19+X19+Z19+AB19+AD19+AF19+AH19+AJ19+AL19+AN19+AP19+AR19+AT19+AV19+B20+D20+F20+H20+J20+L20+N20 -> 18.4 | BG20: =janeiro!$BE21 -> 4.7 | BI20: =IF(BH20>0,1,0) -> 0
A21: 12 | H21: 3.6 | I21: 15 | J21: 0.8 | K21: 35 | L21: 0.1 | M21: 5 | AB21: 0.4 | AC21: 5 | AD21: 0.1 | AE21: 5 | AJ21: 5.3 | AK21: 10 | AL21: 14.7 | AM21: 60 | AN21: 9.4 | AO21: 60 | AP21: 9.4 | AQ21: 60 | AR21: 8.9 | AS21: 60 | AT21: 10.2 | AU21: 60 | AV21: 6 | AW21: 60 | AX21: 12 | AY21: =B21+D21+F21+H21+J21+L21+N21+P21+R21+T21+V21+X21+Z21+AB21+AD21+AF21+AH21+AJ21+AL21+AN21+AP21+AR21+AT21+AV21 -> 68.9 | AZ21: =C21+E21+G21+I21+K21+M21+O21+Q21+S21+U21+W21+Y21+AA21+AC21+AE21+AG21+AI21+AK21+AM21+AO21+AQ21+AS21+AU21+AW21 -> 435 | BA21: =MAX(B21,D21,F21,H21,J21,L21,N21,P21,R21,T21,V21,X21,Z21,AB21,AD21,AF21,AH21,AJ21,AL21,AN21,AP21,AR21,AT21,AV21) -> 14.7 | BB21: =COUNT(B21,D21,F21,H21,J21,L21,N21,P21,R21,T21,V21,X21,Z21,AB21,AD21,AF21,AH21,AJ21,AL21,AN21,AP21,AR21,AT21,AV21) -> 12 | BD21: =IF(BB21>0,1,0) -> 1 | BE21: =P20+R20+T20+V20+X20+Z20+AB20+AD20+AF20+AH20+AJ20+AL20+AN20+AP20+AR20+AT20+AV20+B21+D21+F21+H21+J21+L21+N21 -> 4.7 | BG21: =janeiro!$BE22 -> 80.4 | BI21: =IF(BH21>0,1,0) -> 0
A22: 13 | B22: 5.7 | C22: 60 | D22: 5.2 | E22: 60 | F22: 3.4 | G22: 60 | H22: 1.2 | I22: 60 | J22: 0.5 | K22: 25 | R22: 0.3 | S22: 15 | AP22: 0.1 | AQ22: 5 | AR22: 0.1 | AS22: 5 | AX22: 13 | AY22: =B22+D22+F22+H22+J22+L22+N22+P22+R22+T22+V22+X22+Z22+AB22+AD22+AF22+AH22+AJ22+AL22+AN22+AP22+AR22+AT22+AV22 -> 16.5 | AZ22: =C22+E22+G22+I22+K22+M22+O22+Q22+S22+U22+W22+Y22+AA22+AC22+AE22+AG22+AI22+AK22+AM22+AO22+AQ22+AS22+AU22+AW22 -> 290 | BA22: =MAX(B22,D22,F22,H22,J22,L22,N22,P22,R22,T22,V22,X22,Z22,AB22,AD22,AF22,AH22,AJ22,AL22,AN22,AP22,AR22,AT22,AV22) -> 5.7 | BB22: =COUNT(B22,D22,F22,H22,J22,L22,N22,P22,R22,T22,V22,X22,Z22,AB22,AD22,AF22,AH22,AJ22,AL22,AN22,AP22,AR22,AT22,AV22) -> 8 | BD22: =IF(BB22>0,1,0) -> 1 | BE22: =P21+R21+T21+V21+X21+Z21+AB21+AD21+AF21+AH21+AJ21+AL21+AN21+AP21+AR21+AT21+AV21+B22+D22+F22+H22+J22+L22+N22 -> 80.4 | BG22: =janeiro!$BE23 -> 0.5 | BI22: =IF(BH22>0,1,0) -> 0
A23: 14 | AX23: 14 | AY23: =B23+D23+F23+H23+J23+L23+N23+P23+R23+T23+V23+X23+Z23+AB23+AD23+AF23+AH23+AJ23+AL23+AN23+AP23+AR23+AT23+AV23 -> 0 | AZ23: =C23+E23+G23+I23+K23+M23+O23+Q23+S23+U23+W23+Y23+AA23+AC23+AE23+AG23+AI23+AK23+AM23+AO23+AQ23+AS23+AU23+AW23 -> 0 | BA23: =MAX(B23,D23,F23,H23,J23,L23,N23,P23,R23,T23,V23,X23,Z23,AB23,AD23,AF23,AH23,AJ23,AL23,AN23,AP23,AR23,AT23,AV23) -> 0 | BB23: =COUNT(B23,D23,F23,H23,J23,L23,N23,P23,R23,T23,V23,X23,Z23,AB23,AD23,AF23,AH23,AJ23,AL23,AN23,AP23,AR23,AT23,AV23) -> 0 | BD23: =IF(BB23>0,1,0) -> 0 | BE23: =P22+R22+T22+V22+X22+Z22+AB22+AD22+AF22+AH22+AJ22+AL22+AN22+AP22+AR22+AT22+AV22+B23+D23+F23+H23+J23+L23+N23 -> 0.5 | BG23: =janeiro!$BE24 -> 0 | BI23: =IF(BH23>0,1,0) -> 0
A24: 15 | AX24: 15 | AY24: =B24+D24+F24+H24+J24+L24+N24+P24+R24+T24+V24+X24+Z24+AB24+AD24+AF24+AH24+AJ24+AL24+AN24+AP24+AR24+AT24+AV24 -> 0 | AZ24: =C24+E24+G24+I24+K24+M24+O24+Q24+S24+U24+W24+Y24+AA24+AC24+AE24+AG24+AI24+AK24+AM24+AO24+AQ24+AS24+AU24+AW24 -> 0 | BA24: =MAX(B24,D24,F24,H24,J24,L24,N24,P24,R24,T24,V24,X24,Z24,AB24,AD24,AF24,AH24,AJ24,AL24,AN24,AP24,AR24,AT24,AV24) -> 0 | BB24: =COUNT(B24,D24,F24,H24,J24,L24,N24,P24,R24,T24,V24,X24,Z24,AB24,AD24,AF24,AH24,AJ24,AL24,AN24,AP24,AR24,AT24,AV24) -> 0 | BD24: =IF(BB24>0,1,0) -> 0 | BE24: =P23+R23+T23+V23+X23+Z23+AB23+AD23+AF23+AH23+AJ23+AL23+AN23+AP23+AR23+AT23+AV23+B24+D24+F24+H24+J24+L24+N24 -> 0 | BG24: =janeiro!$BE25 -> 0 | BI24: =IF(BH24>0,1,0) -> 0
A25: 16 | AX25: 16 | AY25: =B25+D25+F25+H25+J25+L25+N25+P25+R25+T25+V25+X25+Z25+AB25+AD25+AF25+AH25+AJ25+AL25+AN25+AP25+AR25+AT25+AV25 -> 0 | AZ25: =C25+E25+G25+I25+K25+M25+O25+Q25+S25+U25+W25+Y25+AA25+AC25+AE25+AG25+AI25+AK25+AM25+AO25+AQ25+AS25+AU25+AW25 -> 0 | BA25: =MAX(B25,D25,F25,H25,J25,L25,N25,P25,R25,T25,V25,X25,Z25,AB25,AD25,AF25,AH25,AJ25,AL25,AN25,AP25,AR25,AT25,AV25) -> 0 | BB25: =COUNT(B25,D25,F25,H25,J25,L25,N25,P25,R25,T25,V25,X25,Z25,AB25,AD25,AF25,AH25,AJ25,AL25,AN25,AP25,AR25,AT25,AV25) -> 0 | BD25: =IF(BB25>0,1,0) -> 0 | BE25: =P24+R24+T24+V24+X24+Z24+AB24+AD24+AF24+AH24+AJ24+AL24+AN24+AP24+AR24+AT24+AV24+B25+D25+F25+H25+J25+L25+N25 -> 0 | BG25: =janeiro!$BE26 -> 0 | BI25: =IF(BH25>0,1,0) -> 0
A26: 17 | AH26: 0.8 | AI26: 10 | AJ26: 7.2 | AK26: 40 | AX26: 17 | AY26: =B26+D26+F26+H26+J26+L26+N26+P26+R26+T26+V26+X26+Z26+AB26+AD26+AF26+AH26+AJ26+AL26+AN26+AP26+AR26+AT26+AV26 -> 8 | AZ26: =C26+E26+G26+I26+K26+M26+O26+Q26+S26+U26+W26+Y26+AA26+AC26+AE26+AG26+AI26+AK26+AM26+AO26+AQ26+AS26+AU26+AW26 -> 50 | BA26: =MAX(B26,D26,F26,H26,J26,L26,N26,P26,R26,T26,V26,X26,Z26,AB26,AD26,AF26,AH26,AJ26,AL26,AN26,AP26,AR26,AT26,AV26) -> 7.2 | BB26: =COUNT(B26,D26,F26,H26,J26,L26,N26,P26,R26,T26,V26,X26,Z26,AB26,AD26,AF26,AH26,AJ26,AL26,AN26,AP26,AR26,AT26,AV26) -> 2 | BD26: =IF(BB26>0,1,0) -> 1 | BE26: =P25+R25+T25+V25+X25+Z25+AB25+AD25+AF25+AH25+AJ25+AL25+AN25+AP25+AR25+AT25+AV25+B26+D26+F26+H26+J26+L26+N26 -> 0 | BG26: =janeiro!$BE27 -> 8 | BI26: =IF(BH26>0,1,0) -> 0
A27: 18 | AX27: 18 | AY27: =B27+D27+F27+H27+J27+L27+N27+P27+R27+T27+V27+X27+Z27+AB27+AD27+AF27+AH27+AJ27+AL27+AN27+AP27+AR27+AT27+AV27 -> 0 | AZ27: =C27+E27+G27+I27+K27+M27+O27+Q27+S27+U27+W27+Y27+AA27+AC27+AE27+AG27+AI27+AK27+AM27+AO27+AQ27+AS27+AU27+AW27 -> 0 | BA27: =MAX(B27,D27,F27,H27,J27,L27,N27,P27,R27,T27,V27,X27,Z27,AB27,AD27,AF27,AH27,AJ27,AL27,AN27,AP27,AR27,AT27,AV27) -> 0 | BB27: =COUNT(B27,D27,F27,H27,J27,L27,N27,P27,R27,T27,V27,X27,Z27,AB27,AD27,AF27,AH27,AJ27,AL27,AN27,AP27,AR27,AT27,AV27) -> 0 | BD27: =IF(BB27>0,1,0) -> 0 | BE27: =P26+R26+T26+V26+X26+Z26+AB26+AD26+AF26+AH26+AJ26+AL26+AN26+AP26+AR26+AT26+AV26+B27+D27+F27+H27+J27+L27+N27 -> 8 | BG27: =janeiro!$BE28 -> 2.8 | BI27: =IF(BH27>0,1,0) -> 0
A28: 19 | B28: 0.7 | C28: 25 | D28: 1.2 | E28: 60 | F28: 0.5 | G28: 60 | H28: 0.4 | I28: 40 | AJ28: 16.8 | AK28: 20 | AL28: 17 | AM28: 60 | AN28: 3.5 | AO28: 30 | AP28: 29.5 | AQ28: 50 | AR28: 0.1 | AS28: 5 | AX28: 19 | AY28: =B28+D28+F28+H28+J28+L28+N28+P28+R28+T28+V28+X28+Z28+AB28+AD28+AF28+AH28+AJ28+AL28+AN28+AP28+AR28+AT28+AV28 -> 69.7 | AZ28: =C28+E28+G28+I28+K28+M28+O28+Q28+S28+U28+W28+Y28+AA28+AC28+AE28+AG28+AI28+AK28+AM28+AO28+AQ28+AS28+AU28+AW28 -> 350 | BA28: =MAX(B28,D28,F28,H28,J28,L28,N28,P28,R28,T28,V28,X28,Z28,AB28,AD28,AF28,AH28,AJ28,AL28,AN28,AP28,AR28,AT28,AV28) -> 29.5 | BB28: =COUNT(B28,D28,F28,H28,J28,L28,N28,P28,R28,T28,V28,X28,Z28,AB28,AD28,AF28,AH28,AJ28,AL28,AN28,AP28,AR28,AT28,AV28) -> 9 | BD28: =IF(BB28>0,1,0) -> 1 | BE28: =P27+R27+T27+V27+X27+Z27+AB27+AD27+AF27+AH27+AJ27+AL27+AN27+AP27+AR27+AT27+AV27+B28+D28+F28+H28+J28+L28+N28 -> 2.8 | BG28: =janeiro!$BE29 -> 66.9 | BI28: =IF(BH28>0,1,0) -> 0
A29: 20 | AL29: 17.1 | AM29: 50 | AN29: 3.8 | AO29: 60 | AP29: 2.1 | AQ29: 60 | AR29: 0.2 | AS29: 20 | AT29: 0.3 | AU29: 20 | AX29: 20 | AY29: =B29+D29+F29+H29+J29+L29+N29+P29+R29+T29+V29+X29+Z29+AB29+AD29+AF29+AH29+AJ29+AL29+AN29+AP29+AR29+AT29+AV29 -> 23.5 | AZ29: =C29+E29+G29+I29+K29+M29+O29+Q29+S29+U29+W29+Y29+AA29+AC29+AE29+AG29+AI29+AK29+AM29+AO29+AQ29+AS29+AU29+AW29 -> 210 | BA29: =MAX(B29,D29,F29,H29,J29,L29,N29,P29,R29,T29,V29,X29,Z29,AB29,AD29,AF29,AH29,AJ29,AL29,AN29,AP29,AR29,AT29,AV29) -> 17.1 | BB29: =COUNT(B29,D29,F29,H29,J29,L29,N29,P29,R29,T29,V29,X29,Z29,AB29,AD29,AF29,AH29,AJ29,AL29,AN29,AP29,AR29,AT29,AV29) -> 5 | BD29: =IF(BB29>0,1,0) -> 1 | BE29: =P28+R28+T28+V28+X28+Z28+AB28+AD28+AF28+AH28+AJ28+AL28+AN28+AP28+AR28+AT28+AV28+B29+D29+F29+H29+J29+L29+N29 -> 66.9 | BG29: =janeiro!$BE30 -> 23.5 | BI29: =IF(BH29>0,1,0) -> 0
A30: 21 | V30: 1.7 | W30: 5 | AB30: 0.7 | AC30: 15 | AD30: 0.9 | AE30: 25 | AF30: 4.3 | AG30: 30 | AJ30: 0.9 | AK30: 25 | AL30: 0.7 | AM30: 25 | AN30: 0.4 | AO30: 15 | AP30: 1 | AQ30: 25 | AR30: 0.1 | AS30: 5 | AT30: 1.9 | AU30: 40 | AV30: 0.2 | AW30: 5 | AX30: 21 | AY30: =B30+D30+F30+H30+J30+L30+N30+P30+R30+T30+V30+X30+Z30+AB30+AD30+AF30+AH30+AJ30+AL30+AN30+AP30+AR30+AT30+AV30 -> 12.8 | AZ30: =C30+E30+G30+I30+K30+M30+O30+Q30+S30+U30+W30+Y30+AA30+AC30+AE30+AG30+AI30+AK30+AM30+AO30+AQ30+AS30+AU30+AW30 -> 215 | BA30: =MAX(B30,D30,F30,H30,J30,L30,N30,P30,R30,T30,V30,X30,Z30,AB30,AD30,AF30,AH30,AJ30,AL30,AN30,AP30,AR30,AT30,AV30) -> 4.3 | BB30: =COUNT(B30,D30,F30,H30,J30,L30,N30,P30,R30,T30,V30,X30,Z30,AB30,AD30,AF30,AH30,AJ30,AL30,AN30,AP30,AR30,AT30,AV30) -> 11 | BD30: =IF(BB30>0,1,0) -> 1 | BE30: =P29+R29+T29+V29+X29+Z29+AB29+AD29+AF29+AH29+AJ29+AL29+AN29+AP29+AR29+AT29+AV29+B30+D30+F30+H30+J30+L30+N30 -> 23.5 | BG30: =janeiro!$BE31 -> 14.5 | BI30: =IF(BH30>0,1,0) -> 0
A31: 22 | F31: 0.1 | G31: 5 | H31: 0.2 | I31: 15 | J31: 0.4 | K31: 30 | L31: 0.2 | M31: 25 | N31: 0.8 | O31: 35 | P31: 0.1 | Q31: 10 | AJ31: 0.3 | AK31: 5 | AX31: 22 | AY31: =B31+D31+F31+H31+J31+L31+N31+P31+R31+T31+V31+X31+Z31+AB31+AD31+AF31+AH31+AJ31+AL31+AN31+AP31+AR31+AT31+AV31 -> 2.1 | AZ31: =C31+E31+G31+I31+K31+M31+O31+Q31+S31+U31+W31+Y31+AA31+AC31+AE31+AG31+AI31+AK31+AM31+AO31+AQ31+AS31+AU31+AW31 -> 125 | BA31: =MAX(B31,D31,F31,H31,J31,L31,N31,P31,R31,T31,V31,X31,Z31,AB31,AD31,AF31,AH31,AJ31,AL31,AN31,AP31,AR31,AT31,AV31) -> 0.8 | BB31: =COUNT(B31,D31,F31,H31,J31,L31,N31,P31,R31,T31,V31,X31,Z31,AB31,AD31,AF31,AH31,AJ31,AL31,AN31,AP31,AR31,AT31,AV31) -> 7 | BD31: =IF(BB31>0,1,0) -> 1 | BE31: =P30+R30+T30+V30+X30+Z30+AB30+AD30+AF30+AH30+AJ30+AL30+AN30+AP30+AR30+AT30+AV30+B31+D31+F31+H31+J31+L31+N31 -> 14.5 | BG31: =janeiro!$BE32 -> 1.2 | BI31: =IF(BH31>0,1,0) -> 0
A32: 23 | B32: 0.1 | C32: 5 | D32: 0.1 | E32: 5 | N32: 0.6 | O32: 30 | P32: 1.3 | Q32: 60 | R32: 3.4 | S32: 30 | T32: 5 | U32: 60 | V32: 6.2 | W32: 60 | X32: 4.7 | Y32: 60 | Z32: 0.1 | AA32: 10 | AB32: 0.8 | AC32: 30 | AD32: 0.9 | AE32: 30 | AF32: 0.1 | AG32: 10 | AH32: 0.1 | AI32: 5 | AJ32: 0.2 | AK32: 15 | AL32: 0.2 | AM32: 15 | AR32: 0.1 | AS32: 20 | AT32: 0.1 | AU32: 5 | AX32: 23 | AY32: =B32+D32+F32+H32+J32+L32+N32+P32+R32+T32+V32+X32+Z32+AB32+AD32+AF32+AH32+AJ32+AL32+AN32+AP32+AR32+AT32+AV32 -> 24 | AZ32: =C32+E32+G32+I32+K32+M32+O32+Q32+S32+U32+W32+Y32+AA32+AC32+AE32+AG32+AI32+AK32+AM32+AO32+AQ32+AS32+AU32+AW32 -> 450 | BA32: =MAX(B32,D32,F32,H32,J32,L32,N32,P32,R32,T32,V32,X32,Z32,AB32,AD32,AF32,AH32,AJ32,AL32,AN32,AP32,AR32,AT32,AV32) -> 6.2 | BB32: =COUNT(B32,D32,F32,H32,J32,L32,N32,P32,R32,T32,V32,X32,Z32,AB32,AD32,AF32,AH32,AJ32,AL32,AN32,AP32,AR32,AT32,AV32) -> 17 | BD32: =IF(BB32>0,1,0) -> 1 | BE32: =P31+R31+T31+V31+X31+Z31+AB31+AD31+AF31+AH31+AJ31+AL31+AN31+AP31+AR31+AT31+AV31+B32+D32+F32+H32+J32+L32+N32 -> 1.2 | BG32: =janeiro!$BE33 -> 23.2 | BI32: =IF(BH32>0,1,0) -> 0
A33: 24 | AJ33: 0.1 | AK33: 5 | AP33: 0.1 | AQ33: 10 | AR33: 0.1 | AS33: 10 | AT33: 0.1 | AU33: 5 | AV33: 0.1 | AW33: 5 | AX33: 24 | AY33: =B33+D33+F33+H33+J33+L33+N33+P33+R33+T33+V33+X33+Z33+AB33+AD33+AF33+AH33+AJ33+AL33+AN33+AP33+AR33+AT33+AV33 -> 0.5 | AZ33: =C33+E33+G33+I33+K33+M33+O33+Q33+S33+U33+W33+Y33+AA33+AC33+AE33+AG33+AI33+AK33+AM33+AO33+AQ33+AS33+AU33+AW33 -> 35 | BA33: =MAX(B33,D33,F33,H33,J33,L33,N33,P33,R33,T33,V33,X33,Z33,AB33,AD33,AF33,AH33,AJ33,AL33,AN33,AP33,AR33,AT33,AV33) -> 0.1 | BB33: =COUNT(B33,D33,F33,H33,J33,L33,N33,P33,R33,T33,V33,X33,Z33,AB33,AD33,AF33,AH33,AJ33,AL33,AN33,AP33,AR33,AT33,AV33) -> 5 | BD33: =IF(BB33>0,1,0) -> 1 | BE33: =P32+R32+T32+V32+X32+Z32+AB32+AD32+AF32+AH32+AJ32+AL32+AN32+AP32+AR32+AT32+AV32+B33+D33+F33+H33+J33+L33+N33 -> 23.2 | BG33: =janeiro!$BE34 -> 1 | BI33: =IF(BH33>0,1,0) -> 0
A34: 25 | B34: 0.2 | C34: 25 | F34: 0.1 | G34: 5 | H34: 0.1 | I34: 1 | L34: 0.1 | M34: 15 | AD34: 0.3 | AE34: 5 | AH34: 0.3 | AI34: 5 | AL34: 0.1 | AM34: 5 | AX34: 25 | AY34: =B34+D34+F34+H34+J34+L34+N34+P34+R34+T34+V34+X34+Z34+AB34+AD34+AF34+AH34+AJ34+AL34+AN34+AP34+AR34+AT34+AV34 -> 1.2 | AZ34: =C34+E34+G34+I34+K34+M34+O34+Q34+S34+U34+W34+Y34+AA34+AC34+AE34+AG34+AI34+AK34+AM34+AO34+AQ34+AS34+AU34+AW34 -> 61 | BA34: =MAX(B34,D34,F34,H34,J34,L34,N34,P34,R34,T34,V34,X34,Z34,AB34,AD34,AF34,AH34,AJ34,AL34,AN34,AP34,AR34,AT34,AV34) -> 0.3 | BB34: =COUNT(B34,D34,F34,H34,J34,L34,N34,P34,R34,T34,V34,X34,Z34,AB34,AD34,AF34,AH34,AJ34,AL34,AN34,AP34,AR34,AT34,AV34) -> 7 | BD34: =IF(BB34>0,1,0) -> 1 | BE34: =P33+R33+T33+V33+X33+Z33+AB33+AD33+AF33+AH33+AJ33+AL33+AN33+AP33+AR33+AT33+AV33+B34+D34+F34+H34+J34+L34+N34 -> 1 | BG34: =janeiro!$BE35 -> 2.2 | BI34: =IF(BH34>0,1,0) -> 0
A35: 26 | B35: 0.1 | C35: 5 | F35: 0.3 | G35: 25 | H35: 1 | I35: 60 | J35: 0.1 | K35: 5 | AR35: 0.1 | AS35: 5 | AT35: 0.2 | AU35: 20 | AV35: 0.3 | AW35: 40 | AX35: 26 | AY35: =B35+D35+F35+H35+J35+L35+N35+P35+R35+T35+V35+X35+Z35+AB35+AD35+AF35+AH35+AJ35+AL35+AN35+AP35+AR35+AT35+AV35 -> 2.1 | AZ35: =C35+E35+G35+I35+K35+M35+O35+Q35+S35+U35+W35+Y35+AA35+AC35+AE35+AG35+AI35+AK35+AM35+AO35+AQ35+AS35+AU35+AW35 -> 160 | BA35: =MAX(B35,D35,F35,H35,J35,L35,N35,P35,R35,T35,V35,X35,Z35,AB35,AD35,AF35,AH35,AJ35,AL35,AN35,AP35,AR35,AT35,AV35) -> 1 | BB35: =COUNT(B35,D35,F35,H35,J35,L35,N35,P35,R35,T35,V35,X35,Z35,AB35,AD35,AF35,AH35,AJ35,AL35,AN35,AP35,AR35,AT35,AV35) -> 7 | BD35: =IF(BB35>0,1,0) -> 1 | BE35: =P34+R34+T34+V34+X34+Z34+AB34+AD34+AF34+AH34+AJ34+AL34+AN34+AP34+AR34+AT34+AV34+B35+D35+F35+H35+J35+L35+N35 -> 2.2 | BG35: =janeiro!$BE36 -> 1 | BI35: =IF(BH35>0,1,0) -> 0
A36: 27 | D36: 0.1 | E36: 5 | F36: 0.1 | G36: 15 | H36: 0.1 | I36: 5 | L36: 0.1 | M36: 5 | AF36: 1.3 | AG36: 20 | AH36: 16.3 | AI36: 25 | AX36: 27 | AY36: =B36+D36+F36+H36+J36+L36+N36+P36+R36+T36+V36+X36+Z36+AB36+AD36+AF36+AH36+AJ36+AL36+AN36+AP36+AR36+AT36+AV36 -> 18 | AZ36: =C36+E36+G36+I36+K36+M36+O36+Q36+S36+U36+W36+Y36+AA36+AC36+AE36+AG36+AI36+AK36+AM36+AO36+AQ36+AS36+AU36+AW36 -> 75 | BA36: =MAX(B36,D36,F36,H36,J36,L36,N36,P36,R36,T36,V36,X36,Z36,AB36,AD36,AF36,AH36,AJ36,AL36,AN36,AP36,AR36,AT36,AV36) -> 16.3 | BB36: =COUNT(B36,D36,F36,H36,J36,L36,N36,P36,R36,T36,V36,X36,Z36,AB36,AD36,AF36,AH36,AJ36,AL36,AN36,AP36,AR36,AT36,AV36) -> 6 | BD36: =IF(BB36>0,1,0) -> 1 | BE36: =P35+R35+T35+V35+X35+Z35+AB35+AD35+AF35+AH35+AJ35+AL35+AN35+AP35+AR35+AT35+AV35+B36+D36+F36+H36+J36+L36+N36 -> 1 | BG36: =janeiro!$BE37 -> 17.6 | BI36: =IF(BH36>0,1,0) -> 0
A37: 28 | V37: 24.6 | W37: 25 | X37: 5.8 | Y37: 55 | AX37: 28 | AY37: =B37+D37+F37+H37+J37+L37+N37+P37+R37+T37+V37+X37+Z37+AB37+AD37+AF37+AH37+AJ37+AL37+AN37+AP37+AR37+AT37+AV37 -> 30.4 | AZ37: =C37+E37+G37+I37+K37+M37+O37+Q37+S37+U37+W37+Y37+AA37+AC37+AE37+AG37+AI37+AK37+AM37+AO37+AQ37+AS37+AU37+AW37 -> 80 | BA37: =MAX(B37,D37,F37,H37,J37,L37,N37,P37,R37,T37,V37,X37,Z37,AB37,AD37,AF37,AH37,AJ37,AL37,AN37,AP37,AR37,AT37,AV37) -> 24.6 | BB37: =COUNT(B37,D37,F37,H37,J37,L37,N37,P37,R37,T37,V37,X37,Z37,AB37,AD37,AF37,AH37,AJ37,AL37,AN37,AP37,AR37,AT37,AV37) -> 2 | BD37: =IF(BB37>0,1,0) -> 1 | BE37: =P36+R36+T36+V36+X36+Z36+AB36+AD36+AF36+AH36+AJ36+AL36+AN36+AP36+AR36+AT36+AV36+B37+D37+F37+H37+J37+L37+N37 -> 17.6 | BG37: =janeiro!$BE38 -> 30.4 | BI37: =IF(BH37>0,1,0) -> 0
A38: 29 | AX38: 29 | AY38: =B38+D38+F38+H38+J38+L38+N38+P38+R38+T38+V38+X38+Z38+AB38+AD38+AF38+AH38+AJ38+AL38+AN38+AP38+AR38+AT38+AV38 -> 0 | AZ38: =C38+E38+G38+I38+K38+M38+O38+Q38+S38+U38+W38+Y38+AA38+AC38+AE38+AG38+AI38+AK38+AM38+AO38+AQ38+AS38+AU38+AW38 -> 0 | BA38: =MAX(B38,D38,F38,H38,J38,L38,N38,P38,R38,T38,V38,X38,Z38,AB38,AD38,AF38,AH38,AJ38,AL38,AN38,AP38,AR38,AT38,AV38) -> 0 | BB38: =COUNT(B38,D38,F38,H38,J38,L38,N38,P38,R38,T38,V38,X38,Z38,AB38,AD38,AF38,AH38,AJ38,AL38,AN38,AP38,AR38,AT38,AV38) -> 0 | BD38: =IF(BB38>0,1,0) -> 0 | BE38: =P37+R37+T37+V37+X37+Z37+AB37+AD37+AF37+AH37+AJ37+AL37+AN37+AP37+AR37+AT37+AV37+B38+D38+F38+H38+J38+L38+N38 -> 30.4 | BG38: =janeiro!$BE39 -> 0 | BI38: =IF(BH38>0,1,0) -> 0
A39: 30 | AX39: 30 | AY39: =B39+D39+F39+H39+J39+L39+N39+P39+R39+T39+V39+X39+Z39+AB39+AD39+AF39+AH39+AJ39+AL39+AN39+AP39+AR39+AT39+AV39 -> 0 | AZ39: =C39+E39+G39+I39+K39+M39+O39+Q39+S39+U39+W39+Y39+AA39+AC39+AE39+AG39+AI39+AK39+AM39+AO39+AQ39+AS39+AU39+AW39 -> 0 | BA39: =MAX(B39,D39,F39,H39,J39,L39,N39,P39,R39,T39,V39,X39,Z39,AB39,AD39,AF39,AH39,AJ39,AL39,AN39,AP39,AR39,AT39,AV39) -> 0 | BB39: =COUNT(B39,D39,F39,H39,J39,L39,N39,P39,R39,T39,V39,X39,Z39,AB39,AD39,AF39,AH39,AJ39,AL39,AN39,AP39,AR39,AT39,AV39) -> 0 | BD39: =IF(BB39>0,1,0) -> 0 | BE39: =P38+R38+T38+V38+X38+Z38+AB38+AD38+AF38+AH38+AJ38+AL38+AN38+AP38+AR38+AT38+AV38+B39+D39+F39+H39+J39+L39+N39 -> 0 | BG39: =janeiro!$BE40 -> 0 | BI39: =IF(BH39>0,1,0) -> 0
A40: 31 | AD40: 16.5 | AE40: 15 | AF40: 20.3 | AG40: 40 | AH40: 0.2 | AI40: 15 | AJ40: 1 | AK40: 60 | AL40: 0.2 | AM40: 15 | AN40: 1.8 | AO40: 60 | AP40: 0.7 | AQ40: 30 | AX40: 31 | AY40: =B40+D40+F40+H40+J40+L40+N40+P40+R40+T40+V40+X40+Z40+AB40+AD40+AF40+AH40+AJ40+AL40+AN40+AP40+AR40+AT40+AV40 -> 40.7 | AZ40: =C40+E40+G40+I40+K40+M40+O40+Q40+S40+U40+W40+Y40+AA40+AC40+AE40+AG40+AI40+AK40+AM40+AO40+AQ40+AS40+AU40+AW40 -> 235 | BA40: =MAX(B40,D40,F40,H40,J40,L40,N40,P40,R40,T40,V40,X40,Z40,AB40,AD40,AF40,AH40,AJ40,AL40,AN40,AP40,AR40,AT40,AV40) -> 20.3 | BB40: =COUNT(B40,D40,F40,H40,J40,L40,N40,P40,R40,T40,V40,X40,Z40,AB40,AD40,AF40,AH40,AJ40,AL40,AN40,AP40,AR40,AT40,AV40) -> 7 | BD40: =IF(BB40>0,1,0) -> 1 | BE40: =P39+R39+T39+V39+X39+Z39+AB39+AD39+AF39+AH39+AJ39+AL39+AN39+AP39+AR39+AT39+AV39+B40+D40+F40+H40+J40+L40+N40 -> 0 | BG40: =janeiro!$BH41 -> 40.7 | BH40: 39114 | BI40: =IF(BH40>0,1,0) -> 1
A41: 1 | B41: 0 | D41: 0 | F41: 0 | H41: 0 | J41: 0 | L41: 0 | N41: 0 | AY41: VALORES MENSAIS | BD41: TOTAL | BE41: =SUM(BE10:BE40) -> 358.7 | BH41: =P40+R40+T40+V40+X40+Z40+AB40+AD40+AF40+AH40+AJ40+AL40+AN40+AP40+AR40+AT40+AV40+B41+D41+F41+H41+J41+L41+N41 -> 40.7
B42: 0 - 1 | D42: 1 - 2 | F42: 2 - 3 | H42: 3 - 4 | J42: 4 - 5 | L42: 5 - 6 | N42: 6 - 7 | P42: 7 - 8 | R42: 8 - 9 | T42: 9 - 10 | V42: 10 - 11 | X42: 11 - 12 | Z42: 12 - 13 | AB42: 13 - 14 | AD42: 14 - 15 | AF42: 15 - 16 | AH42: 16 - 17 | AJ42: 17 - 18 | AL42: 18 - 19 | AN42: 19 - 20 | AP42: 20 - 21 | AR42: 21 - 22 | AT42: 22 - 23 | AV42: 23 - 24 | AY42: Altura | AZ42: Duração | BA42: Máxima | BB42: Horas | BD42: MÁXIMO | BE42: =MAX(BE10:BE40) -> 80.4
B43: ALT. | C43: DUR. | D43: ALT. | E43: DUR. | F43: ALT. | G43: DUR. | H43: ALT. | I43: DUR. | J43: ALT. | K43: DUR. | L43: ALT. | M43: DUR. | N43: ALT. | O43: DUR. | P43: ALT. | Q43: DUR. | R43: ALT. | S43: DUR. | T43: ALT. | U43: DUR. | V43: ALT. | W43: DUR. | X43: ALT. | Y43: DUR. | Z43: ALT. | AA43: DUR. | AB43: ALT. | AC43: DUR. | AD43: ALT. | AE43: DUR. | AF43: ALT. | AG43: DUR. | AH43: ALT. | AI43: DUR. | AJ43: ALT. | AK43: DUR. | AL43: ALT. | AM43: DUR. | AN43: ALT. | AO43: DUR. | AP43: ALT. | AQ43: DUR. | AR43: ALT. | AS43: DUR. | AT43: ALT. | AU43: DUR. | AV43: ALT. | AW43: DUR. | AY43: Total | AZ43: total | BA43: altura | BB43: com | BD43: DIAS >=1 | BE43: =COUNTIF(BE10:BE40,">=1") -> 19
A44: A | B44: =SUM(B10:B40) -> 8.1 | D44: =SUM(D10:D40) -> 7.7 | F44: =SUM(F10:F40) -> 4.5 | H44: =SUM(H10:H40) -> 6.6 | J44: =SUM(J10:J40) -> 1.8 | L44: =SUM(L10:L40) -> 0.5 | N44: =SUM(N10:N40) -> 1.4 | P44: =SUM(P10:P40) -> 1.4 | R44: =SUM(R10:R40) -> 3.8 | T44: =SUM(T10:T40) -> 5.2 | V44: =SUM(V10:V40) -> 32.5 | X44: =SUM(X10:X40) -> 11.2 | Z44: =SUM(Z10:Z40) -> 0.2 | AB44: =SUM(AB10:AB40) -> 2.8 | AD44: =SUM(AD10:AD40) -> 38.5 | AF44: =SUM(AF10:AF40) -> 37.4 | AH44: =SUM(AH10:AH40) -> 18.7 | AJ44: =SUM(AJ10:AJ40) -> 44.8 | AL44: =SUM(AL10:AL40) -> 53.8 | AN44: =SUM(AN10:AN40) -> 24.8 | AP44: =SUM(AP10:AP40) -> 56.6 | AR44: =SUM(AR10:AR40) -> 13.9 | AT44: =SUM(AT10:AT40) -> 15.3 | AV44: =SUM(AV10:AV40) -> 7.9 | AY44: (mm) | AZ44: (min) | BA44: horária | BB44: chuva
A45: D | C45: =SUM(C10:C40) -> 185 | E45: =SUM(E10:E40) -> 180 | G45: =SUM(G10:G40) -> 170 | I45: =SUM(I10:I40) -> 196 | K45: =SUM(K10:K40) -> 95 | M45: =SUM(M10:M40) -> 50 | O45: =SUM(O10:O40) -> 65 | Q45: =SUM(Q10:Q40) -> 70 | S45: =SUM(S10:S40) -> 55 | U45: =SUM(U10:U40) -> 65 | W45: =SUM(W10:W40) -> 90 | Y45: =SUM(Y10:Y40) -> 125 | AA45: =SUM(AA10:AA40) -> 15 | AC45: =SUM(AC10:AC40) -> 60 | AE45: =SUM(AE10:AE40) -> 120 | AG45: =SUM(AG10:AG40) -> 160 | AI45: =SUM(AI10:AI40) -> 100 | AK45: =SUM(AK10:AK40) -> 300 | AM45: =SUM(AM10:AM40) -> 310 | AO45: =SUM(AO10:AO40) -> 285 | AQ45: =SUM(AQ10:AQ40) -> 330 | AS45: =SUM(AS10:AS40) -> 210 | AU45: =SUM(AU10:AU40) -> 230 | AW45: =SUM(AW10:AW40) -> 170 | AY45: =AY10+AY11+AY12+AY13+AY14+AY15+AY16+AY17+AY18+AY19+AY20+AY21+AY22+AY23+AY24+AY25+AY26+AY27+AY28+AY29+AY30+AY31+AY32+AY33+AY34+AY35+AY36+AY37+AY38+AY39+AY40 -> 399.4 | AZ45: =AZ10+AZ11+AZ12+AZ13+AZ14+AZ15+AZ16+AZ17+AZ18+AZ19+AZ20+AZ21+AZ22+AZ23+AZ24+AZ25+AZ26+AZ27+AZ28+AZ29+AZ30+AZ31+AZ32+AZ33+AZ34+AZ35+AZ36+AZ37+AZ38+AZ39+AZ40 -> 3636 | BA45: =MAX(BA10:BA40) -> 29.5 | BB45: =SUM(BB8:BB40) -> 134
A46: F | B46: =COUNT(B10:B40) -> 7 | D46: =COUNT(D10:D40) -> 5 | F46: =COUNT(F10:F40) -> 6 | H46: =COUNT(H10:H40) -> 7 | J46: =COUNT(J10:J40) -> 4 | L46: =COUNT(L10:L40) -> 4 | N46: =COUNT(N10:N40) -> 2 | P46: =COUNT(P10:P40) -> 2 | R46: =COUNT(R10:R40) -> 3 | T46: =COUNT(T10:T40) -> 2 | V46: =COUNT(V10:V40) -> 3 | X46: =COUNT(X10:X40) -> 3 | Z46: =COUNT(Z10:Z40) -> 2 | AB46: =COUNT(AB10:AB40) -> 4 | AD46: =COUNT(AD10:AD40) -> 6 | AF46: =COUNT(AF10:AF40) -> 5 | AH46: =COUNT(AH10:AH40) -> 8 | AJ46: =COUNT(AJ10:AJ40) -> 11 | AL46: =COUNT(AL10:AL40) -> 11 | AN46: =COUNT(AN10:AN40) -> 6 | AP46: =COUNT(AP10:AP40) -> 9 | AR46: =COUNT(AR10:AR40) -> 11 | AT46: =COUNT(AT10:AT40) -> 8 | AV46: =COUNT(AV10:AV40) -> 5 | AY46: Normal | AZ46: 1933-2002 | BB46: Dias
AY47: =[1]ano!C44 -> 219.80286 | BB47: com
B48: A = Altura mensal neste horário (mm) | AY48: Desvio | BB48: chuva
B49: D = Duração (minutos com chuva no mês neste horário) | AY49: =AY45-AY47 -> 179.59714 | BB49: =SUM(BD10:BD40) -> 19
B50: F = Freqüência (dias com chuva no mês neste horário)

Sheet fevereiro
B1: FEVEREIRO DE 2024 | J1: INSTITUTO ASTRONÔMICO E GEOFÍSICO DA UNIVERSIDADE DE SÃO PAULO
B2: DIGITADO POR PETY | AU2: Planilha atualizada por Edvaldo Gomes
B3: VERIFICADO POR PETY | M3: RESULTADOS EXTRAÍDOS DE PLUVIOGRAMA DIÁRIO (mm DE CHUVA)
AY4: VALORES DIÁRIOS | BE4: VALORES DIÁRIOS
AY5: (de 00h a 24h) | BE5: DAEE | BF5: DESVIO | BG5: EMAE
AY6: Altura | AZ6: Duração | BA6: Máxima | BE6: Altura | BG6: Máxima
A7: H. | B7: 0 - 1 | D7: 1 - 2 | F7: 2 - 3 | H7: 3 - 4 | J7: 4 - 5 | L7: 5 - 6 | N7: 6 - 7 | P7: 7 - 8 | R7: 8 - 9 | T7: 9 - 10 | V7: 10 - 11 | X7: 11 - 12 | Z7: 12 - 13 | AB7: 13 - 14 | AD7: 14 - 15 | AF7: 15 - 16 | AH7: 16 - 17 | AJ7: 17 - 18 | AL7: 18 - 19 | AN7: 19 - 20 | AP7: 20 - 21 | AR7: 21 - 22 | AT7: 22 - 23 | AV7: 23 - 24 | AX7: H. | AY7: total | AZ7: total | BA7: altura | BB7: Freq. | BE7: total | BG7: altura
A8: D. | B8: ALT. | C8: DUR. | D8: ALT. | E8: DUR. | F8: ALT. | G8: DUR. | H8: ALT. | I8: DUR. | J8: ALT. | K8: DUR. | L8: ALT. | M8: DUR. | N8: ALT. | O8: DUR. | P8: ALT. | Q8: DUR. | R8: ALT. | S8: DUR. | T8: ALT. | U8: DUR. | V8: ALT. | W8: DUR. | X8: ALT. | Y8: DUR. | Z8: ALT. | AA8: DUR. | AB8: ALT. | AC8: DUR. | AD8: ALT. | AE8: DUR. | AF8: ALT. | AG8: DUR. | AH8: ALT. | AI8: DUR. | AJ8: ALT. | AK8: DUR. | AL8: ALT. | AM8: DUR. | AN8: ALT. | AO8: DUR. | AP8: ALT. | AQ8: DUR. | AR8: ALT. | AS8: DUR. | AT8: ALT. | AU8: DUR. | AV8: ALT. | AW8: DUR. | AX8: D. | AY8: (mm) | AZ8: (min) | BA8: horária | BB8: (horas) | BE8: (mm) | BG8: horária | BH8: (horas)
A9: 1 | AD9: 0.7 | AE9: 5 | AF9: 0.3 | AG9: 35 | AH9: 0.1 | AI9: 5 | AX9: 1 | AY9: =B9+D9+F9+H9+J9+L9+N9+P9+R9+T9+V9+X9+Z9+AB9+AD9+AF9+AH9+AJ9+AL9+AN9+AP9+AR9+AT9+AV9 -> 1.1 | AZ9: =C9+E9+G9+I9+K9+M9+O9+Q9+S9+U9+W9+Y9+AA9+AC9+AE9+AG9+AI9+AK9+AM9+AO9+AQ9+AS9+AU9+AW9 -> 45 | BA9: =MAX(B9,D9,F9,H9,J9,L9,N9,P9,R9,T9,V9,X9,Z9,AB9,AD9,AF9,AH9,AJ9,AL9,AN9,AP9,AR9,AT9,AV9) -> 0.7 | BB9: =COUNT(B9,D9,F9,H9,J9,L9,N9,P9,R9,T9,V9,X9,Z9,AB9,AD9,AF9,AH9,AJ9,AL9,AN9,AP9,AR9,AT9,AV9) -> 3 | BD9: =IF(BB9>0,1,0) -> 1 | BE9: =janeiro!$BH41 -> 40.7 | BF9: 39113 | BG9: =fevereiro!$BE10 -> 1.1 | BI9: =IF(BH9>0,1,0) -> 0
A10: 2 | Z10: 2 | AA10: 20 | AB10: 21.2 | AC10: 60 | AD10: 0.8 | AE10: 20 | AF10: 0.1 | AG10: 5 | AX10: 2 | AY10: =B10+D10+F10+H10+J10+L10+N10+P10+R10+T10+V10+X10+Z10+AB10+AD10+AF10+AH10+AJ10+AL10+AN10+AP10+AR10+AT10+AV10 -> 24.1 | AZ10: =C10+E10+G10+I10+K10+M10+O10+Q10+S10+U10+W10+Y10+AA10+AC10+AE10+AG10+AI10+AK10+AM10+AO10+AQ10+AS10+AU10+AW10 -> 105 | BA10: =MAX(B10,D10,F10,H10,J10,L10,N10,P10,R10,T10,V10,X10,Z10,AB10,AD10,AF10,AH10,AJ10,AL10,AN10,AP10,AR10,AT10,AV10) -> 21.2 | BB10: =COUNT(B10,D10,F10,H10,J10,L10,N10,P10,R10,T10,V10,X10,Z10,AB10,AD10,AF10,AH10,AJ10,AL10,AN10,AP10,AR10,AT10,AV10) -> 4 | BD10: =IF(BB10>0,1,0) -> 1 | BE10: =P9+R9+T9+V9+X9+Z9+AB9+AD9+AF9+AH9+AJ9+AL9+AN9+AP9+AR9+AT9+AV9+B10+D10+F10+H10+J10+L10+N10 -> 1.1 | BG10: =fevereiro!$BE11 -> 24.1 | BI10: =IF(BH10>0,1,0) -> 0
A11: 3 | AX11: 3 | AY11: =B11+D11+F11+H11+J11+L11+N11+P11+R11+T11+V11+X11+Z11+AB11+AD11+AF11+AH11+AJ11+AL11+AN11+AP11+AR11+AT11+AV11 -> 0 | AZ11: =C11+E11+G11+I11+K11+M11+O11+Q11+S11+U11+W11+Y11+AA11+AC11+AE11+AG11+AI11+AK11+AM11+AO11+AQ11+AS11+AU11+AW11 -> 0 | BA11: =MAX(B11,D11,F11,H11,J11,L11,N11,P11,R11,T11,V11,X11,Z11,AB11,AD11,AF11,AH11,AJ11,AL11,AN11,AP11,AR11,AT11,AV11) -> 0 | BB11: =COUNT(B11,D11,F11,H11,J11,L11,N11,P11,R11,T11,V11,X11,Z11,AB11,AD11,AF11,AH11,AJ11,AL11,AN11,AP11,AR11,AT11,AV11) -> 0 | BD11: =IF(BB11>0,1,0) -> 0 | BE11: =P10+R10+T10+V10+X10+Z10+AB10+AD10+AF10+AH10+AJ10+AL10+AN10+AP10+AR10+AT10+AV10+B11+D11+F11+H11+J11+L11+N11 -> 24.1 | BG11: =fevereiro!$BE12 -> 0 | BI11: =IF(BH11>0,1,0) -> 0
A12: 4 | AD12: 6.9 | AE12: 55 | AF12: 0.9 | AG12: 40 | AJ12: 5 | AK12: 30 | AL12: 1 | AM12: 60 | AN12: 0.1 | AO12: 10 | AX12: 4 | AY12: =B12+D12+F12+H12+J12+L12+N12+P12+R12+T12+V12+X12+Z12+AB12+AD12+AF12+AH12+AJ12+AL12+AN12+AP12+AR12+AT12+AV12 -> 13.9 | AZ12: =C12+E12+G12+I12+K12+M12+O12+Q12+S12+U12+W12+Y12+AA12+AC12+AE12+AG12+AI12+AK12+AM12+AO12+AQ12+AS12+AU12+AW12 -> 195 | BA12: =MAX(B12,D12,F12,H12,J12,L12,N12,P12,R12,T12,V12,X12,Z12,AB12,AD12,AF12,AH12,AJ12,AL12,AN12,AP12,AR12,AT12,AV12) -> 6.9 | BB12: =COUNT(B12,D12,F12,H12,J12,L12,N12,P12,R12,T12,V12,X12,Z12,AB12,AD12,AF12,AH12,AJ12,AL12,AN12,AP12,AR12,AT12,AV12) -> 5 | BD12: =IF(BB12>0,1,0) -> 1 | BE12: =P11+R11+T11+V11+X11+Z11+AB11+AD11+AF11+AH11+AJ11+AL11+AN11+AP11+AR11+AT11+AV11+B12+D12+F12+H12+J12+L12+N12 -> 0 | BG12: =fevereiro!$BE13 -> 13.9 | BI12: =IF(BH12>0,1,0) -> 0
A13: 5 | AX13: 5 | AY13: =B13+D13+F13+H13+J13+L13+N13+P13+R13+T13+V13+X13+Z13+AB13+AD13+AF13+AH13+AJ13+AL13+AN13+AP13+AR13+AT13+AV13 -> 0 | AZ13: =C13+E13+G13+I13+K13+M13+O13+Q13+S13+U13+W13+Y13+AA13+AC13+AE13+AG13+AI13+AK13+AM13+AO13+AQ13+AS13+AU13+AW13 -> 0 | BA13: =MAX(B13,D13,F13,H13,J13,L13,N13,P13,R13,T13,V13,X13,Z13,AB13,AD13,AF13,AH13,AJ13,AL13,AN13,AP13,AR13,AT13,AV13) -> 0 | BB13: =COUNT(B13,D13,F13,H13,J13,L13,N13,P13,R13,T13,V13,X13,Z13,AB13,AD13,AF13,AH13,AJ13,AL13,AN13,AP13,AR13,AT13,AV13) -> 0 | BD13: =IF(BB13>0,1,0) -> 0 | BE13: =P12+R12+T12+V12+X12+Z12+AB12+AD12+AF12+AH12+AJ12+AL12+AN12+AP12+AR12+AT12+AV12+B13+D13+F13+H13+J13+L13+N13 -> 13.9 | BG13: =fevereiro!$BE14 -> 0 | BI13: =IF(BH13>0,1,0) -> 0
A14: 6 | AX14: 6 | AY14: =B14+D14+F14+H14+J14+L14+N14+P14+R14+T14+V14+X14+Z14+AB14+AD14+AF14+AH14+AJ14+AL14+AN14+AP14+AR14+AT14+AV14 -> 0 | AZ14: =C14+E14+G14+I14+K14+M14+O14+Q14+S14+U14+W14+Y14+AA14+AC14+AE14+AG14+AI14+AK14+AM14+AO14+AQ14+AS14+AU14+AW14 -> 0 | BA14: =MAX(B14,D14,F14,H14,J14,L14,N14,P14,R14,T14,V14,X14,Z14,AB14,AD14,AF14,AH14,AJ14,AL14,AN14,AP14,AR14,AT14,AV14) -> 0 | BB14: =COUNT(B14,D14,F14,H14,J14,L14,N14,P14,R14,T14,V14,X14,Z14,AB14,AD14,AF14,AH14,AJ14,AL14,AN14,AP14,AR14,AT14,AV14) -> 0 | BD14: =IF(BB14>0,1,0) -> 0 | BE14: =P13+R13+T13+V13+X13+Z13+AB13+AD13+AF13+AH13+AJ13+AL13+AN13+AP13+AR13+AT13+AV13+B14+D14+F14+H14+J14+L14+N14 -> 0 | BG14: =fevereiro!$BE15 -> 0 | BI14: =IF(BH14>0,1,0) -> 0
A15: 7 | AX15: 7 | AY15: =B15+D15+F15+H15+J15+L15+N15+P15+R15+T15+V15+X15+Z15+AB15+AD15+AF15+AH15+AJ15+AL15+AN15+AP15+AR15+AT15+AV15 -> 0 | AZ15: =C15+E15+G15+I15+K15+M15+O15+Q15+S15+U15+W15+Y15+AA15+AC15+AE15+AG15+AI15+AK15+AM15+AO15+AQ15+AS15+AU15+AW15 -> 0 | BA15: =MAX(B15,D15,F15,H15,J15,L15,N15,P15,R15,T15,V15,X15,Z15,AB15,AD15,AF15,AH15,AJ15,AL15,AN15,AP15,AR15,AT15,AV15) -> 0 | BB15: =COUNT(B15,D15,F15,H15,J15,L15,N15,P15,R15,T15,V15,X15,Z15,AB15,AD15,AF15,AH15,AJ15,AL15,AN15,AP15,AR15,AT15,AV15) -> 0 | BD15: =IF(BB15>0,1,0) -> 0 | BE15: =P14+R14+T14+V14+X14+Z14+AB14+AD14+AF14+AH14+AJ14+AL14+AN14+AP14+AR14+AT14+AV14+B15+D15+F15+H15+J15+L15+N15 -> 0 | BG15: =fevereiro!$BE16 -> 0 | BI15: =IF(BH15>0,1,0) -> 0
A16: 8 | AX16: 8 | AY16: =B16+D16+F16+H16+J16+L16+N16+P16+R16+T16+V16+X16+Z16+AB16+AD16+AF16+AH16+AJ16+AL16+AN16+AP16+AR16+AT16+AV16 -> 0 | AZ16: =C16+E16+G16+I16+K16+M16+O16+Q16+S16+U16+W16+Y16+AA16+AC16+AE16+AG16+AI16+AK16+AM16+AO16+AQ16+AS16+AU16+AW16 -> 0 | BA16: =MAX(B16,D16,F16,H16,J16,L16,N16,P16,R16,T16,V16,X16,Z16,AB16,AD16,AF16,AH16,AJ16,AL16,AN16,AP16,AR16,AT16,AV16) -> 0 | BB16: =COUNT(B16,D16,F16,H16,J16,L16,N16,P16,R16,T16,V16,X16,Z16,AB16,AD16,AF16,AH16,AJ16,AL16,AN16,AP16,AR16,AT16,AV16) -> 0 | BD16: =IF(BB16>0,1,0) -> 0 | BE16: =P15+R15+T15+V15+X15+Z15+AB15+AD15+AF15+AH15+AJ15+AL15+AN15+AP15+AR15+AT15+AV15+B16+D16+F16+H16+J16+L16+N16 -> 0 | BG16: =fevereiro!$BE17 -> 0 | BI16: =IF(BH16>0,1,0) -> 0
A17: 9 | AX17: 9 | AY17: =B17+D17+F17+H17+J17+L17+N17+P17+R17+T17+V17+X17+Z17+AB17+AD17+AF17+AH17+AJ17+AL17+AN17+AP17+AR17+AT17+AV17 -> 0 | AZ17: =C17+E17+G17+I17+K17+M17+O17+Q17+S17+U17+W17+Y17+AA17+AC17+AE17+AG17+AI17+AK17+AM17+AO17+AQ17+AS17+AU17+AW17 -> 0 | BA17: =MAX(B17,D17,F17,H17,J17,L17,N17,P17,R17,T17,V17,X17,Z17,AB17,AD17,AF17,AH17,AJ17,AL17,AN17,AP17,AR17,AT17,AV17) -> 0 | BB17: =COUNT(B17,D17,F17,H17,J17,L17,N17,P17,R17,T17,V17,X17,Z17,AB17,AD17,AF17,AH17,AJ17,AL17,AN17,AP17,AR17,AT17,AV17) -> 0 | BD17: =IF(BB17>0,1,0) -> 0 | BE17: =P16+R16+T16+V16+X16+Z16+AB16+AD16+AF16+AH16+AJ16+AL16+AN16+AP16+AR16+AT16+AV16+B17+D17+F17+H17+J17+L17+N17 -> 0 | BG17: =fevereiro!$BE18 -> 0 | BI17: =IF(BH17>0,1,0) -> 0
A18: 10 | AX18: 10 | AY18: =B18+D18+F18+H18+J18+L18+N18+P18+R18+T18+V18+X18+Z18+AB18+AD18+AF18+AH18+AJ18+AL18+AN18+AP18+AR18+AT18+AV18 -> 0 | AZ18: =C18+E18+G18+I18+K18+M18+O18+Q18+S18+U18+W18+Y18+AA18+AC18+AE18+AG18+AI18+AK18+AM18+AO18+AQ18+AS18+AU18+AW18 -> 0 | BA18: =MAX(B18,D18,F18,H18,J18,L18,N18,P18,R18,T18,V18,X18,Z18,AB18,AD18,AF18,AH18,AJ18,AL18,AN18,AP18,AR18,AT18,AV18) -> 0 | BB18: =COUNT(B18,D18,F18,H18,J18,L18,N18,P18,R18,T18,V18,X18,Z18,AB18,AD18,AF18,AH18,AJ18,AL18,AN18,AP18,AR18,AT18,AV18) -> 0 | BD18: =IF(BB18>0,1,0) -> 0 | BE18: =P17+R17+T17+V17+X17+Z17+AB17+AD17+AF17+AH17+AJ17+AL17+AN17+AP17+AR17+AT17+AV17+B18+D18+F18+H18+J18+L18+N18 -> 0 | BG18: =fevereiro!$BE19 -> 0 | BI18: =IF(BH18>0,1,0) -> 0
A19: 11 | AL19: 0.1 | AM19: 15 | AX19: 11 | AY19: =B19+D19+F19+H19+J19+L19+N19+P19+R19+T19+V19+X19+Z19+AB19+AD19+AF19+AH19+AJ19+AL19+AN19+AP19+AR19+AT19+AV19 -> 0.1 | AZ19: =C19+E19+G19+I19+K19+M19+O19+Q19+S19+U19+W19+Y19+AA19+AC19+AE19+AG19+AI19+AK19+AM19+AO19+AQ19+AS19+AU19+AW19 -> 15 | BA19: =MAX(B19,D19,F19,H19,J19,L19,N19,P19,R19,T19,V19,X19,Z19,AB19,AD19,AF19,AH19,AJ19,AL19,AN19,AP19,AR19,AT19,AV19) -> 0.1 | BB19: =COUNT(B19,D19,F19,H19,J19,L19,N19,P19,R19,T19,V19,X19,Z19,AB19,AD19,AF19,AH19,AJ19,AL19,AN19,AP19,AR19,AT19,AV19) -> 1 | BD19: =IF(BB19>0,1,0) -> 1 | BE19: =P18+R18+T18+V18+X18+Z18+AB18+AD18+AF18+AH18+AJ18+AL18+AN18+AP18+AR18+AT18+AV18+B19+D19+F19+H19+J19+L19+N19 -> 0 | BG19: =fevereiro!$BE20 -> 0.1 | BI19: =IF(BH19>0,1,0) -> 0
A20: 12 | AX20: 12 | AY20: =B20+D20+F20+H20+J20+L20+N20+P20+R20+T20+V20+X20+Z20+AB20+AD20+AF20+AH20+AJ20+AL20+AN20+AP20+AR20+AT20+AV20 -> 0 | AZ20: =C20+E20+G20+I20+K20+M20+O20+Q20+S20+U20+W20+Y20+AA20+AC20+AE20+AG20+AI20+AK20+AM20+AO20+AQ20+AS20+AU20+AW20 -> 0 | BA20: =MAX(B20,D20,F20,H20,J20,L20,N20,P20,R20,T20,V20,X20,Z20,AB20,AD20,AF20,AH20,AJ20,AL20,AN20,AP20,AR20,AT20,AV20) -> 0 | BB20: =COUNT(B20,D20,F20,H20,J20,L20,N20,P20,R20,T20,V20,X20,Z20,AB20,AD20,AF20,AH20,AJ20,AL20,AN20,AP20,AR20,AT20,AV20) -> 0 | BD20: =IF(BB20>0,1,0) -> 0 | BE20: =P19+R19+T19+V19+X19+Z19+AB19+AD19+AF19+AH19+AJ19+AL19+AN19+AP19+AR19+AT19+AV19+B20+D20+F20+H20+J20+L20+N20 -> 0.1 | BG20: =fevereiro!$BE21 -> 0 | BI20: =IF(BH20>0,1,0) -> 0
A21: 13 | AR21: 9.3 | AS21: 30 | AT21: 25.8 | AU21: 60 | AV21: 20.1 | AW21: 60 | AX21: 13 | AY21: =B21+D21+F21+H21+J21+L21+N21+P21+R21+T21+V21+X21+Z21+AB21+AD21+AF21+AH21+AJ21+AL21+AN21+AP21+AR21+AT21+AV21 -> 55.2 | AZ21: =C21+E21+G21+I21+K21+M21+O21+Q21+S21+U21+W21+Y21+AA21+AC21+AE21+AG21+AI21+AK21+AM21+AO21+AQ21+AS21+AU21+AW21 -> 150 | BA21: =MAX(B21,D21,F21,H21,J21,L21,N21,P21,R21,T21,V21,X21,Z21,AB21,AD21,AF21,AH21,AJ21,AL21,AN21,AP21,AR21,AT21,AV21) -> 25.8 | BB21: =COUNT(B21,D21,F21,H21,J21,L21,N21,P21,R21,T21,V21,X21,Z21,AB21,AD21,AF21,AH21,AJ21,AL21,AN21,AP21,AR21,AT21,AV21) -> 3 | BD21: =IF(BB21>0,1,0) -> 1 | BE21: =P20+R20+T20+V20+X20+Z20+AB20+AD20+AF20+AH20+AJ20+AL20+AN20+AP20+AR20+AT20+AV20+B21+D21+F21+H21+J21+L21+N21 -> 0 | BG21: =fevereiro!$BE22 -> 64.2 | BI21: =IF(BH21>0,1,0) -> 0
A22: 14 | B22: 4.9 | C22: 60 | D22: 2.4 | E22: 60 | F22: 1.4 | G22: 60 | H22: 0.3 | I22: 60 | V22: 1.2 | W22: 15 | Z22: 0.3 | AA22: 5 | AB22: 1.5 | AC22: 55 | AJ22: 1.1 | AK22: 40 | AP22: 0.2 | AQ22: 10 | AR22: 2.3 | AS22: 60 | AT22: 6.3 | AU22: 60 | AV22: 0.4 | AW22: 15 | AX22: 14 | AY22: =B22+D22+F22+H22+J22+L22+N22+P22+R22+T22+V22+X22+Z22+AB22+AD22+AF22+AH22+AJ22+AL22+AN22+AP22+AR22+AT22+AV22 -> 22.3 | AZ22: =C22+E22+G22+I22+K22+M22+O22+Q22+S22+U22+W22+Y22+AA22+AC22+AE22+AG22+AI22+AK22+AM22+AO22+AQ22+AS22+AU22+AW22 -> 500 | BA22: =MAX(B22,D22,F22,H22,J22,L22,N22,P22,R22,T22,V22,X22,Z22,AB22,AD22,AF22,AH22,AJ22,AL22,AN22,AP22,AR22,AT22,AV22) -> 6.3 | BB22: =COUNT(B22,D22,F22,H22,J22,L22,N22,P22,R22,T22,V22,X22,Z22,AB22,AD22,AF22,AH22,AJ22,AL22,AN22,AP22,AR22,AT22,AV22) -> 12 | BD22: =IF(BB22>0,1,0) -> 1 | BE22: =P21+R21+T21+V21+X21+Z21+AB21+AD21+AF21+AH21+AJ21+AL21+AN21+AP21+AR21+AT21+AV21+B22+D22+F22+H22+J22+L22+N22 -> 64.2 | BG22: =fevereiro!$BE23 -> 16.5 | BI22: =IF(BH22>0,1,0) -> 0
A23: 15 | B23: 0.2 | C23: 10 | D23: 0.6 | E23: 30 | F23: 1.2 | G23: 55 | H23: 0.3 | I23: 25 | J23: 0.5 | K23: 30 | L23: 0.3 | M23: 10 | N23: 0.1 | O23: 5 | T23: 0.3 | U23: 10 | V23: 0.2 | W23: 20 | X23: 0.4 | Y23: 15 | AB23: 0.3 | AC23: 20 | AD23: 0.6 | AE23: 30 | AF23: 0.2 | AG23: 20 | AN23: 0.2 | AO23: 10 | AR23: 0.2 | AS23: 15 | AX23: 15 | AY23: =B23+D23+F23+H23+J23+L23+N23+P23+R23+T23+V23+X23+Z23+AB23+AD23+AF23+AH23+AJ23+AL23+AN23+AP23+AR23+AT23+AV23 -> 5.6 | AZ23: =C23+E23+G23+I23+K23+M23+O23+Q23+S23+U23+W23+Y23+AA23+AC23+AE23+AG23+AI23+AK23+AM23+AO23+AQ23+AS23+AU23+AW23 -> 305 | BA23: =MAX(B23,D23,F23,H23,J23,L23,N23,P23,R23,T23,V23,X23,Z23,AB23,AD23,AF23,AH23,AJ23,AL23,AN23,AP23,AR23,AT23,AV23) -> 1.2 | BB23: =COUNT(B23,D23,F23,H23,J23,L23,N23,P23,R23,T23,V23,X23,Z23,AB23,AD23,AF23,AH23,AJ23,AL23,AN23,AP23,AR23,AT23,AV23) -> 15 | BD23: =IF(BB23>0,1,0) -> 1 | BE23: =P22+R22+T22+V22+X22+Z22+AB22+AD22+AF22+AH22+AJ22+AL22+AN22+AP22+AR22+AT22+AV22+B23+D23+F23+H23+J23+L23+N23 -> 16.5 | BG23: =fevereiro!$BE24 -> 2.5 | BI23: =IF(BH23>0,1,0) -> 0
A24: 16 | N24: 0.1 | AX24: 16 | AY24: =B24+D24+F24+H24+J24+L24+N24+P24+R24+T24+V24+X24+Z24+AB24+AD24+AF24+AH24+AJ24+AL24+AN24+AP24+AR24+AT24+AV24 -> 0.1 | AZ24: =C24+E24+G24+I24+K24+M24+O24+Q24+S24+U24+W24+Y24+AA24+AC24+AE24+AG24+AI24+AK24+AM24+AO24+AQ24+AS24+AU24+AW24 -> 0 | BA24: =MAX(B24,D24,F24,H24,J24,L24,N24,P24,R24,T24,V24,X24,Z24,AB24,AD24,AF24,AH24,AJ24,AL24,AN24,AP24,AR24,AT24,AV24) -> 0.1 | BB24: =COUNT(B24,D24,F24,H24,J24,L24,N24,P24,R24,T24,V24,X24,Z24,AB24,AD24,AF24,AH24,AJ24,AL24,AN24,AP24,AR24,AT24,AV24) -> 1 | BD24: =IF(BB24>0,1,0) -> 1 | BE24: =P23+R23+T23+V23+X23+Z23+AB23+AD23+AF23+AH23+AJ23+AL23+AN23+AP23+AR23+AT23+AV23+B24+D24+F24+H24+J24+L24+N24 -> 2.5 | BG24: =fevereiro!$BE25 -> 0 | BI24: =IF(BH24>0,1,0) -> 0
A25: 17 | AX25: 17 | AY25: =B25+D25+F25+H25+J25+L25+N25+P25+R25+T25+V25+X25+Z25+AB25+AD25+AF25+AH25+AJ25+AL25+AN25+AP25+AR25+AT25+AV25 -> 0 | AZ25: =C25+E25+G25+I25+K25+M25+O25+Q25+S25+U25+W25+Y25+AA25+AC25+AE25+AG25+AI25+AK25+AM25+AO25+AQ25+AS25+AU25+AW25 -> 0 | BA25: =MAX(B25,D25,F25,H25,J25,L25,N25,P25,R25,T25,V25,X25,Z25,AB25,AD25,AF25,AH25,AJ25,AL25,AN25,AP25,AR25,AT25,AV25) -> 0 | BB25: =COUNT(B25,D25,F25,H25,J25,L25,N25,P25,R25,T25,V25,X25,Z25,AB25,AD25,AF25,AH25,AJ25,AL25,AN25,AP25,AR25,AT25,AV25) -> 0 | BD25: =IF(BB25>0,1,0) -> 0 | BE25: =P24+R24+T24+V24+X24+Z24+AB24+AD24+AF24+AH24+AJ24+AL24+AN24+AP24+AR24+AT24+AV24+B25+D25+F25+H25+J25+L25+N25 -> 0 | BG25: =fevereiro!$BE26 -> 0 | BI25: =IF(BH25>0,1,0) -> 0
A26: 18 | AF26: 3.5 | AG26: 25 | AH26: 1.4 | AI26: 55 | AJ26: 0.2 | AK26: 10 | AX26: 18 | AY26: =B26+D26+F26+H26+J26+L26+N26+P26+R26+T26+V26+X26+Z26+AB26+AD26+AF26+AH26+AJ26+AL26+AN26+AP26+AR26+AT26+AV26 -> 5.1 | AZ26: =C26+E26+G26+I26+K26+M26+O26+Q26+S26+U26+W26+Y26+AA26+AC26+AE26+AG26+AI26+AK26+AM26+AO26+AQ26+AS26+AU26+AW26 -> 90 | BA26: =MAX(B26,D26,F26,H26,J26,L26,N26,P26,R26,T26,V26,X26,Z26,AB26,AD26,AF26,AH26,AJ26,AL26,AN26,AP26,AR26,AT26,AV26) -> 3.5 | BB26: =COUNT(B26,D26,F26,H26,J26,L26,N26,P26,R26,T26,V26,X26,Z26,AB26,AD26,AF26,AH26,AJ26,AL26,AN26,AP26,AR26,AT26,AV26) -> 3 | BD26: =IF(BB26>0,1,0) -> 1 | BE26: =P25+R25+T25+V25+X25+Z25+AB25+AD25+AF25+AH25+AJ25+AL25+AN25+AP25+AR25+AT25+AV25+B26+D26+F26+H26+J26+L26+N26 -> 0 | BG26: =fevereiro!$BE27 -> 5.1 | BI26: =IF(BH26>0,1,0) -> 0
A27: 19 | AF27: 2.2 | AG27: 30 | AH27: 5.1 | AI27: 30 | AX27: 19 | AY27: =B27+D27+F27+H27+J27+L27+N27+P27+R27+T27+V27+X27+Z27+AB27+AD27+AF27+AH27+AJ27+AL27+AN27+AP27+AR27+AT27+AV27 -> 7.3 | AZ27: =C27+E27+G27+I27+K27+M27+O27+Q27+S27+U27+W27+Y27+AA27+AC27+AE27+AG27+AI27+AK27+AM27+AO27+AQ27+AS27+AU27+AW27 -> 60 | BA27: =MAX(B27,D27,F27,H27,J27,L27,N27,P27,R27,T27,V27,X27,Z27,AB27,AD27,AF27,AH27,AJ27,AL27,AN27,AP27,AR27,AT27,AV27) -> 5.1 | BB27: =COUNT(B27,D27,F27,H27,J27,L27,N27,P27,R27,T27,V27,X27,Z27,AB27,AD27,AF27,AH27,AJ27,AL27,AN27,AP27,AR27,AT27,AV27) -> 2 | BD27: =IF(BB27>0,1,0) -> 1 | BE27: =P26+R26+T26+V26+X26+Z26+AB26+AD26+AF26+AH26+AJ26+AL26+AN26+AP26+AR26+AT26+AV26+B27+D27+F27+H27+J27+L27+N27 -> 5.1 | BG27: =fevereiro!$BE28 -> 7.3 | BI27: =IF(BH27>0,1,0) -> 0
A28: 20 | V28: 5.7 | W28: 20 | X28: 2.4 | Y28: 20 | AB28: 0.1 | AC28: 5 | AD28: 14.7 | AE28: 60 | AL28: 0.1 | AM28: 5 | AV28: 0.1 | AW28: 5 | AX28: 20 | AY28: =B28+D28+F28+H28+J28+L28+N28+P28+R28+T28+V28+X28+Z28+AB28+AD28+AF28+AH28+AJ28+AL28+AN28+AP28+AR28+AT28+AV28 -> 23.1 | AZ28: =C28+E28+G28+I28+K28+M28+O28+Q28+S28+U28+W28+Y28+AA28+AC28+AE28+AG28+AI28+AK28+AM28+AO28+AQ28+AS28+AU28+AW28 -> 115 | BA28: =MAX(B28,D28,F28,H28,J28,L28,N28,P28,R28,T28,V28,X28,Z28,AB28,AD28,AF28,AH28,AJ28,AL28,AN28,AP28,AR28,AT28,AV28) -> 14.7 | BB28: =COUNT(B28,D28,F28,H28,J28,L28,N28,P28,R28,T28,V28,X28,Z28,AB28,AD28,AF28,AH28,AJ28,AL28,AN28,AP28,AR28,AT28,AV28) -> 6 | BD28: =IF(BB28>0,1,0) -> 1 | BE28: =P27+R27+T27+V27+X27+Z27+AB27+AD27+AF27+AH27+AJ27+AL27+AN27+AP27+AR27+AT27+AV27+B28+D28+F28+H28+J28+L28+N28 -> 7.3 | BG28: =fevereiro!$BE29 -> 23.1 | BI28: =IF(BH28>0,1,0) -> 0
A29: 21 | AD29: 15.6 | AE29: 30 | AF29: 3.9 | AG29: 20 | AH29: 0.2 | AI29: 10 | AJ29: 1.5 | AK29: 40 | AL29: 6.8 | AM29: 50 | AN29: 0.4 | AO29: 20 | AP29: 0.4 | AQ29: 25 | AR29: 1.4 | AS29: 60 | AT29: 0.3 | AU29: 20 | AX29: 21 | AY29: =B29+D29+F29+H29+J29+L29+N29+P29+R29+T29+V29+X29+Z29+AB29+AD29+AF29+AH29+AJ29+AL29+AN29+AP29+AR29+AT29+AV29 -> 30.5 | AZ29: =C29+E29+G29+I29+K29+M29+O29+Q29+S29+U29+W29+Y29+AA29+AC29+AE29+AG29+AI29+AK29+AM29+AO29+AQ29+AS29+AU29+AW29 -> 275 | BA29: =MAX(B29,D29,F29,H29,J29,L29,N29,P29,R29,T29,V29,X29,Z29,AB29,AD29,AF29,AH29,AJ29,AL29,AN29,AP29,AR29,AT29,AV29) -> 15.6 | BB29: =COUNT(B29,D29,F29,H29,J29,L29,N29,P29,R29,T29,V29,X29,Z29,AB29,AD29,AF29,AH29,AJ29,AL29,AN29,AP29,AR29,AT29,AV29) -> 9 | BD29: =IF(BB29>0,1,0) -> 1 | BE29: =P28+R28+T28+V28+X28+Z28+AB28+AD28+AF28+AH28+AJ28+AL28+AN28+AP28+AR28+AT28+AV28+B29+D29+F29+H29+J29+L29+N29 -> 23.1 | BG29: =fevereiro!$BE30 -> 30.7 | BI29: =IF(BH29>0,1,0) -> 0
A30: 22 | B30: 0.1 | C30: 5 | F30: 0.1 | G30: 5 | AX30: 22 | AY30: =B30+D30+F30+H30+J30+L30+N30+P30+R30+T30+V30+X30+Z30+AB30+AD30+AF30+AH30+AJ30+AL30+AN30+AP30+AR30+AT30+AV30 -> 0.2 | AZ30: =C30+E30+G30+I30+K30+M30+O30+Q30+S30+U30+W30+Y30+AA30+AC30+AE30+AG30+AI30+AK30+AM30+AO30+AQ30+AS30+AU30+AW30 -> 10 | BA30: =MAX(B30,D30,F30,H30,J30,L30,N30,P30,R30,T30,V30,X30,Z30,AB30,AD30,AF30,AH30,AJ30,AL30,AN30,AP30,AR30,AT30,AV30) -> 0.1 | BB30: =COUNT(B30,D30,F30,H30,J30,L30,N30,P30,R30,T30,V30,X30,Z30,AB30,AD30,AF30,AH30,AJ30,AL30,AN30,AP30,AR30,AT30,AV30) -> 2 | BD30: =IF(BB30>0,1,0) -> 1 | BE30: =P29+R29+T29+V29+X29+Z29+AB29+AD29+AF29+AH29+AJ29+AL29+AN29+AP29+AR29+AT29+AV29+B30+D30+F30+H30+J30+L30+N30 -> 30.7 | BG30: =fevereiro!$BE31 -> 0 | BI30: =IF(BH30>0,1,0) -> 0
A31: 23 | AH31: 9.7 | AI31: 10 | AJ31: 11.3 | AK31: 10 | AN31: 1 | AO31: 20 | AP31: 0.3 | AQ31: 5 | AR31: 0.5 | AS31: 25 | AX31: 23 | AY31: =B31+D31+F31+H31+J31+L31+N31+P31+R31+T31+V31+X31+Z31+AB31+AD31+AF31+AH31+AJ31+AL31+AN31+AP31+AR31+AT31+AV31 -> 22.8 | AZ31: =C31+E31+G31+I31+K31+M31+O31+Q31+S31+U31+W31+Y31+AA31+AC31+AE31+AG31+AI31+AK31+AM31+AO31+AQ31+AS31+AU31+AW31 -> 70 | BA31: =MAX(B31,D31,F31,H31,J31,L31,N31,P31,R31,T31,V31,X31,Z31,AB31,AD31,AF31,AH31,AJ31,AL31,AN31,AP31,AR31,AT31,AV31) -> 11.3 | BB31: =COUNT(B31,D31,F31,H31,J31,L31,N31,P31,R31,T31,V31,X31,Z31,AB31,AD31,AF31,AH31,AJ31,AL31,AN31,AP31,AR31,AT31,AV31) -> 5 | BD31: =IF(BB31>0,1,0) -> 1 | BE31: =P30+R30+T30+V30+X30+Z30+AB30+AD30+AF30+AH30+AJ30+AL30+AN30+AP30+AR30+AT30+AV30+B31+D31+F31+H31+J31+L31+N31 -> 0 | BG31: =fevereiro!$BE32 -> 22.8 | BI31: =IF(BH31>0,1,0) -> 0
A32: 24 | AB32: 7.6 | AC32: 20 | AD32: 9.5 | AE32: 40 | AF32: 6.2 | AG32: 60 | AH32: 0.4 | AI32: 30 | AJ32: 0.1 | AK32: 5 | AX32: 24 | AY32: =B32+D32+F32+H32+J32+L32+N32+P32+R32+T32+V32+X32+Z32+AB32+AD32+AF32+AH32+AJ32+AL32+AN32+AP32+AR32+AT32+AV32 -> 23.8 | AZ32: =C32+E32+G32+I32+K32+M32+O32+Q32+S32+U32+W32+Y32+AA32+AC32+AE32+AG32+AI32+AK32+AM32+AO32+AQ32+AS32+AU32+AW32 -> 155 | BA32: =MAX(B32,D32,F32,H32,J32,L32,N32,P32,R32,T32,V32,X32,Z32,AB32,AD32,AF32,AH32,AJ32,AL32,AN32,AP32,AR32,AT32,AV32) -> 9.5 | BB32: =COUNT(B32,D32,F32,H32,J32,L32,N32,P32,R32,T32,V32,X32,Z32,AB32,AD32,AF32,AH32,AJ32,AL32,AN32,AP32,AR32,AT32,AV32) -> 5 | BD32: =IF(BB32>0,1,0) -> 1 | BE32: =P31+R31+T31+V31+X31+Z31+AB31+AD31+AF31+AH31+AJ31+AL31+AN31+AP31+AR31+AT31+AV31+B32+D32+F32+H32+J32+L32+N32 -> 22.8 | BG32: =fevereiro!$BE33 -> 23.8 | BI32: =IF(BH32>0,1,0) -> 0
A33: 25 | AX33: 25 | AY33: =B33+D33+F33+H33+J33+L33+N33+P33+R33+T33+V33+X33+Z33+AB33+AD33+AF33+AH33+AJ33+AL33+AN33+AP33+AR33+AT33+AV33 -> 0 | AZ33: =C33+E33+G33+I33+K33+M33+O33+Q33+S33+U33+W33+Y33+AA33+AC33+AE33+AG33+AI33+AK33+AM33+AO33+AQ33+AS33+AU33+AW33 -> 0 | BA33: =MAX(B33,D33,F33,H33,J33,L33,N33,P33,R33,T33,V33,X33,Z33,AB33,AD33,AF33,AH33,AJ33,AL33,AN33,AP33,AR33,AT33,AV33) -> 0 | BB33: =COUNT(B33,D33,F33,H33,J33,L33,N33,P33,R33,T33,V33,X33,Z33,AB33,AD33,AF33,AH33,AJ33,AL33,AN33,AP33,AR33,AT33,AV33) -> 0 | BD33: =IF(BB33>0,1,0) -> 0 | BE33: =P32+R32+T32+V32+X32+Z32+AB32+AD32+AF32+AH32+AJ32+AL32+AN32+AP32+AR32+AT32+AV32+B33+D33+F33+H33+J33+L33+N33 -> 23.8 | BG33: =fevereiro!$BE34 -> 0 | BI33: =IF(BH33>0,1,0) -> 0
A34: 26 | AX34: 26 | AY34: =B34+D34+F34+H34+J34+L34+N34+P34+R34+T34+V34+X34+Z34+AB34+AD34+AF34+AH34+AJ34+AL34+AN34+AP34+AR34+AT34+AV34 -> 0 | AZ34: =C34+E34+G34+I34+K34+M34+O34+Q34+S34+U34+W34+Y34+AA34+AC34+AE34+AG34+AI34+AK34+AM34+AO34+AQ34+AS34+AU34+AW34 -> 0 | BA34: =MAX(B34,D34,F34,H34,J34,L34,N34,P34,R34,T34,V34,X34,Z34,AB34,AD34,AF34,AH34,AJ34,AL34,AN34,AP34,AR34,AT34,AV34) -> 0 | BB34: =COUNT(B34,D34,F34,H34,J34,L34,N34,P34,R34,T34,V34,X34,Z34,AB34,AD34,AF34,AH34,AJ34,AL34,AN34,AP34,AR34,AT34,AV34) -> 0 | BD34: =IF(BB34>0,1,0) -> 0 | BE34: =P33+R33+T33+V33+X33+Z33+AB33+AD33+AF33+AH33+AJ33+AL33+AN33+AP33+AR33+AT33+AV33+B34+D34+F34+H34+J34+L34+N34 -> 0 | BG34: =fevereiro!$BE35 -> 0 | BI34: =IF(BH34>0,1,0) -> 0
A35: 27 | AX35: 27 | AY35: =B35+D35+F35+H35+J35+L35+N35+P35+R35+T35+V35+X35+Z35+AB35+AD35+AF35+AH35+AJ35+AL35+AN35+AP35+AR35+AT35+AV35 -> 0 | AZ35: =C35+E35+G35+I35+K35+M35+O35+Q35+S35+U35+W35+Y35+AA35+AC35+AE35+AG35+AI35+AK35+AM35+AO35+AQ35+AS35+AU35+AW35 -> 0 | BA35: =MAX(B35,D35,F35,H35,J35,L35,N35,P35,R35,T35,V35,X35,Z35,AB35,AD35,AF35,AH35,AJ35,AL35,AN35,AP35,AR35,AT35,AV35) -> 0 | BB35: =COUNT(B35,D35,F35,H35,J35,L35,N35,P35,R35,T35,V35,X35,Z35,AB35,AD35,AF35,AH35,AJ35,AL35,AN35,AP35,AR35,AT35,AV35) -> 0 | BD35: =IF(BB35>0,1,0) -> 0 | BE35: =P34+R34+T34+V34+X34+Z34+AB34+AD34+AF34+AH34+AJ34+AL34+AN34+AP34+AR34+AT34+AV34+B35+D35+F35+H35+J35+L35+N35 -> 0 | BG35: =fevereiro!$BE36 -> 0 | BI35: =IF(BH35>0,1,0) -> 0
A36: 28 | AB36: 5.9 | AC36: 10 | AF36: 8.1 | AG36: 30 | AH36: 0.1 | AI36: 5 | AJ36: 3.4 | AK36: 20 | AX36: 28 | AY36: =B36+D36+F36+H36+J36+L36+N36+P36+R36+T36+V36+X36+Z36+AB36+AD36+AF36+AH36+AJ36+AL36+AN36+AP36+AR36+AT36+AV36 -> 17.5 | AZ36: =C36+E36+G36+I36+K36+M36+O36+Q36+S36+U36+W36+Y36+AA36+AC36+AE36+AG36+AI36+AK36+AM36+AO36+AQ36+AS36+AU36+AW36 -> 65 | BA36: =MAX(B36,D36,F36,H36,J36,L36,N36,P36,R36,T36,V36,X36,Z36,AB36,AD36,AF36,AH36,AJ36,AL36,AN36,AP36,AR36,AT36,AV36) -> 8.1 | BB36: =COUNT(B36,D36,F36,H36,J36,L36,N36,P36,R36,T36,V36,X36,Z36,AB36,AD36,AF36,AH36,AJ36,AL36,AN36,AP36,AR36,AT36,AV36) -> 4 | BD36: =IF(BB36>0,1,0) -> 1 | BE36: =P35+R35+T35+V35+X35+Z35+AB35+AD35+AF35+AH35+AJ35+AL35+AN35+AP35+AR35+AT35+AV35+B36+D36+F36+H36+J36+L36+N36 -> 0 | BG36: =fevereiro!$BE37 -> 19.9 | BI36: =IF(BH36>0,1,0) -> 0
A37: 29 | J37: 1.5 | K37: 25 | L37: 0.9 | M37: 25 | AX37: 29 | AY37: =B37+D37+F37+H37+J37+L37+N37+P37+R37+T37+V37+X37+Z37+AB37+AD37+AF37+AH37+AJ37+AL37+AN37+AP37+AR37+AT37+AV37 -> 2.4 | AZ37: =C37+E37+G37+I37+K37+M37+O37+Q37+S37+U37+W37+Y37+AA37+AC37+AE37+AG37+AI37+AK37+AM37+AO37+AQ37+AS37+AU37+AW37 -> 50 | BA37: =MAX(B37,D37,F37,H37,J37,L37,N37,P37,R37,T37,V37,X37,Z37,AB37,AD37,AF37,AH37,AJ37,AL37,AN37,AP37,AR37,AT37,AV37) -> 1.5 | BB37: =COUNT(B37,D37,F37,H37,J37,L37,N37,P37,R37,T37,V37,X37,Z37,AB37,AD37,AF37,AH37,AJ37,AL37,AN37,AP37,AR37,AT37,AV37) -> 2 | BD37: =IF(BB37>0,1,0) -> 1 | BE37: =P36+R36+T36+V36+X36+Z36+AB36+AD36+AF36+AH36+AJ36+AL36+AN36+AP36+AR36+AT36+AV36+B37+D37+F37+H37+J37+L37+N37 -> 19.9 | BG37: =fevereiro!$BE38 -> 0 | BI37: =IF(BH37>0,1,0) -> 0
A38: 1 | BG38: =fevereiro!$BH40 -> 0 | BI38: =IF(BH38>0,1,0) -> 0
BH39: 39142
AY40: VALORES MENSAIS | BD40: TOTAL | BE40: =SUM(BE9:BE39) -> 295.8 | BH40: =P37+R37+T37+V37+X37+Z37+AB37+AD37+AF37+AH37+AJ37+AL37+AN37+AP37+AR37+AT37+AV37+B38+D38+F38+H38+J38+L38+N38 -> 0
B41: 0 - 1 | D41: 1 - 2 | F41: 2 - 3 | H41: 3 - 4 | J41: 4 - 5 | L41: 5 - 6 | N41: 6 - 7 | P41: 7 - 8 | R41: 8 - 9 | T41: 9 - 10 | V41: 10 - 11 | X41: 11 - 12 | Z41: 12 - 13 | AB41: 13 - 14 | AD41: 14 - 15 | AF41: 15 - 16 | AH41: 16 - 17 | AJ41: 17 - 18 | AL41: 18 - 19 | AN41: 19 - 20 | AP41: 20 - 21 | AR41: 21 - 22 | AT41: 22 - 23 | AV41: 23 - 24 | AY41: Altura | AZ41: Duração | BA41: Máxima | BB41: Horas | BD41: MÁXIMO | BE41: =MAX(BE9:BE39) -> 64.2
B42: ALT. | C42: DUR. | D42: ALT. | E42: DUR. | F42: ALT. | G42: DUR. | H42: ALT. | I42: DUR. | J42: ALT. | K42: DUR. | L42: ALT. | M42: DUR. | N42: ALT. | O42: DUR. | P42: ALT. | Q42: DUR. | R42: ALT. | S42: DUR. | T42: ALT. | U42: DUR. | V42: ALT. | W42: DUR. | X42: ALT. | Y42: DUR. | Z42: ALT. | AA42: DUR. | AB42: ALT. | AC42: DUR. | AD42: ALT. | AE42: DUR. | AF42: ALT. | AG42: DUR. | AH42: ALT. | AI42: DUR. | AJ42: ALT. | AK42: DUR. | AL42: ALT. | AM42: DUR. | AN42: ALT. | AO42: DUR. | AP42: ALT. | AQ42: DUR. | AR42: ALT. | AS42: DUR. | AT42: ALT. | AU42: DUR. | AV42: ALT. | AW42: DUR. | AY42: Total | AZ42: total | BA42: altura | BB42: com | BD42: DIAS >=1 | BE42: =COUNTIF(BE9:BE39,">=1") -> 14
A43: A | B43: =SUM(B9:B39) -> 5.2 | D43: =SUM(D9:D39) -> 3 | F43: =SUM(F9:F39) -> 2.7 | H43: =SUM(H9:H39) -> 0.6 | J43: =SUM(J9:J39) -> 2 | L43: =SUM(L9:L39) -> 1.2 | N43: =SUM(N9:N39) -> 0.2 | P43: =SUM(P9:P39) -> 0 | R43: =SUM(R9:R39) -> 0 | T43: =SUM(T9:T39) -> 0.3 | V43: =SUM(V9:V39) -> 7.1 | X43: =SUM(X9:X39) -> 2.8 | Z43: =SUM(Z9:Z39) -> 2.3 | AB43: =SUM(AB9:AB39) -> 36.6 | AD43: =SUM(AD9:AD39) -> 48.8 | AF43: =SUM(AF9:AF39) -> 25.4 | AH43: =SUM(AH9:AH39) -> 17 | AJ43: =SUM(AJ9:AJ39) -> 22.6 | AL43: =SUM(AL9:AL39) -> 8 | AN43: =SUM(AN9:AN39) -> 1.7 | AP43: =SUM(AP9:AP39) -> 0.9 | AR43: =SUM(AR9:AR39) -> 13.7 | AT43: =SUM(AT9:AT39) -> 32.4 | AV43: =SUM(AV9:AV39) -> 20.6 | AY43: (mm) | AZ43: (min) | BA43: horária | BB43: chuva
A44: D | C44: =SUM(C9:C39) -> 75 | E44: =SUM(E9:E39) -> 90 | G44: =SUM(G9:G39) -> 120 | I44: =SUM(I9:I39) -> 85 | K44: =SUM(K9:K39) -> 55 | M44: =SUM(M9:M39) -> 35 | O44: =SUM(O9:O39) -> 5 | Q44: =SUM(Q9:Q39) -> 0 | S44: =SUM(S9:S39) -> 0 | U44: =SUM(U9:U39) -> 10 | W44: =SUM(W9:W39) -> 55 | Y44: =SUM(Y9:Y39) -> 35 | AA44: =SUM(AA9:AA39) -> 25 | AC44: =SUM(AC9:AC39) -> 170 | AE44: =SUM(AE9:AE39) -> 240 | AG44: =SUM(AG9:AG39) -> 265 | AI44: =SUM(AI9:AI39) -> 145 | AK44: =SUM(AK9:AK39) -> 155 | AM44: =SUM(AM9:AM39) -> 130 | AO44: =SUM(AO9:AO39) -> 60 | AQ44: =SUM(AQ9:AQ39) -> 40 | AS44: =SUM(AS9:AS39) -> 190 | AU44: =SUM(AU9:AU39) -> 140 | AW44: =SUM(AW9:AW39) -> 80 | AY44: =AY9+AY10+AY11+AY12+AY13+AY14+AY15+AY16+AY17+AY18+AY19+AY20+AY21+AY22+AY23+AY24+AY25+AY26+AY27+AY28+AY29+AY30+AY31+AY32+AY33+AY34+AY35+AY36+AY37+AY38+AY39 -> 255.1 | AZ44: =AZ9+AZ10+AZ11+AZ12+AZ13+AZ14+AZ15+AZ16+AZ17+AZ18+AZ19+AZ20+AZ21+AZ22+AZ23+AZ24+AZ25+AZ26+AZ27+AZ28+AZ29+AZ30+AZ31+AZ32+AZ33+AZ34+AZ35+AZ36+AZ37+AZ38+AZ39 -> 2205 | BA44: =MAX(BA9:BA39) -> 25.8 | BB44: =SUM(BB8:BB39) -> 82
A45: F | B45: =COUNT(B9:B39) -> 3 | D45: =COUNT(D9:D39) -> 2 | F45: =COUNT(F9:F39) -> 3 | H45: =COUNT(H9:H39) -> 2 | J45: =COUNT(J9:J39) -> 2 | L45: =COUNT(L9:L39) -> 2 | N45: =COUNT(N9:N39) -> 2 | P45: =COUNT(P9:P39) -> 0 | R45: =COUNT(R9:R39) -> 0 | T45: =COUNT(T9:T39) -> 1 | V45: =COUNT(V9:V39) -> 3 | X45: =COUNT(X9:X39) -> 2 | Z45: =COUNT(Z9:Z39) -> 2 | AB45: =COUNT(AB9:AB39) -> 6 | AD45: =COUNT(AD9:AD39) -> 7 | AF45: =COUNT(AF9:AF39) -> 9 | AH45: =COUNT(AH9:AH39) -> 7 | AJ45: =COUNT(AJ9:AJ39) -> 7 | AL45: =COUNT(AL9:AL39) -> 4 | AN45: =COUNT(AN9:AN39) -> 4 | AP45: =COUNT(AP9:AP39) -> 3 | AR45: =COUNT(AR9:AR39) -> 5 | AT45: =COUNT(AT9:AT39) -> 3 | AV45: =COUNT(AV9:AV39) -> 3 | AY45: Normal | AZ45: 1933-2002 | BB45: Dias
AY46: =[1]ano!D44 -> 207.04286 | BB46: com
B47: A = Altura mensal neste horário (mm) | AY47: Desvio | BB47: chuva
B48: D = Duração (minutos com chuva no mês neste horário) | AY48: =AY44-AY46 -> 48.057143 | BB48: =SUM(BD9:BD39) -> 17
B49: F = Freqüência (dias com chuva no mês neste horário)

Sheet marco
B1: MARÇO DE 2024 | J1: INSTITUTO ASTRONÔMICO E GEOFÍSICO DA UNIVERSIDADE DE SÃO PAULO
B2: DIGITADO POR PETY | AU2: Planilha atualizada por Edvaldo Gomes
B3: VERIFICADO POR PETY | M3: RESULTADOS EXTRAÍDOS DE PLUVIOGRAMA DIÁRIO (mm DE CHUVA)
AY4: VALORES DIÁRIOS | BE4: VALORES DIÁRIOS
AY5: (de 00h a 24h) | BE5: DAEE | BF5: DESVIO | BG5: EMAE
AY6: Altura | AZ6: Duração | BA6: Máxima | BE6: Altura | BG6: Máxima
A7: H. | B7: 0 - 1 | D7: 1 - 2 | F7: 2 - 3 | H7: 3 - 4 | J7: 4 - 5 | L7: 5 - 6 | N7: 6 - 7 | P7: 7 - 8 | R7: 8 - 9 | T7: 9 - 10 | V7: 10 - 11 | X7: 11 - 12 | Z7: 12 - 13 | AB7: 13 - 14 | AD7: 14 - 15 | AF7: 15 - 16 | AH7: 16 - 17 | AJ7: 17 - 18 | AL7: 18 - 19 | AN7: 19 - 20 | AP7: 20 - 21 | AR7: 21 - 22 | AT7: 22 - 23 | AV7: 23 - 24 | AX7: H. | AY7: total | AZ7: total | BA7: altura | BB7: Freq. | BE7: total | BG7: altura
A8: D. | B8: ALT. | C8: DUR. | D8: ALT. | E8: DUR. | F8: ALT. | G8: DUR. | H8: ALT. | I8: DUR. | J8: ALT. | K8: DUR. | L8: ALT. | M8: DUR. | N8: ALT. | O8: DUR. | P8: ALT. | Q8: DUR. | R8: ALT. | S8: DUR. | T8: ALT. | U8: DUR. | V8: ALT. | W8: DUR. | X8: ALT. | Y8: DUR. | Z8: ALT. | AA8: DUR. | AB8: ALT. | AC8: DUR. | AD8: ALT. | AE8: DUR. | AF8: ALT. | AG8: DUR. | AH8: ALT. | AI8: DUR. | AJ8: ALT. | AK8: DUR. | AL8: ALT. | AM8: DUR. | AN8: ALT. | AO8: DUR. | AP8: ALT. | AQ8: DUR. | AR8: ALT. | AS8: DUR. | AT8: ALT. | AU8: DUR. | AV8: ALT. | AW8: DUR. | AX8: D. | AY8: (mm) | AZ8: (min) | BA8: horária | BB8: (horas) | BE8: (mm) | BG8: horária | BH8: (horas)
A9: 1 | AF9: 2.8 | AG9: 10 | AX9: 1 | AY9: =B9+D9+F9+H9+J9+L9+N9+P9+R9+T9+V9+X9+Z9+AB9+AD9+AF9+AH9+AJ9+AL9+AN9+AP9+AR9+AT9+AV9 -> 2.8 | AZ9: =C9+E9+G9+I9+K9+M9+O9+Q9+S9+U9+W9+Y9+AA9+AC9+AE9+AG9+AI9+AK9+AM9+AO9+AQ9+AS9+AU9+AW9 -> 10 | BA9: =MAX(B9,D9,F9,H9,J9,L9,N9,P9,R9,T9,V9,X9,Z9,AB9,AD9,AF9,AH9,AJ9,AL9,AN9,AP9,AR9,AT9,AV9) -> 2.8 | BB9: =COUNT(B9,D9,F9,H9,J9,L9,N9,P9,R9,T9,V9,X9,Z9,AB9,AD9,AF9,AH9,AJ9,AL9,AN9,AP9,AR9,AT9,AV9) -> 1 | BD9: =IF(BB9>0,1,0) -> 1 | BE9: =fevereiro!$BH40 -> 0 | BF9: 39507 | BG9: =marco!$BE10 -> 2.8 | BI9: =IF(BH9>0,1,0) -> 0
A10: 2 | AX10: 2 | AY10: =B10+D10+F10+H10+J10+L10+N10+P10+R10+T10+V10+X10+Z10+AB10+AD10+AF10+AH10+AJ10+AL10+AN10+AP10+AR10+AT10+AV10 -> 0 | AZ10: =C10+E10+G10+I10+K10+M10+O10+Q10+S10+U10+W10+Y10+AA10+AC10+AE10+AG10+AI10+AK10+AM10+AO10+AQ10+AS10+AU10+AW10 -> 0 | BA10: =MAX(B10,D10,F10,H10,J10,L10,N10,P10,R10,T10,V10,X10,Z10,AB10,AD10,AF10,AH10,AJ10,AL10,AN10,AP10,AR10,AT10,AV10) -> 0 | BB10: =COUNT(B10,D10,F10,H10,J10,L10,N10,P10,R10,T10,V10,X10,Z10,AB10,AD10,AF10,AH10,AJ10,AL10,AN10,AP10,AR10,AT10,AV10) -> 0 | BD10: =IF(BB10>0,1,0) -> 0 | BE10: =P9+R9+T9+V9+X9+Z9+AB9+AD9+AF9+AH9+AJ9+AL9+AN9+AP9+AR9+AT9+AV9+B10+D10+F10+H10+J10+L10+N10 -> 2.8 | BG10: =marco!$BE11 -> 0 | BI10: =IF(BH10>0,1,0) -> 0
A11: 3 | AX11: 3 | AY11: =B11+D11+F11+H11+J11+L11+N11+P11+R11+T11+V11+X11+Z11+AB11+AD11+AF11+AH11+AJ11+AL11+AN11+AP11+AR11+AT11+AV11 -> 0 | AZ11: =C11+E11+G11+I11+K11+M11+O11+Q11+S11+U11+W11+Y11+AA11+AC11+AE11+AG11+AI11+AK11+AM11+AO11+AQ11+AS11+AU11+AW11 -> 0 | BA11: =MAX(B11,D11,F11,H11,J11,L11,N11,P11,R11,T11,V11,X11,Z11,AB11,AD11,AF11,AH11,AJ11,AL11,AN11,AP11,AR11,AT11,AV11) -> 0 | BB11: =COUNT(B11,D11,F11,H11,J11,L11,N11,P11,R11,T11,V11,X11,Z11,AB11,AD11,AF11,AH11,AJ11,AL11,AN11,AP11,AR11,AT11,AV11) -> 0 | BD11: =IF(BB11>0,1,0) -> 0 | BE11: =P10+R10+T10+V10+X10+Z10+AB10+AD10+AF10+AH10+AJ10+AL10+AN10+AP10+AR10+AT10+AV10+B11+D11+F11+H11+J11+L11+N11 -> 0 | BG11: =marco!$BE12 -> 0 | BI11: =IF(BH11>0,1,0) -> 0
A12: 4 | AX12: 4 | AY12: =B12+D12+F12+H12+J12+L12+N12+P12+R12+T12+V12+X12+Z12+AB12+AD12+AF12+AH12+AJ12+AL12+AN12+AP12+AR12+AT12+AV12 -> 0 | AZ12: =C12+E12+G12+I12+K12+M12+O12+Q12+S12+U12+W12+Y12+AA12+AC12+AE12+AG12+AI12+AK12+AM12+AO12+AQ12+AS12+AU12+AW12 -> 0 | BA12: =MAX(B12,D12,F12,H12,J12,L12,N12,P12,R12,T12,V12,X12,Z12,AB12,AD12,AF12,AH12,AJ12,AL12,AN12,AP12,AR12,AT12,AV12) -> 0 | BB12: =COUNT(B12,D12,F12,H12,J12,L12,N12,P12,R12,T12,V12,X12,Z12,AB12,AD12,AF12,AH12,AJ12,AL12,AN12,AP12,AR12,AT12,AV12) -> 0 | BD12: =IF(BB12>0,1,0) -> 0 | BE12: =P11+R11+T11+V11+X11+Z11+AB11+AD11+AF11+AH11+AJ11+AL11+AN11+AP11+AR11+AT11+AV11+B12+D12+F12+H12+J12+L12+N12 -> 0 | BG12: =marco!$BE13 -> 2.1 | BI12: =IF(BH12>0,1,0) -> 0
A13: 5 | H13: 1.9 | I13: 15 | L13: 0.2 | M13: 15 | AH13: 1 | AI13: 10 | AP13: 7.6 | AQ13: 55 | AR13: 0.9 | AS13: 25 | AX13: 5 | AY13: =B13+D13+F13+H13+J13+L13+N13+P13+R13+T13+V13+X13+Z13+AB13+AD13+AF13+AH13+AJ13+AL13+AN13+AP13+AR13+AT13+AV13 -> 11.6 | AZ13: =C13+E13+G13+I13+K13+M13+O13+Q13+S13+U13+W13+Y13+AA13+AC13+AE13+AG13+AI13+AK13+AM13+AO13+AQ13+AS13+AU13+AW13 -> 120 | BA13: =MAX(B13,D13,F13,H13,J13,L13,N13,P13,R13,T13,V13,X13,Z13,AB13,AD13,AF13,AH13,AJ13,AL13,AN13,AP13,AR13,AT13,AV13) -> 7.6 | BB13: =COUNT(B13,D13,F13,H13,J13,L13,N13,P13,R13,T13,V13,X13,Z13,AB13,AD13,AF13,AH13,AJ13,AL13,AN13,AP13,AR13,AT13,AV13) -> 5 | BD13: =IF(BB13>0,1,0) -> 1 | BE13: =P12+R12+T12+V12+X12+Z12+AB12+AD12+AF12+AH12+AJ12+AL12+AN12+AP12+AR12+AT12+AV12+B13+D13+F13+H13+J13+L13+N13 -> 2.1 | BG13: =marco!$BE14 -> 11.3 | BI13: =IF(BH13>0,1,0) -> 0
A14: 6 | F14: 1.1 | G14: 25 | H14: 0.6 | I14: 20 | N14: 0.1 | O14: 5 | AX14: 6 | AY14: =B14+D14+F14+H14+J14+L14+N14+P14+R14+T14+V14+X14+Z14+AB14+AD14+AF14+AH14+AJ14+AL14+AN14+AP14+AR14+AT14+AV14 -> 1.8 | AZ14: =C14+E14+G14+I14+K14+M14+O14+Q14+S14+U14+W14+Y14+AA14+AC14+AE14+AG14+AI14+AK14+AM14+AO14+AQ14+AS14+AU14+AW14 -> 50 | BA14: =MAX(B14,D14,F14,H14,J14,L14,N14,P14,R14,T14,V14,X14,Z14,AB14,AD14,AF14,AH14,AJ14,AL14,AN14,AP14,AR14,AT14,AV14) -> 1.1 | BB14: =COUNT(B14,D14,F14,H14,J14,L14,N14,P14,R14,T14,V14,X14,Z14,AB14,AD14,AF14,AH14,AJ14,AL14,AN14,AP14,AR14,AT14,AV14) -> 3 | BD14: =IF(BB14>0,1,0) -> 1 | BE14: =P13+R13+T13+V13+X13+Z13+AB13+AD13+AF13+AH13+AJ13+AL13+AN13+AP13+AR13+AT13+AV13+B14+D14+F14+H14+J14+L14+N14 -> 11.3 | BG14: =marco!$BE15 -> 0 | BI14: =IF(BH14>0,1,0) -> 0
A15: 7 | AX15: 7 | AY15: =B15+D15+F15+H15+J15+L15+N15+P15+R15+T15+V15+X15+Z15+AB15+AD15+AF15+AH15+AJ15+AL15+AN15+AP15+AR15+AT15+AV15 -> 0 | AZ15: =C15+E15+G15+I15+K15+M15+O15+Q15+S15+U15+W15+Y15+AA15+AC15+AE15+AG15+AI15+AK15+AM15+AO15+AQ15+AS15+AU15+AW15 -> 0 | BA15: =MAX(B15,D15,F15,H15,J15,L15,N15,P15,R15,T15,V15,X15,Z15,AB15,AD15,AF15,AH15,AJ15,AL15,AN15,AP15,AR15,AT15,AV15) -> 0 | BB15: =COUNT(B15,D15,F15,H15,J15,L15,N15,P15,R15,T15,V15,X15,Z15,AB15,AD15,AF15,AH15,AJ15,AL15,AN15,AP15,AR15,AT15,AV15) -> 0 | BD15: =IF(BB15>0,1,0) -> 0 | BE15: =P14+R14+T14+V14+X14+Z14+AB14+AD14+AF14+AH14+AJ14+AL14+AN14+AP14+AR14+AT14+AV14+B15+D15+F15+H15+J15+L15+N15 -> 0 | BG15: =marco!$BE16 -> 0 | BI15: =IF(BH15>0,1,0) -> 0
A16: 8 | AF16: 22.8 | AG16: 30 | AH16: 8.6 | AI16: 50 | AJ16: 0.8 | AK16: 30 | AL16: 1.2 | AM16: 30 | AN16: 3.4 | AO16: 60 | AP16: 3.2 | AQ16: 60 | AR16: 0.7 | AS16: 60 | AT16: 0.8 | AU16: 45 | AV16: 1.2 | AW16: 50 | AX16: 8 | AY16: =B16+D16+F16+H16+J16+L16+N16+P16+R16+T16+V16+X16+Z16+AB16+AD16+AF16+AH16+AJ16+AL16+AN16+AP16+AR16+AT16+AV16 -> 42.7 | AZ16: =C16+E16+G16+I16+K16+M16+O16+Q16+S16+U16+W16+Y16+AA16+AC16+AE16+AG16+AI16+AK16+AM16+AO16+AQ16+AS16+AU16+AW16 -> 415 | BA16: =MAX(B16,D16,F16,H16,J16,L16,N16,P16,R16,T16,V16,X16,Z16,AB16,AD16,AF16,AH16,AJ16,AL16,AN16,AP16,AR16,AT16,AV16) -> 22.8 | BB16: =COUNT(B16,D16,F16,H16,J16,L16,N16,P16,R16,T16,V16,X16,Z16,AB16,AD16,AF16,AH16,AJ16,AL16,AN16,AP16,AR16,AT16,AV16) -> 9 | BD16: =IF(BB16>0,1,0) -> 1 | BE16: =P15+R15+T15+V15+X15+Z15+AB15+AD15+AF15+AH15+AJ15+AL15+AN15+AP15+AR15+AT15+AV15+B16+D16+F16+H16+J16+L16+N16 -> 0 | BG16: =marco!$BE17 -> 44.4 | BI16: =IF(BH16>0,1,0) -> 0
A17: 9 | B17: 1.5 | C17: 50 | J17: 0.1 | K17: 5 | N17: 0.1 | O17: 5 | AT17: 0.4 | AU17: 10 | AV17: 0.7 | AW17: 40 | AX17: 9 | AY17: =B17+D17+F17+H17+J17+L17+N17+P17+R17+T17+V17+X17+Z17+AB17+AD17+AF17+AH17+AJ17+AL17+AN17+AP17+AR17+AT17+AV17 -> 2.8 | AZ17: =C17+E17+G17+I17+K17+M17+O17+Q17+S17+U17+W17+Y17+AA17+AC17+AE17+AG17+AI17+AK17+AM17+AO17+AQ17+AS17+AU17+AW17 -> 110 | BA17: =MAX(B17,D17,F17,H17,J17,L17,N17,P17,R17,T17,V17,X17,Z17,AB17,AD17,AF17,AH17,AJ17,AL17,AN17,AP17,AR17,AT17,AV17) -> 1.5 | BB17: =COUNT(B17,D17,F17,H17,J17,L17,N17,P17,R17,T17,V17,X17,Z17,AB17,AD17,AF17,AH17,AJ17,AL17,AN17,AP17,AR17,AT17,AV17) -> 5 | BD17: =IF(BB17>0,1,0) -> 1 | BE17: =P16+R16+T16+V16+X16+Z16+AB16+AD16+AF16+AH16+AJ16+AL16+AN16+AP16+AR16+AT16+AV16+B17+D17+F17+H17+J17+L17+N17 -> 44.4 | BG17: =marco!$BE18 -> 1.7 | BI17: =IF(BH17>0,1,0) -> 0
A18: 10 | B18: 0.4 | C18: 15 | H18: 0.1 | I18: 5 | N18: 0.1 | O18: 5 | X18: 3 | Y18: 10 | AX18: 10 | AY18: =B18+D18+F18+H18+J18+L18+N18+P18+R18+T18+V18+X18+Z18+AB18+AD18+AF18+AH18+AJ18+AL18+AN18+AP18+AR18+AT18+AV18 -> 3.6 | AZ18: =C18+E18+G18+I18+K18+M18+O18+Q18+S18+U18+W18+Y18+AA18+AC18+AE18+AG18+AI18+AK18+AM18+AO18+AQ18+AS18+AU18+AW18 -> 35 | BA18: =MAX(B18,D18,F18,H18,J18,L18,N18,P18,R18,T18,V18,X18,Z18,AB18,AD18,AF18,AH18,AJ18,AL18,AN18,AP18,AR18,AT18,AV18) -> 3 | BB18: =COUNT(B18,D18,F18,H18,J18,L18,N18,P18,R18,T18,V18,X18,Z18,AB18,AD18,AF18,AH18,AJ18,AL18,AN18,AP18,AR18,AT18,AV18) -> 4 | BD18: =IF(BB18>0,1,0) -> 1 | BE18: =P17+R17+T17+V17+X17+Z17+AB17+AD17+AF17+AH17+AJ17+AL17+AN17+AP17+AR17+AT17+AV17+B18+D18+F18+H18+J18+L18+N18 -> 1.7 | BG18: =marco!$BE19 -> 3.5 | BI18: =IF(BH18>0,1,0) -> 0
A19: 11 | D19: 0.2 | E19: 5 | F19: 0.3 | G19: 15 | AX19: 11 | AY19: =B19+D19+F19+H19+J19+L19+N19+P19+R19+T19+V19+X19+Z19+AB19+AD19+AF19+AH19+AJ19+AL19+AN19+AP19+AR19+AT19+AV19 -> 0.5 | AZ19: =C19+E19+G19+I19+K19+M19+O19+Q19+S19+U19+W19+Y19+AA19+AC19+AE19+AG19+AI19+AK19+AM19+AO19+AQ19+AS19+AU19+AW19 -> 20 | BA19: =MAX(B19,D19,F19,H19,J19,L19,N19,P19,R19,T19,V19,X19,Z19,AB19,AD19,AF19,AH19,AJ19,AL19,AN19,AP19,AR19,AT19,AV19) -> 0.3 | BB19: =COUNT(B19,D19,F19,H19,J19,L19,N19,P19,R19,T19,V19,X19,Z19,AB19,AD19,AF19,AH19,AJ19,AL19,AN19,AP19,AR19,AT19,AV19) -> 2 | BD19: =IF(BB19>0,1,0) -> 1 | BE19: =P18+R18+T18+V18+X18+Z18+AB18+AD18+AF18+AH18+AJ18+AL18+AN18+AP18+AR18+AT18+AV18+B19+D19+F19+H19+J19+L19+N19 -> 3.5 | BG19: =marco!$BE20 -> 0 | BI19: =IF(BH19>0,1,0) -> 0
A20: 12 | AX20: 12 | AY20: =B20+D20+F20+H20+J20+L20+N20+P20+R20+T20+V20+X20+Z20+AB20+AD20+AF20+AH20+AJ20+AL20+AN20+AP20+AR20+AT20+AV20 -> 0 | AZ20: =C20+E20+G20+I20+K20+M20+O20+Q20+S20+U20+W20+Y20+AA20+AC20+AE20+AG20+AI20+AK20+AM20+AO20+AQ20+AS20+AU20+AW20 -> 0 | BA20: =MAX(B20,D20,F20,H20,J20,L20,N20,P20,R20,T20,V20,X20,Z20,AB20,AD20,AF20,AH20,AJ20,AL20,AN20,AP20,AR20,AT20,AV20) -> 0 | BB20: =COUNT(B20,D20,F20,H20,J20,L20,N20,P20,R20,T20,V20,X20,Z20,AB20,AD20,AF20,AH20,AJ20,AL20,AN20,AP20,AR20,AT20,AV20) -> 0 | BD20: =IF(BB20>0,1,0) -> 0 | BE20: =P19+R19+T19+V19+X19+Z19+AB19+AD19+AF19+AH19+AJ19+AL19+AN19+AP19+AR19+AT19+AV19+B20+D20+F20+H20+J20+L20+N20 -> 0 | BG20: =marco!$BE21 -> 0 | BI20: =IF(BH20>0,1,0) -> 0
A21: 13 | AX21: 13 | AY21: =B21+D21+F21+H21+J21+L21+N21+P21+R21+T21+V21+X21+Z21+AB21+AD21+AF21+AH21+AJ21+AL21+AN21+AP21+AR21+AT21+AV21 -> 0 | AZ21: =C21+E21+G21+I21+K21+M21+O21+Q21+S21+U21+W21+Y21+AA21+AC21+AE21+AG21+AI21+AK21+AM21+AO21+AQ21+AS21+AU21+AW21 -> 0 | BA21: =MAX(B21,D21,F21,H21,J21,L21,N21,P21,R21,T21,V21,X21,Z21,AB21,AD21,AF21,AH21,AJ21,AL21,AN21,AP21,AR21,AT21,AV21) -> 0 | BB21: =COUNT(B21,D21,F21,H21,J21,L21,N21,P21,R21,T21,V21,X21,Z21,AB21,AD21,AF21,AH21,AJ21,AL21,AN21,AP21,AR21,AT21,AV21) -> 0 | BD21: =IF(BB21>0,1,0) -> 0 | BE21: =P20+R20+T20+V20+X20+Z20+AB20+AD20+AF20+AH20+AJ20+AL20+AN20+AP20+AR20+AT20+AV20+B21+D21+F21+H21+J21+L21+N21 -> 0 | BG21: =marco!$BE22 -> 0 | BI21: =IF(BH21>0,1,0) -> 0
A22: 14 | AX22: 14 | AY22: =B22+D22+F22+H22+J22+L22+N22+P22+R22+T22+V22+X22+Z22+AB22+AD22+AF22+AH22+AJ22+AL22+AN22+AP22+AR22+AT22+AV22 -> 0 | AZ22: =C22+E22+G22+I22+K22+M22+O22+Q22+S22+U22+W22+Y22+AA22+AC22+AE22+AG22+AI22+AK22+AM22+AO22+AQ22+AS22+AU22+AW22 -> 0 | BA22: =MAX(B22,D22,F22,H22,J22,L22,N22,P22,R22,T22,V22,X22,Z22,AB22,AD22,AF22,AH22,AJ22,AL22,AN22,AP22,AR22,AT22,AV22) -> 0 | BB22: =COUNT(B22,D22,F22,H22,J22,L22,N22,P22,R22,T22,V22,X22,Z22,AB22,AD22,AF22,AH22,AJ22,AL22,AN22,AP22,AR22,AT22,AV22) -> 0 | BD22: =IF(BB22>0,1,0) -> 0 | BE22: =P21+R21+T21+V21+X21+Z21+AB21+AD21+AF21+AH21+AJ21+AL21+AN21+AP21+AR21+AT21+AV21+B22+D22+F22+H22+J22+L22+N22 -> 0 | BG22: =marco!$BE23 -> 0 | BI22: =IF(BH22>0,1,0) -> 0
A23: 15 | AX23: 15 | AY23: =B23+D23+F23+H23+J23+L23+N23+P23+R23+T23+V23+X23+Z23+AB23+AD23+AF23+AH23+AJ23+AL23+AN23+AP23+AR23+AT23+AV23 -> 0 | AZ23: =C23+E23+G23+I23+K23+M23+O23+Q23+S23+U23+W23+Y23+AA23+AC23+AE23+AG23+AI23+AK23+AM23+AO23+AQ23+AS23+AU23+AW23 -> 0 | BA23: =MAX(B23,D23,F23,H23,J23,L23,N23,P23,R23,T23,V23,X23,Z23,AB23,AD23,AF23,AH23,AJ23,AL23,AN23,AP23,AR23,AT23,AV23) -> 0 | BB23: =COUNT(B23,D23,F23,H23,J23,L23,N23,P23,R23,T23,V23,X23,Z23,AB23,AD23,AF23,AH23,AJ23,AL23,AN23,AP23,AR23,AT23,AV23) -> 0 | BD23: =IF(BB23>0,1,0) -> 0 | BE23: =P22+R22+T22+V22+X22+Z22+AB22+AD22+AF22+AH22+AJ22+AL22+AN22+AP22+AR22+AT22+AV22+B23+D23+F23+H23+J23+L23+N23 -> 0 | BG23: =marco!$BE24 -> 0 | BI23: =IF(BH23>0,1,0) -> 0
A24: 16 | AX24: 16 | AY24: =B24+D24+F24+H24+J24+L24+N24+P24+R24+T24+V24+X24+Z24+AB24+AD24+AF24+AH24+AJ24+AL24+AN24+AP24+AR24+AT24+AV24 -> 0 | AZ24: =C24+E24+G24+I24+K24+M24+O24+Q24+S24+U24+W24+Y24+AA24+AC24+AE24+AG24+AI24+AK24+AM24+AO24+AQ24+AS24+AU24+AW24 -> 0 | BA24: =MAX(B24,D24,F24,H24,J24,L24,N24,P24,R24,T24,V24,X24,Z24,AB24,AD24,AF24,AH24,AJ24,AL24,AN24,AP24,AR24,AT24,AV24) -> 0 | BB24: =COUNT(B24,D24,F24,H24,J24,L24,N24,P24,R24,T24,V24,X24,Z24,AB24,AD24,AF24,AH24,AJ24,AL24,AN24,AP24,AR24,AT24,AV24) -> 0 | BD24: =IF(BB24>0,1,0) -> 0 | BE24: =P23+R23+T23+V23+X23+Z23+AB23+AD23+AF23+AH23+AJ23+AL23+AN23+AP23+AR23+AT23+AV23+B24+D24+F24+H24+J24+L24+N24 -> 0 | BG24: =marco!$BE25 -> 0 | BI24: =IF(BH24>0,1,0) -> 0
A25: 17 | AX25: 17 | AY25: =B25+D25+F25+H25+J25+L25+N25+P25+R25+T25+V25+X25+Z25+AB25+AD25+AF25+AH25+AJ25+AL25+AN25+AP25+AR25+AT25+AV25 -> 0 | AZ25: =C25+E25+G25+I25+K25+M25+O25+Q25+S25+U25+W25+Y25+AA25+AC25+AE25+AG25+AI25+AK25+AM25+AO25+AQ25+AS25+AU25+AW25 -> 0 | BA25: =MAX(B25,D25,F25,H25,J25,L25,N25,P25,R25,T25,V25,X25,Z25,AB25,AD25,AF25,AH25,AJ25,AL25,AN25,AP25,AR25,AT25,AV25) -> 0 | BB25: =COUNT(B25,D25,F25,H25,J25,L25,N25,P25,R25,T25,V25,X25,Z25,AB25,AD25,AF25,AH25,AJ25,AL25,AN25,AP25,AR25,AT25,AV25) -> 0 | BD25: =IF(BB25>0,1,0) -> 0 | BE25: =P24+R24+T24+V24+X24+Z24+AB24+AD24+AF24+AH24+AJ24+AL24+AN24+AP24+AR24+AT24+AV24+B25+D25+F25+H25+J25+L25+N25 -> 0 | BG25: =marco!$BE26 -> 0 | BI25: =IF(BH25>0,1,0) -> 0
A26: 18 | AD26: 2 | AE26: 20 | AF26: 4 | AG26: 45 | AH26: 1 | AI26: 45 | AJ26: 0.1 | AK26: 5 | AX26: 18 | AY26: =B26+D26+F26+H26+J26+L26+N26+P26+R26+T26+V26+X26+Z26+AB26+AD26+AF26+AH26+AJ26+AL26+AN26+AP26+AR26+AT26+AV26 -> 7.1 | AZ26: =C26+E26+G26+I26+K26+M26+O26+Q26+S26+U26+W26+Y26+AA26+AC26+AE26+AG26+AI26+AK26+AM26+AO26+AQ26+AS26+AU26+AW26 -> 115 | BA26: =MAX(B26,D26,F26,H26,J26,L26,N26,P26,R26,T26,V26,X26,Z26,AB26,AD26,AF26,AH26,AJ26,AL26,AN26,AP26,AR26,AT26,AV26) -> 4 | BB26: =COUNT(B26,D26,F26,H26,J26,L26,N26,P26,R26,T26,V26,X26,Z26,AB26,AD26,AF26,AH26,AJ26,AL26,AN26,AP26,AR26,AT26,AV26) -> 4 | BD26: =IF(BB26>0,1,0) -> 1 | BE26: =P25+R25+T25+V25+X25+Z25+AB25+AD25+AF25+AH25+AJ25+AL25+AN25+AP25+AR25+AT25+AV25+B26+D26+F26+H26+J26+L26+N26 -> 0 | BG26: =marco!$BE27 -> 7.1 | BI26: =IF(BH26>0,1,0) -> 0
A27: 19 | AX27: 19 | AY27: =B27+D27+F27+H27+J27+L27+N27+P27+R27+T27+V27+X27+Z27+AB27+AD27+AF27+AH27+AJ27+AL27+AN27+AP27+AR27+AT27+AV27 -> 0 | AZ27: =C27+E27+G27+I27+K27+M27+O27+Q27+S27+U27+W27+Y27+AA27+AC27+AE27+AG27+AI27+AK27+AM27+AO27+AQ27+AS27+AU27+AW27 -> 0 | BA27: =MAX(B27,D27,F27,H27,J27,L27,N27,P27,R27,T27,V27,X27,Z27,AB27,AD27,AF27,AH27,AJ27,AL27,AN27,AP27,AR27,AT27,AV27) -> 0 | BB27: =COUNT(B27,D27,F27,H27,J27,L27,N27,P27,R27,T27,V27,X27,Z27,AB27,AD27,AF27,AH27,AJ27,AL27,AN27,AP27,AR27,AT27,AV27) -> 0 | BD27: =IF(BB27>0,1,0) -> 0 | BE27: =P26+R26+T26+V26+X26+Z26+AB26+AD26+AF26+AH26+AJ26+AL26+AN26+AP26+AR26+AT26+AV26+B27+D27+F27+H27+J27+L27+N27 -> 7.1 | BG27: =marco!$BE28 -> 0 | BI27: =IF(BH27>0,1,0) -> 0
A28: 20 | AX28: 20 | AY28: =B28+D28+F28+H28+J28+L28+N28+P28+R28+T28+V28+X28+Z28+AB28+AD28+AF28+AH28+AJ28+AL28+AN28+AP28+AR28+AT28+AV28 -> 0 | AZ28: =C28+E28+G28+I28+K28+M28+O28+Q28+S28+U28+W28+Y28+AA28+AC28+AE28+AG28+AI28+AK28+AM28+AO28+AQ28+AS28+AU28+AW28 -> 0 | BA28: =MAX(B28,D28,F28,H28,J28,L28,N28,P28,R28,T28,V28,X28,Z28,AB28,AD28,AF28,AH28,AJ28,AL28,AN28,AP28,AR28,AT28,AV28) -> 0 | BB28: =COUNT(B28,D28,F28,H28,J28,L28,N28,P28,R28,T28,V28,X28,Z28,AB28,AD28,AF28,AH28,AJ28,AL28,AN28,AP28,AR28,AT28,AV28) -> 0 | BD28: =IF(BB28>0,1,0) -> 0 | BE28: =P27+R27+T27+V27+X27+Z27+AB27+AD27+AF27+AH27+AJ27+AL27+AN27+AP27+AR27+AT27+AV27+B28+D28+F28+H28+J28+L28+N28 -> 0 | BG28: =marco!$BE29 -> 0 | BI28: =IF(BH28>0,1,0) -> 0
A29: 21 | AP29: 1.7 | AQ29: 5 | AR29: 1.7 | AS29: 30 | AT29: 0.1 | AU29: 5 | AV29: 0.1 | AW29: 5 | AX29: 21 | AY29: =B29+D29+F29+H29+J29+L29+N29+P29+R29+T29+V29+X29+Z29+AB29+AD29+AF29+AH29+AJ29+AL29+AN29+AP29+AR29+AT29+AV29 -> 3.6 | AZ29: =C29+E29+G29+I29+K29+M29+O29+Q29+S29+U29+W29+Y29+AA29+AC29+AE29+AG29+AI29+AK29+AM29+AO29+AQ29+AS29+AU29+AW29 -> 45 | BA29: =MAX(B29,D29,F29,H29,J29,L29,N29,P29,R29,T29,V29,X29,Z29,AB29,AD29,AF29,AH29,AJ29,AL29,AN29,AP29,AR29,AT29,AV29) -> 1.7 | BB29: =COUNT(B29,D29,F29,H29,J29,L29,N29,P29,R29,T29,V29,X29,Z29,AB29,AD29,AF29,AH29,AJ29,AL29,AN29,AP29,AR29,AT29,AV29) -> 4 | BD29: =IF(BB29>0,1,0) -> 1 | BE29: =P28+R28+T28+V28+X28+Z28+AB28+AD28+AF28+AH28+AJ28+AL28+AN28+AP28+AR28+AT28+AV28+B29+D29+F29+H29+J29+L29+N29 -> 0 | BG29: =marco!$BE30 -> 5.5 | BI29: =IF(BH29>0,1,0) -> 0
A30: 22 | B30: 0.1 | C30: 5 | D30: 0.3 | E30: 55 | F30: 0.1 | G30: 10 | H30: 0.5 | I30: 25 | J30: 0.1 | K30: 10 | L30: 0.1 | M30: 10 | N30: 0.7 | O30: 25 | R30: 0.2 | S30: 10 | T30: 0.2 | U30: 5 | V30: 0.1 | W30: 10 | X30: 1 | Y30: 30 | AB30: 0.3 | AC30: 5 | AJ30: 0.6 | AK30: 20 | AL30: 1.2 | AM30: 60 | AN30: 0.7 | AO30: 60 | AP30: 0.3 | AQ30: 30 | AT30: 0.1 | AU30: 5 | AV30: 0.1 | AW30: 5 | AX30: 22 | AY30: =B30+D30+F30+H30+J30+L30+N30+P30+R30+T30+V30+X30+Z30+AB30+AD30+AF30+AH30+AJ30+AL30+AN30+AP30+AR30+AT30+AV30 -> 6.7 | AZ30: =C30+E30+G30+I30+K30+M30+O30+Q30+S30+U30+W30+Y30+AA30+AC30+AE30+AG30+AI30+AK30+AM30+AO30+AQ30+AS30+AU30+AW30 -> 380 | BA30: =MAX(B30,D30,F30,H30,J30,L30,N30,P30,R30,T30,V30,X30,Z30,AB30,AD30,AF30,AH30,AJ30,AL30,AN30,AP30,AR30,AT30,AV30) -> 1.2 | BB30: =COUNT(B30,D30,F30,H30,J30,L30,N30,P30,R30,T30,V30,X30,Z30,AB30,AD30,AF30,AH30,AJ30,AL30,AN30,AP30,AR30,AT30,AV30) -> 18 | BD30: =IF(BB30>0,1,0) -> 1 | BE30: =P29+R29+T29+V29+X29+Z29+AB29+AD29+AF29+AH29+AJ29+AL29+AN29+AP29+AR29+AT29+AV29+B30+D30+F30+H30+J30+L30+N30 -> 5.5 | BG30: =marco!$BE31 -> 5.5 | BI30: =IF(BH30>0,1,0) -> 0
A31: 23 | F31: 0.2 | G31: 10 | H31: 0.1 | I31: 5 | J31: 0.3 | K31: 20 | L31: 0.1 | M31: 10 | R31: 0.2 | S31: 5 | X31: 2.7 | Y31: 60 | Z31: 0.3 | AA31: 35 | AB31: 1.2 | AC31: 60 | AD31: 1.2 | AE31: 60 | AF31: 0.9 | AG31: 60 | AH31: 0.3 | AI31: 35 | AJ31: 0.5 | AK31: 60 | AL31: 0.3 | AM31: 50 | AN31: 0.1 | AO31: 10 | AP31: 0.1 | AQ31: 20 | AR31: 0.4 | AS31: 35 | AT31: 0.5 | AU31: 35 | AV31: 0.7 | AW31: 30 | AX31: 23 | AY31: =B31+D31+F31+H31+J31+L31+N31+P31+R31+T31+V31+X31+Z31+AB31+AD31+AF31+AH31+AJ31+AL31+AN31+AP31+AR31+AT31+AV31 -> 10.1 | AZ31: =C31+E31+G31+I31+K31+M31+O31+Q31+S31+U31+W31+Y31+AA31+AC31+AE31+AG31+AI31+AK31+AM31+AO31+AQ31+AS31+AU31+AW31 -> 600 | BA31: =MAX(B31,D31,F31,H31,J31,L31,N31,P31,R31,T31,V31,X31,Z31,AB31,AD31,AF31,AH31,AJ31,AL31,AN31,AP31,AR31,AT31,AV31) -> 2.7 | BB31: =COUNT(B31,D31,F31,H31,J31,L31,N31,P31,R31,T31,V31,X31,Z31,AB31,AD31,AF31,AH31,AJ31,AL31,AN31,AP31,AR31,AT31,AV31) -> 18 | BD31: =IF(BB31>0,1,0) -> 1 | BE31: =P30+R30+T30+V30+X30+Z30+AB30+AD30+AF30+AH30+AJ30+AL30+AN30+AP30+AR30+AT30+AV30+B31+D31+F31+H31+J31+L31+N31 -> 5.5 | BG31: =marco!$BE32 -> 21.1 | BI31: =IF(BH31>0,1,0) -> 0
A32: 24 | B32: 0.4 | C32: 25 | D32: 1.8 | E32: 50 | F32: 1 | G32: 50 | H32: 2.6 | I32: 60 | J32: 2.4 | K32: 60 | L32: 0.7 | M32: 60 | N32: 2.8 | O32: 60 | P32: 0.6 | Q32: 30 | AX32: 24 | AY32: =B32+D32+F32+H32+J32+L32+N32+P32+R32+T32+V32+X32+Z32+AB32+AD32+AF32+AH32+AJ32+AL32+AN32+AP32+AR32+AT32+AV32 -> 12.3 | AZ32: =C32+E32+G32+I32+K32+M32+O32+Q32+S32+U32+W32+Y32+AA32+AC32+AE32+AG32+AI32+AK32+AM32+AO32+AQ32+AS32+AU32+AW32 -> 395 | BA32: =MAX(B32,D32,F32,H32,J32,L32,N32,P32,R32,T32,V32,X32,Z32,AB32,AD32,AF32,AH32,AJ32,AL32,AN32,AP32,AR32,AT32,AV32) -> 2.8 | BB32: =COUNT(B32,D32,F32,H32,J32,L32,N32,P32,R32,T32,V32,X32,Z32,AB32,AD32,AF32,AH32,AJ32,AL32,AN32,AP32,AR32,AT32,AV32) -> 8 | BD32: =IF(BB32>0,1,0) -> 1 | BE32: =P31+R31+T31+V31+X31+Z31+AB31+AD31+AF31+AH31+AJ31+AL31+AN31+AP31+AR31+AT31+AV31+B32+D32+F32+H32+J32+L32+N32 -> 21.1 | BG32: =marco!$BE33 -> 0.6 | BI32: =IF(BH32>0,1,0) -> 0
A33: 25 | AP33: 0.1 | AQ33: 10 | AX33: 25 | AY33: =B33+D33+F33+H33+J33+L33+N33+P33+R33+T33+V33+X33+Z33+AB33+AD33+AF33+AH33+AJ33+AL33+AN33+AP33+AR33+AT33+AV33 -> 0.1 | AZ33: =C33+E33+G33+I33+K33+M33+O33+Q33+S33+U33+W33+Y33+AA33+AC33+AE33+AG33+AI33+AK33+AM33+AO33+AQ33+AS33+AU33+AW33 -> 10 | BA33: =MAX(B33,D33,F33,H33,J33,L33,N33,P33,R33,T33,V33,X33,Z33,AB33,AD33,AF33,AH33,AJ33,AL33,AN33,AP33,AR33,AT33,AV33) -> 0.1 | BB33: =COUNT(B33,D33,F33,H33,J33,L33,N33,P33,R33,T33,V33,X33,Z33,AB33,AD33,AF33,AH33,AJ33,AL33,AN33,AP33,AR33,AT33,AV33) -> 1 | BD33: =IF(BB33>0,1,0) -> 1 | BE33: =P32+R32+T32+V32+X32+Z32+AB32+AD32+AF32+AH32+AJ32+AL32+AN32+AP32+AR32+AT32+AV32+B33+D33+F33+H33+J33+L33+N33 -> 0.6 | BG33: =marco!$BE34 -> 0.1 | BI33: =IF(BH33>0,1,0) -> 0
A34: 26 | AR34: 0.1 | AS34: 10 | AX34: 26 | AY34: =B34+D34+F34+H34+J34+L34+N34+P34+R34+T34+V34+X34+Z34+AB34+AD34+AF34+AH34+AJ34+AL34+AN34+AP34+AR34+AT34+AV34 -> 0.1 | AZ34: =C34+E34+G34+I34+K34+M34+O34+Q34+S34+U34+W34+Y34+AA34+AC34+AE34+AG34+AI34+AK34+AM34+AO34+AQ34+AS34+AU34+AW34 -> 10 | BA34: =MAX(B34,D34,F34,H34,J34,L34,N34,P34,R34,T34,V34,X34,Z34,AB34,AD34,AF34,AH34,AJ34,AL34,AN34,AP34,AR34,AT34,AV34) -> 0.1 | BB34: =COUNT(B34,D34,F34,H34,J34,L34,N34,P34,R34,T34,V34,X34,Z34,AB34,AD34,AF34,AH34,AJ34,AL34,AN34,AP34,AR34,AT34,AV34) -> 1 | BD34: =IF(BB34>0,1,0) -> 1 | BE34: =P33+R33+T33+V33+X33+Z33+AB33+AD33+AF33+AH33+AJ33+AL33+AN33+AP33+AR33+AT33+AV33+B34+D34+F34+H34+J34+L34+N34 -> 0.1 | BG34: =marco!$BE35 -> 0.1 | BI34: =IF(BH34>0,1,0) -> 0
A35: 27 | V35: 0.2 | W35: 5 | X35: 0.2 | Y35: 10 | AB35: 0.5 | AC35: 30 | AD35: 0.2 | AE35: 25 | AP35: 0.2 | AQ35: 30 | AR35: 0.1 | AS35: 20 | AT35: 0.2 | AU35: 25 | AV35: 0.8 | AW35: 60 | AX35: 27 | AY35: =B35+D35+F35+H35+J35+L35+N35+P35+R35+T35+V35+X35+Z35+AB35+AD35+AF35+AH35+AJ35+AL35+AN35+AP35+AR35+AT35+AV35 -> 2.4 | AZ35: =C35+E35+G35+I35+K35+M35+O35+Q35+S35+U35+W35+Y35+AA35+AC35+AE35+AG35+AI35+AK35+AM35+AO35+AQ35+AS35+AU35+AW35 -> 205 | BA35: =MAX(B35,D35,F35,H35,J35,L35,N35,P35,R35,T35,V35,X35,Z35,AB35,AD35,AF35,AH35,AJ35,AL35,AN35,AP35,AR35,AT35,AV35) -> 0.8 | BB35: =COUNT(B35,D35,F35,H35,J35,L35,N35,P35,R35,T35,V35,X35,Z35,AB35,AD35,AF35,AH35,AJ35,AL35,AN35,AP35,AR35,AT35,AV35) -> 8 | BD35: =IF(BB35>0,1,0) -> 1 | BE35: =P34+R34+T34+V34+X34+Z34+AB34+AD34+AF34+AH34+AJ34+AL34+AN34+AP34+AR34+AT34+AV34+B35+D35+F35+H35+J35+L35+N35 -> 0.1 | BG35: =marco!$BE36 -> 4.6 | BI35: =IF(BH35>0,1,0) -> 0
A36: 28 | B36: 0.4 | C36: 55 | D36: 0.4 | E36: 15 | F36: 0.6 | G36: 60 | H36: 0.5 | I36: 50 | J36: 0.2 | K36: 25 | L36: 0.1 | M36: 20 | V36: 0.6 | W36: 20 | X36: 1.2 | Y36: 60 | Z36: 2.3 | AA36: 60 | AB36: 1.1 | AC36: 35 | AD36: 1.1 | AE36: 10 | AF36: 6.7 | AG36: 50 | AH36: 0.9 | AI36: 60 | AJ36: 0.2 | AK36: 10 | AX36: 28 | AY36: =B36+D36+F36+H36+J36+L36+N36+P36+R36+T36+V36+X36+Z36+AB36+AD36+AF36+AH36+AJ36+AL36+AN36+AP36+AR36+AT36+AV36 -> 16.3 | AZ36: =C36+E36+G36+I36+K36+M36+O36+Q36+S36+U36+W36+Y36+AA36+AC36+AE36+AG36+AI36+AK36+AM36+AO36+AQ36+AS36+AU36+AW36 -> 530 | BA36: =MAX(B36,D36,F36,H36,J36,L36,N36,P36,R36,T36,V36,X36,Z36,AB36,AD36,AF36,AH36,AJ36,AL36,AN36,AP36,AR36,AT36,AV36) -> 6.7 | BB36: =COUNT(B36,D36,F36,H36,J36,L36,N36,P36,R36,T36,V36,X36,Z36,AB36,AD36,AF36,AH36,AJ36,AL36,AN36,AP36,AR36,AT36,AV36) -> 14 | BD36: =IF(BB36>0,1,0) -> 1 | BE36: =P35+R35+T35+V35+X35+Z35+AB35+AD35+AF35+AH35+AJ35+AL35+AN35+AP35+AR35+AT35+AV35+B36+D36+F36+H36+J36+L36+N36 -> 4.6 | BG36: =marco!$BE37 -> 14.2 | BI36: =IF(BH36>0,1,0) -> 0
A37: 29 | N37: 0.1 | O37: 5 | AX37: 29 | AY37: =B37+D37+F37+H37+J37+L37+N37+P37+R37+T37+V37+X37+Z37+AB37+AD37+AF37+AH37+AJ37+AL37+AN37+AP37+AR37+AT37+AV37 -> 0.1 | AZ37: =C37+E37+G37+I37+K37+M37+O37+Q37+S37+U37+W37+Y37+AA37+AC37+AE37+AG37+AI37+AK37+AM37+AO37+AQ37+AS37+AU37+AW37 -> 5 | BA37: =MAX(B37,D37,F37,H37,J37,L37,N37,P37,R37,T37,V37,X37,Z37,AB37,AD37,AF37,AH37,AJ37,AL37,AN37,AP37,AR37,AT37,AV37) -> 0.1 | BB37: =COUNT(B37,D37,F37,H37,J37,L37,N37,P37,R37,T37,V37,X37,Z37,AB37,AD37,AF37,AH37,AJ37,AL37,AN37,AP37,AR37,AT37,AV37) -> 1 | BD37: =IF(BB37>0,1,0) -> 1 | BE37: =P36+R36+T36+V36+X36+Z36+AB36+AD36+AF36+AH36+AJ36+AL36+AN36+AP36+AR36+AT36+AV36+B37+D37+F37+H37+J37+L37+N37 -> 14.2 | BG37: =marco!$BE38 -> 0 | BI37: =IF(BH37>0,1,0) -> 0
A38: 30 | AX38: 30 | AY38: =B38+D38+F38+H38+J38+L38+N38+P38+R38+T38+V38+X38+Z38+AB38+AD38+AF38+AH38+AJ38+AL38+AN38+AP38+AR38+AT38+AV38 -> 0 | AZ38: =C38+E38+G38+I38+K38+M38+O38+Q38+S38+U38+W38+Y38+AA38+AC38+AE38+AG38+AI38+AK38+AM38+AO38+AQ38+AS38+AU38+AW38 -> 0 | BA38: =MAX(B38,D38,F38,H38,J38,L38,N38,P38,R38,T38,V38,X38,Z38,AB38,AD38,AF38,AH38,AJ38,AL38,AN38,AP38,AR38,AT38,AV38) -> 0 | BB38: =COUNT(B38,D38,F38,H38,J38,L38,N38,P38,R38,T38,V38,X38,Z38,AB38,AD38,AF38,AH38,AJ38,AL38,AN38,AP38,AR38,AT38,AV38) -> 0 | BD38: =IF(BB38>0,1,0) -> 0 | BE38: =P37+R37+T37+V37+X37+Z37+AB37+AD37+AF37+AH37+AJ37+AL37+AN37+AP37+AR37+AT37+AV37+B38+D38+F38+H38+J38+L38+N38 -> 0 | BG38: =marco!$BE39 -> 0.1 | BI38: =IF(BH38>0,1,0) -> 0
A39: 31 | L39: 0.1 | M39: 5 | AX39: 31 | AY39: =B39+D39+F39+H39+J39+L39+N39+P39+R39+T39+V39+X39+Z39+AB39+AD39+AF39+AH39+AJ39+AL39+AN39+AP39+AR39+AT39+AV39 -> 0.1 | AZ39: =C39+E39+G39+I39+K39+M39+O39+Q39+S39+U39+W39+Y39+AA39+AC39+AE39+AG39+AI39+AK39+AM39+AO39+AQ39+AS39+AU39+AW39 -> 5 | BA39: =MAX(B39,D39,F39,H39,J39,L39,N39,P39,R39,T39,V39,X39,Z39,AB39,AD39,AF39,AH39,AJ39,AL39,AN39,AP39,AR39,AT39,AV39) -> 0.1 | BB39: =COUNT(B39,D39,F39,H39,J39,L39,N39,P39,R39,T39,V39,X39,Z39,AB39,AD39,AF39,AH39,AJ39,AL39,AN39,AP39,AR39,AT39,AV39) -> 1 | BD39: =IF(BB39>0,1,0) -> 1 | BE39: =P38+R38+T38+V38+X38+Z38+AB38+AD38+AF38+AH38+AJ38+AL38+AN38+AP38+AR38+AT38+AV38+B39+D39+F39+H39+J39+L39+N39 -> 0.1 | BG39: =marco!$BH40 -> 0.1 | BH39: 39173 | BI39: =IF(BH39>0,1,0) -> 1
A40: 1 | L40: 0.1 | M40: 5 | AY40: VALORES MENSAIS | BD40: TOTAL | BE40: =SUM(BE9:BE39) -> 124.7 | BH40: =P39+R39+T39+V39+X39+Z39+AB39+AD39+AF39+AH39+AJ39+AL39+AN39+AP39+AR39+AT39+AV39+B40+D40+F40+H40+J40+L40+N40 -> 0.1
B41: 0 - 1 | D41: 1 - 2 | F41: 2 - 3 | H41: 3 - 4 | J41: 4 - 5 | L41: 5 - 6 | N41: 6 - 7 | P41: 7 - 8 | R41: 8 - 9 | T41: 9 - 10 | V41: 10 - 11 | X41: 11 - 12 | Z41: 12 - 13 | AB41: 13 - 14 | AD41: 14 - 15 | AF41: 15 - 16 | AH41: 16 - 17 | AJ41: 17 - 18 | AL41: 18 - 19 | AN41: 19 - 20 | AP41: 20 - 21 | AR41: 21 - 22 | AT41: 22 - 23 | AV41: 23 - 24 | AY41: Altura | AZ41: Duração | BA41: Máxima | BB41: Horas | BD41: MÁXIMO | BE41: =MAX(BE9:BE39) -> 44.4
B42: ALT. | C42: DUR. | D42: ALT. | E42: DUR. | F42: ALT. | G42: DUR. | H42: ALT. | I42: DUR. | J42: ALT. | K42: DUR. | L42: ALT. | M42: DUR. | N42: ALT. | O42: DUR. | P42: ALT. | Q42: DUR. | R42: ALT. | S42: DUR. | T42: ALT. | U42: DUR. | V42: ALT. | W42: DUR. | X42: ALT. | Y42: DUR. | Z42: ALT. | AA42: DUR. | AB42: ALT. | AC42: DUR. | AD42: ALT. | AE42: DUR. | AF42: ALT. | AG42: DUR. | AH42: ALT. | AI42: DUR. | AJ42: ALT. | AK42: DUR. | AL42: ALT. | AM42: DUR. | AN42: ALT. | AO42: DUR. | AP42: ALT. | AQ42: DUR. | AR42: ALT. | AS42: DUR. | AT42: ALT. | AU42: DUR. | AV42: ALT. | AW42: DUR. | AY42: Total | AZ42: total | BA42: altura | BB42: com | BD42: DIAS >=1 | BE42: =COUNTIF(BE9:BE39,">=1") -> 12
A43: A | B43: =SUM(B9:B39) -> 2.8 | D43: =SUM(D9:D39) -> 2.7 | F43: =SUM(F9:F39) -> 3.3 | H43: =SUM(H9:H39) -> 6.3 | J43: =SUM(J9:J39) -> 3.1 | L43: =SUM(L9:L39) -> 1.3 | N43: =SUM(N9:N39) -> 3.9 | P43: =SUM(P9:P39) -> 0.6 | R43: =SUM(R9:R39) -> 0.4 | T43: =SUM(T9:T39) -> 0.2 | V43: =SUM(V9:V39) -> 0.9 | X43: =SUM(X9:X39) -> 8.1 | Z43: =SUM(Z9:Z39) -> 2.6 | AB43: =SUM(AB9:AB39) -> 3.1 | AD43: =SUM(AD9:AD39) -> 4.5 | AF43: =SUM(AF9:AF39) -> 37.2 | AH43: =SUM(AH9:AH39) -> 11.8 | AJ43: =SUM(AJ9:AJ39) -> 2.2 | AL43: =SUM(AL9:AL39) -> 2.7 | AN43: =SUM(AN9:AN39) -> 4.2 | AP43: =SUM(AP9:AP39) -> 13.2 | AR43: =SUM(AR9:AR39) -> 3.9 | AT43: =SUM(AT9:AT39) -> 2.1 | AV43: =SUM(AV9:AV39) -> 3.6 | AY43: (mm) | AZ43: (min) | BA43: horária | BB43: chuva
A44: D | C44: =SUM(C9:C39) -> 150 | E44: =SUM(E9:E39) -> 125 | G44: =SUM(G9:G39) -> 170 | I44: =SUM(I9:I39) -> 180 | K44: =SUM(K9:K39) -> 120 | M44: =SUM(M9:M39) -> 120 | O44: =SUM(O9:O39) -> 105 | Q44: =SUM(Q9:Q39) -> 30 | S44: =SUM(S9:S39) -> 15 | U44: =SUM(U9:U39) -> 5 | W44: =SUM(W9:W39) -> 35 | Y44: =SUM(Y9:Y39) -> 170 | AA44: =SUM(AA9:AA39) -> 95 | AC44: =SUM(AC9:AC39) -> 130 | AE44: =SUM(AE9:AE39) -> 115 | AG44: =SUM(AG9:AG39) -> 195 | AI44: =SUM(AI9:AI39) -> 200 | AK44: =SUM(AK9:AK39) -> 125 | AM44: =SUM(AM9:AM39) -> 140 | AO44: =SUM(AO9:AO39) -> 130 | AQ44: =SUM(AQ9:AQ39) -> 210 | AS44: =SUM(AS9:AS39) -> 180 | AU44: =SUM(AU9:AU39) -> 125 | AW44: =SUM(AW9:AW39) -> 190 | AY44: =AY9+AY10+AY11+AY12+AY13+AY14+AY15+AY16+AY17+AY18+AY19+AY20+AY21+AY22+AY23+AY24+AY25+AY26+AY27+AY28+AY29+AY30+AY31+AY32+AY33+AY34+AY35+AY36+AY37+AY38+AY39 -> 124.7 | AZ44: =AZ9+AZ10+AZ11+AZ12+AZ13+AZ14+AZ15+AZ16+AZ17+AZ18+AZ19+AZ20+AZ21+AZ22+AZ23+AZ24+AZ25+AZ26+AZ27+AZ28+AZ29+AZ30+AZ31+AZ32+AZ33+AZ34+AZ35+AZ36+AZ37+AZ38+AZ39 -> 3060 | BA44: =MAX(BA9:BA39) -> 22.8 | BB44: =SUM(BB8:BB39) -> 107
A45: F | B45: =COUNT(B9:B39) -> 5 | D45: =COUNT(D9:D39) -> 4 | F45: =COUNT(F9:F39) -> 6 | H45: =COUNT(H9:H39) -> 7 | J45: =COUNT(J9:J39) -> 5 | L45: =COUNT(L9:L39) -> 6 | N45: =COUNT(N9:N39) -> 6 | P45: =COUNT(P9:P39) -> 1 | R45: =COUNT(R9:R39) -> 2 | T45: =COUNT(T9:T39) -> 1 | V45: =COUNT(V9:V39) -> 3 | X45: =COUNT(X9:X39) -> 5 | Z45: =COUNT(Z9:Z39) -> 2 | AB45: =COUNT(AB9:AB39) -> 4 | AD45: =COUNT(AD9:AD39) -> 4 | AF45: =COUNT(AF9:AF39) -> 5 | AH45: =COUNT(AH9:AH39) -> 5 | AJ45: =COUNT(AJ9:AJ39) -> 5 | AL45: =COUNT(AL9:AL39) -> 3 | AN45: =COUNT(AN9:AN39) -> 3 | AP45: =COUNT(AP9:AP39) -> 7 | AR45: =COUNT(AR9:AR39) -> 6 | AT45: =COUNT(AT9:AT39) -> 6 | AV45: =COUNT(AV9:AV39) -> 6 | AY45: Normal | AZ45: 1933-2002 | BB45: Dias
AY46: =[1]ano!E44 -> 164.98602 | BB46: com
B47: A = Altura mensal neste horário (mm) | AY47: Desvio | BB47: chuva
B48: D = Duração (minutos com chuva no mês neste horário) | AY48: =AY44-AY46 -> -40.286017 | BB48: =SUM(BD9:BD39) -> 18
B49: F = Freqüência (dias com chuva no mês neste horário)
AY51: =MAX(AY9:AY39) -> 42.7

Sheet abril
B1: ABRIL DE 2024 | J1: INSTITUTO ASTRONÔMICO E GEOFÍSICO DA UNIVERSIDADE DE SÃO PAULO
B2: DIGITADO POR EDVALDO GOMES
B3: VERIFICADO POR EDVALDO GOMES | M3: RESULTADOS EXTRAÍDOS DE PLUVIOGRAMA DIÁRIO (mm DE CHUVA)
AY4: VALORES DIÁRIOS | BE4: VALORES DIÁRIOS
AY5: (de 00h a 24h) | BE5: DAEE | BF5: DESVIO | BG5: EMAE
AY6: Altura | AZ6: Duração | BA6: Máxima | BE6: Altura | BG6: Máxima
A7: H. | B7: 0 - 1 | D7: 1 - 2 | F7: 2 - 3 | H7: 3 - 4 | J7: 4 - 5 | L7: 5 - 6 | N7: 6 - 7 | P7: 7 - 8 | R7: 8 - 9 | T7: 9 - 10 | V7: 10 - 11 | X7: 11 - 12 | Z7: 12 - 13 | AB7: 13 - 14 | AD7: 14 - 15 | AF7: 15 - 16 | AH7: 16 - 17 | AJ7: 17 - 18 | AL7: 18 - 19 | AN7: 19 - 20 | AP7: 20 - 21 | AR7: 21 - 22 | AT7: 22 - 23 | AV7: 23 - 24 | AX7: H. | AY7: total | AZ7: total | BA7: altura | BB7: Freq. | BE7: total | BG7: altura
A8: D. | B8: ALT. | C8: DUR. | D8: ALT. | E8: DUR. | F8: ALT. | G8: DUR. | H8: ALT. | I8: DUR. | J8: ALT. | K8: DUR. | L8: ALT. | M8: DUR. | N8: ALT. | O8: DUR. | P8: ALT. | Q8: DUR. | R8: ALT. | S8: DUR. | T8: ALT. | U8: DUR. | V8: ALT. | W8: DUR. | X8: ALT. | Y8: DUR. | Z8: ALT. | AA8: DUR. | AB8: ALT. | AC8: DUR. | AD8: ALT. | AE8: DUR. | AF8: ALT. | AG8: DUR. | AH8: ALT. | AI8: DUR. | AJ8: ALT. | AK8: DUR. | AL8: ALT. | AM8: DUR. | AN8: ALT. | AO8: DUR. | AP8: ALT. | AQ8: DUR. | AR8: ALT. | AS8: DUR. | AT8: ALT. | AU8: DUR. | AV8: ALT. | AW8: DUR. | AX8: D. | AY8: (mm) | AZ8: (min) | BA8: horária | BB8: (horas) | BE8: (mm) | BG8: horária | BH8: (horas)
A9: 1 | L9: 0.1 | M9: 5 | AX9: 1 | AY9: =B9+D9+F9+H9+J9+L9+N9+P9+R9+T9+V9+X9+Z9+AB9+AD9+AF9+AH9+AJ9+AL9+AN9+AP9+AR9+AT9+AV9 -> 0.1 | AZ9: =C9+E9+G9+I9+K9+M9+O9+Q9+S9+U9+W9+Y9+AA9+AC9+AE9+AG9+AI9+AK9+AM9+AO9+AQ9+AS9+AU9+AW9 -> 5 | BA9: =MAX(B9,D9,F9,H9,J9,L9,N9,P9,R9,T9,V9,X9,Z9,AB9,AD9,AF9,AH9,AJ9,AL9,AN9,AP9,AR9,AT9,AV9) -> 0.1 | BB9: =COUNT(B9,D9,F9,H9,J9,L9,N9,P9,R9,T9,V9,X9,Z9,AB9,AD9,AF9,AH9,AJ9,AL9,AN9,AP9,AR9,AT9,AV9) -> 1 | BD9: =IF(BB9>0,1,0) -> 1 | BE9: =marco!$BH40 -> 0.1 | BF9: 39172 | BG9: =abril!$BE10 -> 0 | BI9: =IF(BH9>0,1,0) -> 0
A10: 2 | AX10: 2 | AY10: =B10+D10+F10+H10+J10+L10+N10+P10+R10+T10+V10+X10+Z10+AB10+AD10+AF10+AH10+AJ10+AL10+AN10+AP10+AR10+AT10+AV10 -> 0 | AZ10: =C10+E10+G10+I10+K10+M10+O10+Q10+S10+U10+W10+Y10+AA10+AC10+AE10+AG10+AI10+AK10+AM10+AO10+AQ10+AS10+AU10+AW10 -> 0 | BA10: =MAX(B10,D10,F10,H10,J10,L10,N10,P10,R10,T10,V10,X10,Z10,AB10,AD10,AF10,AH10,AJ10,AL10,AN10,AP10,AR10,AT10,AV10) -> 0 | BB10: =COUNT(B10,D10,F10,H10,J10,L10,N10,P10,R10,T10,V10,X10,Z10,AB10,AD10,AF10,AH10,AJ10,AL10,AN10,AP10,AR10,AT10,AV10) -> 0 | BD10: =IF(BB10>0,1,0) -> 0 | BE10: =P9+R9+T9+V9+X9+Z9+AB9+AD9+AF9+AH9+AJ9+AL9+AN9+AP9+AR9+AT9+AV9+B10+D10+F10+H10+J10+L10+N10 -> 0 | BG10: =abril!$BE11 -> 0 | BI10: =IF(BH10>0,1,0) -> 0
A11: 3 | AX11: 3 | AY11: =B11+D11+F11+H11+J11+L11+N11+P11+R11+T11+V11+X11+Z11+AB11+AD11+AF11+AH11+AJ11+AL11+AN11+AP11+AR11+AT11+AV11 -> 0 | AZ11: =C11+E11+G11+I11+K11+M11+O11+Q11+S11+U11+W11+Y11+AA11+AC11+AE11+AG11+AI11+AK11+AM11+AO11+AQ11+AS11+AU11+AW11 -> 0 | BA11: =MAX(B11,D11,F11,H11,J11,L11,N11,P11,R11,T11,V11,X11,Z11,AB11,AD11,AF11,AH11,AJ11,AL11,AN11,AP11,AR11,AT11,AV11) -> 0 | BB11: =COUNT(B11,D11,F11,H11,J11,L11,N11,P11,R11,T11,V11,X11,Z11,AB11,AD11,AF11,AH11,AJ11,AL11,AN11,AP11,AR11,AT11,AV11) -> 0 | BD11: =IF(BB11>0,1,0) -> 0 | BE11: =P10+R10+T10+V10+X10+Z10+AB10+AD10+AF10+AH10+AJ10+AL10+AN10+AP10+AR10+AT10+AV10+B11+D11+F11+H11+J11+L11+N11 -> 0 | BG11: =abril!$BE12 -> 0 | BI11: =IF(BH11>0,1,0) -> 0
A12: 4 | AX12: 4 | AY12: =B12+D12+F12+H12+J12+L12+N12+P12+R12+T12+V12+X12+Z12+AB12+AD12+AF12+AH12+AJ12+AL12+AN12+AP12+AR12+AT12+AV12 -> 0 | AZ12: =C12+E12+G12+I12+K12+M12+O12+Q12+S12+U12+W12+Y12+AA12+AC12+AE12+AG12+AI12+AK12+AM12+AO12+AQ12+AS12+AU12+AW12 -> 0 | BA12: =MAX(B12,D12,F12,H12,J12,L12,N12,P12,R12,T12,V12,X12,Z12,AB12,AD12,AF12,AH12,AJ12,AL12,AN12,AP12,AR12,AT12,AV12) -> 0 | BB12: =COUNT(B12,D12,F12,H12,J12,L12,N12,P12,R12,T12,V12,X12,Z12,AB12,AD12,AF12,AH12,AJ12,AL12,AN12,AP12,AR12,AT12,AV12) -> 0 | BD12: =IF(BB12>0,1,0) -> 0 | BE12: =P11+R11+T11+V11+X11+Z11+AB11+AD11+AF11+AH11+AJ11+AL11+AN11+AP11+AR11+AT11+AV11+B12+D12+F12+H12+J12+L12+N12 -> 0 | BG12: =abril!$BE13 -> 0 | BI12: =IF(BH12>0,1,0) -> 0
A13: 5 | AX13: 5 | AY13: =B13+D13+F13+H13+J13+L13+N13+P13+R13+T13+V13+X13+Z13+AB13+AD13+AF13+AH13+AJ13+AL13+AN13+AP13+AR13+AT13+AV13 -> 0 | AZ13: =C13+E13+G13+I13+K13+M13+O13+Q13+S13+U13+W13+Y13+AA13+AC13+AE13+AG13+AI13+AK13+AM13+AO13+AQ13+AS13+AU13+AW13 -> 0 | BA13: =MAX(B13,D13,F13,H13,J13,L13,N13,P13,R13,T13,V13,X13,Z13,AB13,AD13,AF13,AH13,AJ13,AL13,AN13,AP13,AR13,AT13,AV13) -> 0 | BB13: =COUNT(B13,D13,F13,H13,J13,L13,N13,P13,R13,T13,V13,X13,Z13,AB13,AD13,AF13,AH13,AJ13,AL13,AN13,AP13,AR13,AT13,AV13) -> 0 | BD13: =IF(BB13>0,1,0) -> 0 | BE13: =P12+R12+T12+V12+X12+Z12+AB12+AD12+AF12+AH12+AJ12+AL12+AN12+AP12+AR12+AT12+AV12+B13+D13+F13+H13+J13+L13+N13 -> 0 | BG13: =abril!$BE14 -> 0 | BI13: =IF(BH13>0,1,0) -> 0
A14: 6 | AR14: 0.2 | AS14: 5 | AT14: 0.1 | AU14: 15 | AX14: 6 | AY14: =B14+D14+F14+H14+J14+L14+N14+P14+R14+T14+V14+X14+Z14+AB14+AD14+AF14+AH14+AJ14+AL14+AN14+AP14+AR14+AT14+AV14 -> 0.3 | AZ14: =C14+E14+G14+I14+K14+M14+O14+Q14+S14+U14+W14+Y14+AA14+AC14+AE14+AG14+AI14+AK14+AM14+AO14+AQ14+AS14+AU14+AW14 -> 20 | BA14: =MAX(B14,D14,F14,H14,J14,L14,N14,P14,R14,T14,V14,X14,Z14,AB14,AD14,AF14,AH14,AJ14,AL14,AN14,AP14,AR14,AT14,AV14) -> 0.2 | BB14: =COUNT(B14,D14,F14,H14,J14,L14,N14,P14,R14,T14,V14,X14,Z14,AB14,AD14,AF14,AH14,AJ14,AL14,AN14,AP14,AR14,AT14,AV14) -> 2 | BD14: =IF(BB14>0,1,0) -> 1 | BE14: =P13+R13+T13+V13+X13+Z13+AB13+AD13+AF13+AH13+AJ13+AL13+AN13+AP13+AR13+AT13+AV13+B14+D14+F14+H14+J14+L14+N14 -> 0 | BG14: =abril!$BE15 -> 0.6 | BI14: =IF(BH14>0,1,0) -> 0
A15: 7 | L15: 0.3 | M15: 20 | AX15: 7 | AY15: =B15+D15+F15+H15+J15+L15+N15+P15+R15+T15+V15+X15+Z15+AB15+AD15+AF15+AH15+AJ15+AL15+AN15+AP15+AR15+AT15+AV15 -> 0.3 | AZ15: =C15+E15+G15+I15+K15+M15+O15+Q15+S15+U15+W15+Y15+AA15+AC15+AE15+AG15+AI15+AK15+AM15+AO15+AQ15+AS15+AU15+AW15 -> 20 | BA15: =MAX(B15,D15,F15,H15,J15,L15,N15,P15,R15,T15,V15,X15,Z15,AB15,AD15,AF15,AH15,AJ15,AL15,AN15,AP15,AR15,AT15,AV15) -> 0.3 | BB15: =COUNT(B15,D15,F15,H15,J15,L15,N15,P15,R15,T15,V15,X15,Z15,AB15,AD15,AF15,AH15,AJ15,AL15,AN15,AP15,AR15,AT15,AV15) -> 1 | BD15: =IF(BB15>0,1,0) -> 1 | BE15: =P14+R14+T14+V14+X14+Z14+AB14+AD14+AF14+AH14+AJ14+AL14+AN14+AP14+AR14+AT14+AV14+B15+D15+F15+H15+J15+L15+N15 -> 0.6 | BG15: =abril!$BE16 -> 0 | BI15: =IF(BH15>0,1,0) -> 0
A16: 8 | AJ16: 0.4 | AK16: 5 | AL16: 0.2 | AM16: 10 | AP16: 0.2 | AQ16: 15 | AR16: 0.3 | AS16: 30 | AV16: 0.5 | AW16: 20 | AX16: 8 | AY16: =B16+D16+F16+H16+J16+L16+N16+P16+R16+T16+V16+X16+Z16+AB16+AD16+AF16+AH16+AJ16+AL16+AN16+AP16+AR16+AT16+AV16 -> 1.6 | AZ16: =C16+E16+G16+I16+K16+M16+O16+Q16+S16+U16+W16+Y16+AA16+AC16+AE16+AG16+AI16+AK16+AM16+AO16+AQ16+AS16+AU16+AW16 -> 80 | BA16: =MAX(B16,D16,F16,H16,J16,L16,N16,P16,R16,T16,V16,X16,Z16,AB16,AD16,AF16,AH16,AJ16,AL16,AN16,AP16,AR16,AT16,AV16) -> 0.5 | BB16: =COUNT(B16,D16,F16,H16,J16,L16,N16,P16,R16,T16,V16,X16,Z16,AB16,AD16,AF16,AH16,AJ16,AL16,AN16,AP16,AR16,AT16,AV16) -> 5 | BD16: =IF(BB16>0,1,0) -> 1 | BE16: =P15+R15+T15+V15+X15+Z15+AB15+AD15+AF15+AH15+AJ15+AL15+AN15+AP15+AR15+AT15+AV15+B16+D16+F16+H16+J16+L16+N16 -> 0 | BG16: =abril!$BE17 -> 2.6 | BI16: =IF(BH16>0,1,0) -> 0
A17: 9 | B17: 0.2 | C17: 10 | F17: 0.7 | G17: 50 | N17: 0.1 | O17: 60 | AX17: 9 | AY17: =B17+D17+F17+H17+J17+L17+N17+P17+R17+T17+V17+X17+Z17+AB17+AD17+AF17+AH17+AJ17+AL17+AN17+AP17+AR17+AT17+AV17 -> 1 | AZ17: =C17+E17+G17+I17+K17+M17+O17+Q17+S17+U17+W17+Y17+AA17+AC17+AE17+AG17+AI17+AK17+AM17+AO17+AQ17+AS17+AU17+AW17 -> 120 | BA17: =MAX(B17,D17,F17,H17,J17,L17,N17,P17,R17,T17,V17,X17,Z17,AB17,AD17,AF17,AH17,AJ17,AL17,AN17,AP17,AR17,AT17,AV17) -> 0.7 | BB17: =COUNT(B17,D17,F17,H17,J17,L17,N17,P17,R17,T17,V17,X17,Z17,AB17,AD17,AF17,AH17,AJ17,AL17,AN17,AP17,AR17,AT17,AV17) -> 3 | BD17: =IF(BB17>0,1,0) -> 1 | BE17: =P16+R16+T16+V16+X16+Z16+AB16+AD16+AF16+AH16+AJ16+AL16+AN16+AP16+AR16+AT16+AV16+B17+D17+F17+H17+J17+L17+N17 -> 2.6 | BG17: =abril!$BE18 -> 0 | BI17: =IF(BH17>0,1,0) -> 0
A18: 10 | AX18: 10 | AY18: =B18+D18+F18+H18+J18+L18+N18+P18+R18+T18+V18+X18+Z18+AB18+AD18+AF18+AH18+AJ18+AL18+AN18+AP18+AR18+AT18+AV18 -> 0 | AZ18: =C18+E18+G18+I18+K18+M18+O18+Q18+S18+U18+W18+Y18+AA18+AC18+AE18+AG18+AI18+AK18+AM18+AO18+AQ18+AS18+AU18+AW18 -> 0 | BA18: =MAX(B18,D18,F18,H18,J18,L18,N18,P18,R18,T18,V18,X18,Z18,AB18,AD18,AF18,AH18,AJ18,AL18,AN18,AP18,AR18,AT18,AV18) -> 0 | BB18: =COUNT(B18,D18,F18,H18,J18,L18,N18,P18,R18,T18,V18,X18,Z18,AB18,AD18,AF18,AH18,AJ18,AL18,AN18,AP18,AR18,AT18,AV18) -> 0 | BD18: =IF(BB18>0,1,0) -> 0 | BE18: =P17+R17+T17+V17+X17+Z17+AB17+AD17+AF17+AH17+AJ17+AL17+AN17+AP17+AR17+AT17+AV17+B18+D18+F18+H18+J18+L18+N18 -> 0 | BG18: =abril!$BE19 -> 0 | BI18: =IF(BH18>0,1,0) -> 0
A19: 11 | AN19: 0.1 | AO19: 5 | AP19: 0.1 | AQ19: 5 | AX19: 11 | AY19: =B19+D19+F19+H19+J19+L19+N19+P19+R19+T19+V19+X19+Z19+AB19+AD19+AF19+AH19+AJ19+AL19+AN19+AP19+AR19+AT19+AV19 -> 0.2 | AZ19: =C19+E19+G19+I19+K19+M19+O19+Q19+S19+U19+W19+Y19+AA19+AC19+AE19+AG19+AI19+AK19+AM19+AO19+AQ19+AS19+AU19+AW19 -> 10 | BA19: =MAX(B19,D19,F19,H19,J19,L19,N19,P19,R19,T19,V19,X19,Z19,AB19,AD19,AF19,AH19,AJ19,AL19,AN19,AP19,AR19,AT19,AV19) -> 0.1 | BB19: =COUNT(B19,D19,F19,H19,J19,L19,N19,P19,R19,T19,V19,X19,Z19,AB19,AD19,AF19,AH19,AJ19,AL19,AN19,AP19,AR19,AT19,AV19) -> 2 | BD19: =IF(BB19>0,1,0) -> 1 | BE19: =P18+R18+T18+V18+X18+Z18+AB18+AD18+AF18+AH18+AJ18+AL18+AN18+AP18+AR18+AT18+AV18+B19+D19+F19+H19+J19+L19+N19 -> 0 | BG19: =abril!$BE20 -> 0.3 | BI19: =IF(BH19>0,1,0) -> 0
A20: 12 | D20: 0.1 | E20: 5 | AX20: 12 | AY20: =B20+D20+F20+H20+J20+L20+N20+P20+R20+T20+V20+X20+Z20+AB20+AD20+AF20+AH20+AJ20+AL20+AN20+AP20+AR20+AT20+AV20 -> 0.1 | AZ20: =C20+E20+G20+I20+K20+M20+O20+Q20+S20+U20+W20+Y20+AA20+AC20+AE20+AG20+AI20+AK20+AM20+AO20+AQ20+AS20+AU20+AW20 -> 5 | BA20: =MAX(B20,D20,F20,H20,J20,L20,N20,P20,R20,T20,V20,X20,Z20,AB20,AD20,AF20,AH20,AJ20,AL20,AN20,AP20,AR20,AT20,AV20) -> 0.1 | BB20: =COUNT(B20,D20,F20,H20,J20,L20,N20,P20,R20,T20,V20,X20,Z20,AB20,AD20,AF20,AH20,AJ20,AL20,AN20,AP20,AR20,AT20,AV20) -> 1 | BD20: =IF(BB20>0,1,0) -> 1 | BE20: =P19+R19+T19+V19+X19+Z19+AB19+AD19+AF19+AH19+AJ19+AL19+AN19+AP19+AR19+AT19+AV19+B20+D20+F20+H20+J20+L20+N20 -> 0.3 | BG20: =abril!$BE21 -> 0 | BI20: =IF(BH20>0,1,0) -> 0
A21: 13 | AX21: 13 | AY21: =B21+D21+F21+H21+J21+L21+N21+P21+R21+T21+V21+X21+Z21+AB21+AD21+AF21+AH21+AJ21+AL21+AN21+AP21+AR21+AT21+AV21 -> 0 | AZ21: =C21+E21+G21+I21+K21+M21+O21+Q21+S21+U21+W21+Y21+AA21+AC21+AE21+AG21+AI21+AK21+AM21+AO21+AQ21+AS21+AU21+AW21 -> 0 | BA21: =MAX(B21,D21,F21,H21,J21,L21,N21,P21,R21,T21,V21,X21,Z21,AB21,AD21,AF21,AH21,AJ21,AL21,AN21,AP21,AR21,AT21,AV21) -> 0 | BB21: =COUNT(B21,D21,F21,H21,J21,L21,N21,P21,R21,T21,V21,X21,Z21,AB21,AD21,AF21,AH21,AJ21,AL21,AN21,AP21,AR21,AT21,AV21) -> 0 | BD21: =IF(BB21>0,1,0) -> 0 | BE21: =P20+R20+T20+V20+X20+Z20+AB20+AD20+AF20+AH20+AJ20+AL20+AN20+AP20+AR20+AT20+AV20+B21+D21+F21+H21+J21+L21+N21 -> 0 | BG21: =abril!$BE22 -> 0.2 | BI21: =IF(BH21>0,1,0) -> 0
A22: 14 | B22: 0.1 | C22: 5 | J22: 0.1 | K22: 15 | AX22: 14 | AY22: =B22+D22+F22+H22+J22+L22+N22+P22+R22+T22+V22+X22+Z22+AB22+AD22+AF22+AH22+AJ22+AL22+AN22+AP22+AR22+AT22+AV22 -> 0.2 | AZ22: =C22+E22+G22+I22+K22+M22+O22+Q22+S22+U22+W22+Y22+AA22+AC22+AE22+AG22+AI22+AK22+AM22+AO22+AQ22+AS22+AU22+AW22 -> 20 | BA22: =MAX(B22,D22,F22,H22,J22,L22,N22,P22,R22,T22,V22,X22,Z22,AB22,AD22,AF22,AH22,AJ22,AL22,AN22,AP22,AR22,AT22,AV22) -> 0.1 | BB22: =COUNT(B22,D22,F22,H22,J22,L22,N22,P22,R22,T22,V22,X22,Z22,AB22,AD22,AF22,AH22,AJ22,AL22,AN22,AP22,AR22,AT22,AV22) -> 2 | BD22: =IF(BB22>0,1,0) -> 1 | BE22: =P21+R21+T21+V21+X21+Z21+AB21+AD21+AF21+AH21+AJ21+AL21+AN21+AP21+AR21+AT21+AV21+B22+D22+F22+H22+J22+L22+N22 -> 0.2 | BG22: =abril!$BE23 -> 0 | BI22: =IF(BH22>0,1,0) -> 0
A23: 15 | P23: 0.3 | Q23: 35 | R23: 0.4 | S23: 40 | AF23: 9.2 | AG23: 35 | AH23: 5.4 | AI23: 15 | AN23: 0.1 | AO23: 15 | AX23: 15 | AY23: =B23+D23+F23+H23+J23+L23+N23+P23+R23+T23+V23+X23+Z23+AB23+AD23+AF23+AH23+AJ23+AL23+AN23+AP23+AR23+AT23+AV23 -> 15.4 | AZ23: =C23+E23+G23+I23+K23+M23+O23+Q23+S23+U23+W23+Y23+AA23+AC23+AE23+AG23+AI23+AK23+AM23+AO23+AQ23+AS23+AU23+AW23 -> 140 | BA23: =MAX(B23,D23,F23,H23,J23,L23,N23,P23,R23,T23,V23,X23,Z23,AB23,AD23,AF23,AH23,AJ23,AL23,AN23,AP23,AR23,AT23,AV23) -> 9.2 | BB23: =COUNT(B23,D23,F23,H23,J23,L23,N23,P23,R23,T23,V23,X23,Z23,AB23,AD23,AF23,AH23,AJ23,AL23,AN23,AP23,AR23,AT23,AV23) -> 5 | BD23: =IF(BB23>0,1,0) -> 1 | BE23: =P22+R22+T22+V22+X22+Z22+AB22+AD22+AF22+AH22+AJ22+AL22+AN22+AP22+AR22+AT22+AV22+B23+D23+F23+H23+J23+L23+N23 -> 0 | BG23: =abril!$BE24 -> 15.4 | BI23: =IF(BH23>0,1,0) -> 0
A24: 16 | AN24: 0.2 | AO24: 5 | AX24: 16 | AY24: =B24+D24+F24+H24+J24+L24+N24+P24+R24+T24+V24+X24+Z24+AB24+AD24+AF24+AH24+AJ24+AL24+AN24+AP24+AR24+AT24+AV24 -> 0.2 | AZ24: =C24+E24+G24+I24+K24+M24+O24+Q24+S24+U24+W24+Y24+AA24+AC24+AE24+AG24+AI24+AK24+AM24+AO24+AQ24+AS24+AU24+AW24 -> 5 | BA24: =MAX(B24,D24,F24,H24,J24,L24,N24,P24,R24,T24,V24,X24,Z24,AB24,AD24,AF24,AH24,AJ24,AL24,AN24,AP24,AR24,AT24,AV24) -> 0.2 | BB24: =COUNT(B24,D24,F24,H24,J24,L24,N24,P24,R24,T24,V24,X24,Z24,AB24,AD24,AF24,AH24,AJ24,AL24,AN24,AP24,AR24,AT24,AV24) -> 1 | BD24: =IF(BB24>0,1,0) -> 1 | BE24: =P23+R23+T23+V23+X23+Z23+AB23+AD23+AF23+AH23+AJ23+AL23+AN23+AP23+AR23+AT23+AV23+B24+D24+F24+H24+J24+L24+N24 -> 15.4 | BG24: =abril!$BE25 -> 54 | BI24: =IF(BH24>0,1,0) -> 0
A25: 17 | F25: 3.3 | G25: 45 | H25: 50 | I25: 60 | J25: 0.5 | K25: 15 | AN25: 2.4 | AO25: 45 | AP25: 0.1 | AQ25: 60 | AR25: 1.7 | AS25: 20 | AT25: 1.4 | AU25: 50 | AX25: 17 | AY25: =B25+D25+F25+H25+J25+L25+N25+P25+R25+T25+V25+X25+Z25+AB25+AD25+AF25+AH25+AJ25+AL25+AN25+AP25+AR25+AT25+AV25 -> 59.4 | AZ25: =C25+E25+G25+I25+K25+M25+O25+Q25+S25+U25+W25+Y25+AA25+AC25+AE25+AG25+AI25+AK25+AM25+AO25+AQ25+AS25+AU25+AW25 -> 295 | BA25: =MAX(B25,D25,F25,H25,J25,L25,N25,P25,R25,T25,V25,X25,Z25,AB25,AD25,AF25,AH25,AJ25,AL25,AN25,AP25,AR25,AT25,AV25) -> 50 | BB25: =COUNT(B25,D25,F25,H25,J25,L25,N25,P25,R25,T25,V25,X25,Z25,AB25,AD25,AF25,AH25,AJ25,AL25,AN25,AP25,AR25,AT25,AV25) -> 7 | BD25: =IF(BB25>0,1,0) -> 1 | BE25: =P24+R24+T24+V24+X24+Z24+AB24+AD24+AF24+AH24+AJ24+AL24+AN24+AP24+AR24+AT24+AV24+B25+D25+F25+H25+J25+L25+N25 -> 54 | BG25: =abril!$BE26 -> 7.4 | BI25: =IF(BH25>0,1,0) -> 0
A26: 18 | B26: 0.4 | C26: 20 | H26: 0.4 | I26: 15 | J26: 0.7 | K26: 50 | L26: 0.3 | M26: 20 | AX26: 18 | AY26: =B26+D26+F26+H26+J26+L26+N26+P26+R26+T26+V26+X26+Z26+AB26+AD26+AF26+AH26+AJ26+AL26+AN26+AP26+AR26+AT26+AV26 -> 1.8 | AZ26: =C26+E26+G26+I26+K26+M26+O26+Q26+S26+U26+W26+Y26+AA26+AC26+AE26+AG26+AI26+AK26+AM26+AO26+AQ26+AS26+AU26+AW26 -> 105 | BA26: =MAX(B26,D26,F26,H26,J26,L26,N26,P26,R26,T26,V26,X26,Z26,AB26,AD26,AF26,AH26,AJ26,AL26,AN26,AP26,AR26,AT26,AV26) -> 0.7 | BB26: =COUNT(B26,D26,F26,H26,J26,L26,N26,P26,R26,T26,V26,X26,Z26,AB26,AD26,AF26,AH26,AJ26,AL26,AN26,AP26,AR26,AT26,AV26) -> 4 | BD26: =IF(BB26>0,1,0) -> 1 | BE26: =P25+R25+T25+V25+X25+Z25+AB25+AD25+AF25+AH25+AJ25+AL25+AN25+AP25+AR25+AT25+AV25+B26+D26+F26+H26+J26+L26+N26 -> 7.4 | BG26: =abril!$BE27 -> 0 | BI26: =IF(BH26>0,1,0) -> 0
A27: 19 | AX27: 19 | AY27: =B27+D27+F27+H27+J27+L27+N27+P27+R27+T27+V27+X27+Z27+AB27+AD27+AF27+AH27+AJ27+AL27+AN27+AP27+AR27+AT27+AV27 -> 0 | AZ27: =C27+E27+G27+I27+K27+M27+O27+Q27+S27+U27+W27+Y27+AA27+AC27+AE27+AG27+AI27+AK27+AM27+AO27+AQ27+AS27+AU27+AW27 -> 0 | BA27: =MAX(B27,D27,F27,H27,J27,L27,N27,P27,R27,T27,V27,X27,Z27,AB27,AD27,AF27,AH27,AJ27,AL27,AN27,AP27,AR27,AT27,AV27) -> 0 | BB27: =COUNT(B27,D27,F27,H27,J27,L27,N27,P27,R27,T27,V27,X27,Z27,AB27,AD27,AF27,AH27,AJ27,AL27,AN27,AP27,AR27,AT27,AV27) -> 0 | BD27: =IF(BB27>0,1,0) -> 0 | BE27: =P26+R26+T26+V26+X26+Z26+AB26+AD26+AF26+AH26+AJ26+AL26+AN26+AP26+AR26+AT26+AV26+B27+D27+F27+H27+J27+L27+N27 -> 0 | BG27: =abril!$BE28 -> 0 | BI27: =IF(BH27>0,1,0) -> 0
A28: 20 | AX28: 20 | AY28: =B28+D28+F28+H28+J28+L28+N28+P28+R28+T28+V28+X28+Z28+AB28+AD28+AF28+AH28+AJ28+AL28+AN28+AP28+AR28+AT28+AV28 -> 0 | AZ28: =C28+E28+G28+I28+K28+M28+O28+Q28+S28+U28+W28+Y28+AA28+AC28+AE28+AG28+AI28+AK28+AM28+AO28+AQ28+AS28+AU28+AW28 -> 0 | BA28: =MAX(B28,D28,F28,H28,J28,L28,N28,P28,R28,T28,V28,X28,Z28,AB28,AD28,AF28,AH28,AJ28,AL28,AN28,AP28,AR28,AT28,AV28) -> 0 | BB28: =COUNT(B28,D28,F28,H28,J28,L28,N28,P28,R28,T28,V28,X28,Z28,AB28,AD28,AF28,AH28,AJ28,AL28,AN28,AP28,AR28,AT28,AV28) -> 0 | BD28: =IF(BB28>0,1,0) -> 0 | BE28: =P27+R27+T27+V27+X27+Z27+AB27+AD27+AF27+AH27+AJ27+AL27+AN27+AP27+AR27+AT27+AV27+B28+D28+F28+H28+J28+L28+N28 -> 0 | BG28: =abril!$BE29 -> 0 | BI28: =IF(BH28>0,1,0) -> 0
A29: 21 | AX29: 21 | AY29: =B29+D29+F29+H29+J29+L29+N29+P29+R29+T29+V29+X29+Z29+AB29+AD29+AF29+AH29+AJ29+AL29+AN29+AP29+AR29+AT29+AV29 -> 0 | AZ29: =C29+E29+G29+I29+K29+M29+O29+Q29+S29+U29+W29+Y29+AA29+AC29+AE29+AG29+AI29+AK29+AM29+AO29+AQ29+AS29+AU29+AW29 -> 0 | BA29: =MAX(B29,D29,F29,H29,J29,L29,N29,P29,R29,T29,V29,X29,Z29,AB29,AD29,AF29,AH29,AJ29,AL29,AN29,AP29,AR29,AT29,AV29) -> 0 | BB29: =COUNT(B29,D29,F29,H29,J29,L29,N29,P29,R29,T29,V29,X29,Z29,AB29,AD29,AF29,AH29,AJ29,AL29,AN29,AP29,AR29,AT29,AV29) -> 0 | BD29: =IF(BB29>0,1,0) -> 0 | BE29: =P28+R28+T28+V28+X28+Z28+AB28+AD28+AF28+AH28+AJ28+AL28+AN28+AP28+AR28+AT28+AV28+B29+D29+F29+H29+J29+L29+N29 -> 0 | BG29: =abril!$BE30 -> 0.2 | BI29: =IF(BH29>0,1,0) -> 0
A30: 22 | J30: 0.1 | K30: 5 | N30: 0.1 | O30: 60 | AX30: 22 | AY30: =B30+D30+F30+H30+J30+L30+N30+P30+R30+T30+V30+X30+Z30+AB30+AD30+AF30+AH30+AJ30+AL30+AN30+AP30+AR30+AT30+AV30 -> 0.2 | AZ30: =C30+E30+G30+I30+K30+M30+O30+Q30+S30+U30+W30+Y30+AA30+AC30+AE30+AG30+AI30+AK30+AM30+AO30+AQ30+AS30+AU30+AW30 -> 65 | BA30: =MAX(B30,D30,F30,H30,J30,L30,N30,P30,R30,T30,V30,X30,Z30,AB30,AD30,AF30,AH30,AJ30,AL30,AN30,AP30,AR30,AT30,AV30) -> 0.1 | BB30: =COUNT(B30,D30,F30,H30,J30,L30,N30,P30,R30,T30,V30,X30,Z30,AB30,AD30,AF30,AH30,AJ30,AL30,AN30,AP30,AR30,AT30,AV30) -> 2 | BD30: =IF(BB30>0,1,0) -> 1 | BE30: =P29+R29+T29+V29+X29+Z29+AB29+AD29+AF29+AH29+AJ29+AL29+AN29+AP29+AR29+AT29+AV29+B30+D30+F30+H30+J30+L30+N30 -> 0.2 | BG30: =abril!$BE31 -> 0 | BI30: =IF(BH30>0,1,0) -> 0
A31: 23 | AX31: 23 | AY31: =B31+D31+F31+H31+J31+L31+N31+P31+R31+T31+V31+X31+Z31+AB31+AD31+AF31+AH31+AJ31+AL31+AN31+AP31+AR31+AT31+AV31 -> 0 | AZ31: =C31+E31+G31+I31+K31+M31+O31+Q31+S31+U31+W31+Y31+AA31+AC31+AE31+AG31+AI31+AK31+AM31+AO31+AQ31+AS31+AU31+AW31 -> 0 | BA31: =MAX(B31,D31,F31,H31,J31,L31,N31,P31,R31,T31,V31,X31,Z31,AB31,AD31,AF31,AH31,AJ31,AL31,AN31,AP31,AR31,AT31,AV31) -> 0 | BB31: =COUNT(B31,D31,F31,H31,J31,L31,N31,P31,R31,T31,V31,X31,Z31,AB31,AD31,AF31,AH31,AJ31,AL31,AN31,AP31,AR31,AT31,AV31) -> 0 | BD31: =IF(BB31>0,1,0) -> 0 | BE31: =P30+R30+T30+V30+X30+Z30+AB30+AD30+AF30+AH30+AJ30+AL30+AN30+AP30+AR30+AT30+AV30+B31+D31+F31+H31+J31+L31+N31 -> 0 | BG31: =abril!$BE32 -> 0 | BI31: =IF(BH31>0,1,0) -> 0
A32: 24 | AX32: 24 | AY32: =B32+D32+F32+H32+J32+L32+N32+P32+R32+T32+V32+X32+Z32+AB32+AD32+AF32+AH32+AJ32+AL32+AN32+AP32+AR32+AT32+AV32 -> 0 | AZ32: =C32+E32+G32+I32+K32+M32+O32+Q32+S32+U32+W32+Y32+AA32+AC32+AE32+AG32+AI32+AK32+AM32+AO32+AQ32+AS32+AU32+AW32 -> 0 | BA32: =MAX(B32,D32,F32,H32,J32,L32,N32,P32,R32,T32,V32,X32,Z32,AB32,AD32,AF32,AH32,AJ32,AL32,AN32,AP32,AR32,AT32,AV32) -> 0 | BB32: =COUNT(B32,D32,F32,H32,J32,L32,N32,P32,R32,T32,V32,X32,Z32,AB32,AD32,AF32,AH32,AJ32,AL32,AN32,AP32,AR32,AT32,AV32) -> 0 | BD32: =IF(BB32>0,1,0) -> 0 | BE32: =P31+R31+T31+V31+X31+Z31+AB31+AD31+AF31+AH31+AJ31+AL31+AN31+AP31+AR31+AT31+AV31+B32+D32+F32+H32+J32+L32+N32 -> 0 | BG32: =abril!$BE33 -> 0.1 | BI32: =IF(BH32>0,1,0) -> 0
A33: 25 | N33: 0.1 | O33: 10 | AX33: 25 | AY33: =B33+D33+F33+H33+J33+L33+N33+P33+R33+T33+V33+X33+Z33+AB33+AD33+AF33+AH33+AJ33+AL33+AN33+AP33+AR33+AT33+AV33 -> 0.1 | AZ33: =C33+E33+G33+I33+K33+M33+O33+Q33+S33+U33+W33+Y33+AA33+AC33+AE33+AG33+AI33+AK33+AM33+AO33+AQ33+AS33+AU33+AW33 -> 10 | BA33: =MAX(B33,D33,F33,H33,J33,L33,N33,P33,R33,T33,V33,X33,Z33,AB33,AD33,AF33,AH33,AJ33,AL33,AN33,AP33,AR33,AT33,AV33) -> 0.1 | BB33: =COUNT(B33,D33,F33,H33,J33,L33,N33,P33,R33,T33,V33,X33,Z33,AB33,AD33,AF33,AH33,AJ33,AL33,AN33,AP33,AR33,AT33,AV33) -> 1 | BD33: =IF(BB33>0,1,0) -> 1 | BE33: =P32+R32+T32+V32+X32+Z32+AB32+AD32+AF32+AH32+AJ32+AL32+AN32+AP32+AR32+AT32+AV32+B33+D33+F33+H33+J33+L33+N33 -> 0.1 | BG33: =abril!$BE34 -> 0 | BI33: =IF(BH33>0,1,0) -> 0
A34: 26 | AX34: 26 | AY34: =B34+D34+F34+H34+J34+L34+N34+P34+R34+T34+V34+X34+Z34+AB34+AD34+AF34+AH34+AJ34+AL34+AN34+AP34+AR34+AT34+AV34 -> 0 | AZ34: =C34+E34+G34+I34+K34+M34+O34+Q34+S34+U34+W34+Y34+AA34+AC34+AE34+AG34+AI34+AK34+AM34+AO34+AQ34+AS34+AU34+AW34 -> 0 | BA34: =MAX(B34,D34,F34,H34,J34,L34,N34,P34,R34,T34,V34,X34,Z34,AB34,AD34,AF34,AH34,AJ34,AL34,AN34,AP34,AR34,AT34,AV34) -> 0 | BB34: =COUNT(B34,D34,F34,H34,J34,L34,N34,P34,R34,T34,V34,X34,Z34,AB34,AD34,AF34,AH34,AJ34,AL34,AN34,AP34,AR34,AT34,AV34) -> 0 | BD34: =IF(BB34>0,1,0) -> 0 | BE34: =P33+R33+T33+V33+X33+Z33+AB33+AD33+AF33+AH33+AJ33+AL33+AN33+AP33+AR33+AT33+AV33+B34+D34+F34+H34+J34+L34+N34 -> 0 | BG34: =abril!$BE35 -> 0 | BI34: =IF(BH34>0,1,0) -> 0
A35: 27 | AX35: 27 | AY35: =B35+D35+F35+H35+J35+L35+N35+P35+R35+T35+V35+X35+Z35+AB35+AD35+AF35+AH35+AJ35+AL35+AN35+AP35+AR35+AT35+AV35 -> 0 | AZ35: =C35+E35+G35+I35+K35+M35+O35+Q35+S35+U35+W35+Y35+AA35+AC35+AE35+AG35+AI35+AK35+AM35+AO35+AQ35+AS35+AU35+AW35 -> 0 | BA35: =MAX(B35,D35,F35,H35,J35,L35,N35,P35,R35,T35,V35,X35,Z35,AB35,AD35,AF35,AH35,AJ35,AL35,AN35,AP35,AR35,AT35,AV35) -> 0 | BB35: =COUNT(B35,D35,F35,H35,J35,L35,N35,P35,R35,T35,V35,X35,Z35,AB35,AD35,AF35,AH35,AJ35,AL35,AN35,AP35,AR35,AT35,AV35) -> 0 | BD35: =IF(BB35>0,1,0) -> 0 | BE35: =P34+R34+T34+V34+X34+Z34+AB34+AD34+AF34+AH34+AJ34+AL34+AN34+AP34+AR34+AT34+AV34+B35+D35+F35+H35+J35+L35+N35 -> 0 | BG35: =abril!$BE36 -> 0 | BI35: =IF(BH35>0,1,0) -> 0
A36: 28 | AX36: 28 | AY36: =B36+D36+F36+H36+J36+L36+N36+P36+R36+T36+V36+X36+Z36+AB36+AD36+AF36+AH36+AJ36+AL36+AN36+AP36+AR36+AT36+AV36 -> 0 | AZ36: =C36+E36+G36+I36+K36+M36+O36+Q36+S36+U36+W36+Y36+AA36+AC36+AE36+AG36+AI36+AK36+AM36+AO36+AQ36+AS36+AU36+AW36 -> 0 | BA36: =MAX(B36,D36,F36,H36,J36,L36,N36,P36,R36,T36,V36,X36,Z36,AB36,AD36,AF36,AH36,AJ36,AL36,AN36,AP36,AR36,AT36,AV36) -> 0 | BB36: =COUNT(B36,D36,F36,H36,J36,L36,N36,P36,R36,T36,V36,X36,Z36,AB36,AD36,AF36,AH36,AJ36,AL36,AN36,AP36,AR36,AT36,AV36) -> 0 | BD36: =IF(BB36>0,1,0) -> 0 | BE36: =P35+R35+T35+V35+X35+Z35+AB35+AD35+AF35+AH35+AJ35+AL35+AN35+AP35+AR35+AT35+AV35+B36+D36+F36+H36+J36+L36+N36 -> 0 | BG36: =abril!$BE37 -> 0 | BI36: =IF(BH36>0,1,0) -> 0
A37: 29 | AX37: 29 | AY37: =B37+D37+F37+H37+J37+L37+N37+P37+R37+T37+V37+X37+Z37+AB37+AD37+AF37+AH37+AJ37+AL37+AN37+AP37+AR37+AT37+AV37 -> 0 | AZ37: =C37+E37+G37+I37+K37+M37+O37+Q37+S37+U37+W37+Y37+AA37+AC37+AE37+AG37+AI37+AK37+AM37+AO37+AQ37+AS37+AU37+AW37 -> 0 | BA37: =MAX(B37,D37,F37,H37,J37,L37,N37,P37,R37,T37,V37,X37,Z37,AB37,AD37,AF37,AH37,AJ37,AL37,AN37,AP37,AR37,AT37,AV37) -> 0 | BB37: =COUNT(B37,D37,F37,H37,J37,L37,N37,P37,R37,T37,V37,X37,Z37,AB37,AD37,AF37,AH37,AJ37,AL37,AN37,AP37,AR37,AT37,AV37) -> 0 | BD37: =IF(BB37>0,1,0) -> 0 | BE37: =P36+R36+T36+V36+X36+Z36+AB36+AD36+AF36+AH36+AJ36+AL36+AN36+AP36+AR36+AT36+AV36+B37+D37+F37+H37+J37+L37+N37 -> 0 | BG37: =abril!$BE38 -> 0 | BI37: =IF(BH37>0,1,0) -> 0
A38: 30 | AX38: 30 | AY38: =B38+D38+F38+H38+J38+L38+N38+P38+R38+T38+V38+X38+Z38+AB38+AD38+AF38+AH38+AJ38+AL38+AN38+AP38+AR38+AT38+AV38 -> 0 | AZ38: =C38+E38+G38+I38+K38+M38+O38+Q38+S38+U38+W38+Y38+AA38+AC38+AE38+AG38+AI38+AK38+AM38+AO38+AQ38+AS38+AU38+AW38 -> 0 | BA38: =MAX(B38,D38,F38,H38,J38,L38,N38,P38,R38,T38,V38,X38,Z38,AB38,AD38,AF38,AH38,AJ38,AL38,AN38,AP38,AR38,AT38,AV38) -> 0 | BB38: =COUNT(B38,D38,F38,H38,J38,L38,N38,P38,R38,T38,V38,X38,Z38,AB38,AD38,AF38,AH38,AJ38,AL38,AN38,AP38,AR38,AT38,AV38) -> 0 | BD38: =IF(BB38>0,1,0) -> 0 | BE38: =P37+R37+T37+V37+X37+Z37+AB37+AD37+AF37+AH37+AJ37+AL37+AN37+AP37+AR37+AT37+AV37+B38+D38+F38+H38+J38+L38+N38 -> 0 | BG38: =abril!$BH40 -> 0 | BI38: =IF(BH38>0,1,0) -> 0
A39: 1 | BH39: 43952
AY40: VALORES MENSAIS | BD40: TOTAL | BE40: =SUM(BE9:BE39) -> 80.9 | BH40: =P38+R38+T38+V38+X38+Z38+AB38+AD38+AF38+AH38+AJ38+AL38+AN38+AP38+AR38+AT38+AV38+B39+D39+F39+H39+J39+L39+N39 -> 0
B41: 0 - 1 | D41: 1 - 2 | F41: 2 - 3 | H41: 3 - 4 | J41: 4 - 5 | L41: 5 - 6 | N41: 6 - 7 | P41: 7 - 8 | R41: 8 - 9 | T41: 9 - 10 | V41: 10 - 11 | X41: 11 - 12 | Z41: 12 - 13 | AB41: 13 - 14 | AD41: 14 - 15 | AF41: 15 - 16 | AH41: 16 - 17 | AJ41: 17 - 18 | AL41: 18 - 19 | AN41: 19 - 20 | AP41: 20 - 21 | AR41: 21 - 22 | AT41: 22 - 23 | AV41: 23 - 24 | AY41: Altura | AZ41: Duração | BA41: Máxima | BB41: Horas | BD41: MÁXIMO | BE41: =MAX(BE9:BE39) -> 54
B42: ALT. | C42: DUR. | D42: ALT. | E42: DUR. | F42: ALT. | G42: DUR. | H42: ALT. | I42: DUR. | J42: ALT. | K42: DUR. | L42: ALT. | M42: DUR. | N42: ALT. | O42: DUR. | P42: ALT. | Q42: DUR. | R42: ALT. | S42: DUR. | T42: ALT. | U42: DUR. | V42: ALT. | W42: DUR. | X42: ALT. | Y42: DUR. | Z42: ALT. | AA42: DUR. | AB42: ALT. | AC42: DUR. | AD42: ALT. | AE42: DUR. | AF42: ALT. | AG42: DUR. | AH42: ALT. | AI42: DUR. | AJ42: ALT. | AK42: DUR. | AL42: ALT. | AM42: DUR. | AN42: ALT. | AO42: DUR. | AP42: ALT. | AQ42: DUR. | AR42: ALT. | AS42: DUR. | AT42: ALT. | AU42: DUR. | AV42: ALT. | AW42: DUR. | AY42: Total | AZ42: total | BA42: altura | BB42: com | BD42: DIAS >=1 | BE42: =COUNTIF(BE9:BE39,">=1") -> 4
A43: A | B43: =SUM(B9:B39) -> 0.7 | D43: =SUM(D9:D39) -> 0.1 | F43: =SUM(F9:F39) -> 4 | H43: =SUM(H9:H39) -> 50.4 | J43: =SUM(J9:J39) -> 1.4 | L43: =SUM(L9:L39) -> 0.7 | N43: =SUM(N9:N39) -> 0.3 | P43: =SUM(P9:P39) -> 0.3 | R43: =SUM(R9:R39) -> 0.4 | T43: =SUM(T9:T39) -> 0 | V43: =SUM(V9:V39) -> 0 | X43: =SUM(X9:X39) -> 0 | Z43: =SUM(Z9:Z39) -> 0 | AB43: =SUM(AB9:AB39) -> 0 | AD43: =SUM(AD9:AD39) -> 0 | AF43: =SUM(AF9:AF39) -> 9.2 | AH43: =SUM(AH9:AH39) -> 5.4 | AJ43: =SUM(AJ9:AJ39) -> 0.4 | AL43: =SUM(AL9:AL39) -> 0.2 | AN43: =SUM(AN9:AN39) -> 2.8 | AP43: =SUM(AP9:AP39) -> 0.4 | AR43: =SUM(AR9:AR39) -> 2.2 | AT43: =SUM(AT9:AT39) -> 1.5 | AV43: =SUM(AV9:AV39) -> 0.5 | AY43: (mm) | AZ43: (min) | BA43: horária | BB43: chuva
A44: D | C44: =SUM(C9:C39) -> 35 | E44: =SUM(E9:E39) -> 5 | G44: =SUM(G9:G39) -> 95 | I44: =SUM(I9:I39) -> 75 | K44: =SUM(K9:K39) -> 85 | M44: =SUM(M9:M39) -> 45 | O44: =SUM(O9:O39) -> 130 | Q44: =SUM(Q9:Q39) -> 35 | S44: =SUM(S9:S39) -> 40 | U44: =SUM(U9:U39) -> 0 | W44: =SUM(W9:W39) -> 0 | Y44: =SUM(Y9:Y39) -> 0 | AA44: =SUM(AA9:AA39) -> 0 | AC44: =SUM(AC9:AC39) -> 0 | AE44: =SUM(AE9:AE39) -> 0 | AG44: =SUM(AG9:AG39) -> 35 | AI44: =SUM(AI9:AI39) -> 15 | AK44: =SUM(AK9:AK39) -> 5 | AM44: =SUM(AM9:AM39) -> 10 | AO44: =SUM(AO9:AO39) -> 70 | AQ44: =SUM(AQ9:AQ39) -> 80 | AS44: =SUM(AS9:AS39) -> 55 | AU44: =SUM(AU9:AU39) -> 65 | AW44: =SUM(AW9:AW39) -> 20 | AY44: =AY9+AY10+AY11+AY12+AY13+AY14+AY15+AY16+AY17+AY18+AY19+AY20+AY21+AY22+AY23+AY24+AY25+AY26+AY27+AY28+AY29+AY30+AY31+AY32+AY33+AY34+AY35+AY36+AY37+AY38+AY39 -> 80.9 | AZ44: =AZ9+AZ10+AZ11+AZ12+AZ13+AZ14+AZ15+AZ16+AZ17+AZ18+AZ19+AZ20+AZ21+AZ22+AZ23+AZ24+AZ25+AZ26+AZ27+AZ28+AZ29+AZ30+AZ31+AZ32+AZ33+AZ34+AZ35+AZ36+AZ37+AZ38+AZ39 -> 900 | BA44: =MAX(BA9:BA39) -> 50 | BB44: =SUM(BB8:BB39) -> 37
A45: F | B45: =COUNT(B9:B39) -> 3 | D45: =COUNT(D9:D39) -> 1 | F45: =COUNT(F9:F39) -> 2 | H45: =COUNT(H9:H39) -> 2 | J45: =COUNT(J9:J39) -> 4 | L45: =COUNT(L9:L39) -> 3 | N45: =COUNT(N9:N39) -> 3 | P45: =COUNT(P9:P39) -> 1 | R45: =COUNT(R9:R39) -> 1 | T45: =COUNT(T9:T39) -> 0 | V45: =COUNT(V9:V39) -> 0 | X45: =COUNT(X9:X39) -> 0 | Z45: =COUNT(Z9:Z39) -> 0 | AB45: =COUNT(AB9:AB39) -> 0 | AD45: =COUNT(AD9:AD39) -> 0 | AF45: =COUNT(AF9:AF39) -> 1 | AH45: =COUNT(AH9:AH39) -> 1 | AJ45: =COUNT(AJ9:AJ39) -> 1 | AL45: =COUNT(AL9:AL39) -> 1 | AN45: =COUNT(AN9:AN39) -> 4 | AP45: =COUNT(AP9:AP39) -> 3 | AR45: =COUNT(AR9:AR39) -> 3 | AT45: =COUNT(AT9:AT39) -> 2 | AV45: =COUNT(AV9:AV39) -> 1 | AY45: Normal | AZ45: 1933-2002 | BB45: Dias
AY46: =[1]ano!F44 -> 79.572907 | BB46: com
B47: A = Altura mensal neste horário (mm) | AY47: Desvio | BB47: chuva
B48: D = Duração (minutos com chuva no mês neste horário) | AY48: =AY44-AY46 -> 1.3270929 | BB48: =SUM(BD9:BD39) -> 14
B49: F = Freqüência (dias com chuva no mês neste horário)

Sheet maio
B1: MAIO DE 2024 | J1: INSTITUTO ASTRONÔMICO E GEOFÍSICO DA UNIVERSIDADE DE SÃO PAULO
B2: DIGITADO POR EDVALDO GOMES
B3: VERIFICADO POR EDVALDO GOMES | M3: RESULTADOS EXTRAÍDOS DE PLUVIOGRAMA DIÁRIO (mm DE CHUVA)
AY4: VALORES DIÁRIOS | BE4: VALORES DIÁRIOS
AY5: (de 00h a 24h) | BE5: DAEE | BF5: DESVIO | BG5: EMAE
AY6: Altura | AZ6: Duração | BA6: Máxima | BE6: Altura | BG6: Máxima
A7: H. | B7: 0 - 1 | D7: 1 - 2 | F7: 2 - 3 | H7: 3 - 4 | J7: 4 - 5 | L7: 5 - 6 | N7: 6 - 7 | P7: 7 - 8 | R7: 8 - 9 | T7: 9 - 10 | V7: 10 - 11 | X7: 11 - 12 | Z7: 12 - 13 | AB7: 13 - 14 | AD7: 14 - 15 | AF7: 15 - 16 | AH7: 16 - 17 | AJ7: 17 - 18 | AL7: 18 - 19 | AN7: 19 - 20 | AP7: 20 - 21 | AR7: 21 - 22 | AT7: 22 - 23 | AV7: 23 - 24 | AX7: H. | AY7: total | AZ7: total | BA7: altura | BB7: Freq. | BE7: total | BG7: altura
A8: D. | B8: ALT. | C8: DUR. | D8: ALT. | E8: DUR. | F8: ALT. | G8: DUR. | H8: ALT. | I8: DUR. | J8: ALT. | K8: DUR. | L8: ALT. | M8: DUR. | N8: ALT. | O8: DUR. | P8: ALT. | Q8: DUR. | R8: ALT. | S8: DUR. | T8: ALT. | U8: DUR. | V8: ALT. | W8: DUR. | X8: ALT. | Y8: DUR. | Z8: ALT. | AA8: DUR. | AB8: ALT. | AC8: DUR. | AD8: ALT. | AE8: DUR. | AF8: ALT. | AG8: DUR. | AH8: ALT. | AI8: DUR. | AJ8: ALT. | AK8: DUR. | AL8: ALT. | AM8: DUR. | AN8: ALT. | AO8: DUR. | AP8: ALT. | AQ8: DUR. | AR8: ALT. | AS8: DUR. | AT8: ALT. | AU8: DUR. | AV8: ALT. | AW8: DUR. | AX8: D. | AY8: (mm) | AZ8: (min) | BA8: horária | BB8: (horas) | BE8: (mm) | BG8: horária | BH8: (horas)
A9: 1 | AX9: 1 | AY9: =B9+D9+F9+H9+J9+L9+N9+P9+R9+T9+V9+X9+Z9+AB9+AD9+AF9+AH9+AJ9+AL9+AN9+AP9+AR9+AT9+AV9 -> 0 | AZ9: =C9+E9+G9+I9+K9+M9+O9+Q9+S9+U9+W9+Y9+AA9+AC9+AE9+AG9+AI9+AK9+AM9+AO9+AQ9+AS9+AU9+AW9 -> 0 | BA9: =MAX(B9,D9,F9,H9,J9,L9,N9,P9,R9,T9,V9,X9,Z9,AB9,AD9,AF9,AH9,AJ9,AL9,AN9,AP9,AR9,AT9,AV9) -> 0 | BB9: =COUNT(B9,D9,F9,H9,J9,L9,N9,P9,R9,T9,V9,X9,Z9,AB9,AD9,AF9,AH9,AJ9,AL9,AN9,AP9,AR9,AT9,AV9) -> 0 | BD9: =IF(BB9>0,1,0) -> 0 | BE9: =abril!$BH40 -> 0 | BF9: 39202 | BG9: =maio!$BE10 -> 0 | BI9: =IF(BH9>0,1,0) -> 0
A10: 2 | AX10: 2 | AY10: =B10+D10+F10+H10+J10+L10+N10+P10+R10+T10+V10+X10+Z10+AB10+AD10+AF10+AH10+AJ10+AL10+AN10+AP10+AR10+AT10+AV10 -> 0 | AZ10: =C10+E10+G10+I10+K10+M10+O10+Q10+S10+U10+W10+Y10+AA10+AC10+AE10+AG10+AI10+AK10+AM10+AO10+AQ10+AS10+AU10+AW10 -> 0 | BA10: =MAX(B10,D10,F10,H10,J10,L10,N10,P10,R10,T10,V10,X10,Z10,AB10,AD10,AF10,AH10,AJ10,AL10,AN10,AP10,AR10,AT10,AV10) -> 0 | BB10: =COUNT(B10,D10,F10,H10,J10,L10,N10,P10,R10,T10,V10,X10,Z10,AB10,AD10,AF10,AH10,AJ10,AL10,AN10,AP10,AR10,AT10,AV10) -> 0 | BD10: =IF(BB10>0,1,0) -> 0 | BE10: =P9+R9+T9+V9+X9+Z9+AB9+AD9+AF9+AH9+AJ9+AL9+AN9+AP9+AR9+AT9+AV9+B10+D10+F10+H10+J10+L10+N10 -> 0 | BG10: =maio!$BE11 -> 0 | BI10: =IF(BH10>0,1,0) -> 0
A11: 3 | AX11: 3 | AY11: =B11+D11+F11+H11+J11+L11+N11+P11+R11+T11+V11+X11+Z11+AB11+AD11+AF11+AH11+AJ11+AL11+AN11+AP11+AR11+AT11+AV11 -> 0 | AZ11: =C11+E11+G11+I11+K11+M11+O11+Q11+S11+U11+W11+Y11+AA11+AC11+AE11+AG11+AI11+AK11+AM11+AO11+AQ11+AS11+AU11+AW11 -> 0 | BA11: =MAX(B11,D11,F11,H11,J11,L11,N11,P11,R11,T11,V11,X11,Z11,AB11,AD11,AF11,AH11,AJ11,AL11,AN11,AP11,AR11,AT11,AV11) -> 0 | BB11: =COUNT(B11,D11,F11,H11,J11,L11,N11,P11,R11,T11,V11,X11,Z11,AB11,AD11,AF11,AH11,AJ11,AL11,AN11,AP11,AR11,AT11,AV11) -> 0 | BD11: =IF(BB11>0,1,0) -> 0 | BE11: =P10+R10+T10+V10+X10+Z10+AB10+AD10+AF10+AH10+AJ10+AL10+AN10+AP10+AR10+AT10+AV10+B11+D11+F11+H11+J11+L11+N11 -> 0 | BG11: =maio!$BE12 -> 0 | BI11: =IF(BH11>0,1,0) -> 0
A12: 4 | AX12: 4 | AY12: =B12+D12+F12+H12+J12+L12+N12+P12+R12+T12+V12+X12+Z12+AB12+AD12+AF12+AH12+AJ12+AL12+AN12+AP12+AR12+AT12+AV12 -> 0 | AZ12: =C12+E12+G12+I12+K12+M12+O12+Q12+S12+U12+W12+Y12+AA12+AC12+AE12+AG12+AI12+AK12+AM12+AO12+AQ12+AS12+AU12+AW12 -> 0 | BA12: =MAX(B12,D12,F12,H12,J12,L12,N12,P12,R12,T12,V12,X12,Z12,AB12,AD12,AF12,AH12,AJ12,AL12,AN12,AP12,AR12,AT12,AV12) -> 0 | BB12: =COUNT(B12,D12,F12,H12,J12,L12,N12,P12,R12,T12,V12,X12,Z12,AB12,AD12,AF12,AH12,AJ12,AL12,AN12,AP12,AR12,AT12,AV12) -> 0 | BD12: =IF(BB12>0,1,0) -> 0 | BE12: =P11+R11+T11+V11+X11+Z11+AB11+AD11+AF11+AH11+AJ11+AL11+AN11+AP11+AR11+AT11+AV11+B12+D12+F12+H12+J12+L12+N12 -> 0 | BG12: =maio!$BE13 -> 0 | BI12: =IF(BH12>0,1,0) -> 0
A13: 5 | AX13: 5 | AY13: =B13+D13+F13+H13+J13+L13+N13+P13+R13+T13+V13+X13+Z13+AB13+AD13+AF13+AH13+AJ13+AL13+AN13+AP13+AR13+AT13+AV13 -> 0 | AZ13: =C13+E13+G13+I13+K13+M13+O13+Q13+S13+U13+W13+Y13+AA13+AC13+AE13+AG13+AI13+AK13+AM13+AO13+AQ13+AS13+AU13+AW13 -> 0 | BA13: =MAX(B13,D13,F13,H13,J13,L13,N13,P13,R13,T13,V13,X13,Z13,AB13,AD13,AF13,AH13,AJ13,AL13,AN13,AP13,AR13,AT13,AV13) -> 0 | BB13: =COUNT(B13,D13,F13,H13,J13,L13,N13,P13,R13,T13,V13,X13,Z13,AB13,AD13,AF13,AH13,AJ13,AL13,AN13,AP13,AR13,AT13,AV13) -> 0 | BD13: =IF(BB13>0,1,0) -> 0 | BE13: =P12+R12+T12+V12+X12+Z12+AB12+AD12+AF12+AH12+AJ12+AL12+AN12+AP12+AR12+AT12+AV12+B13+D13+F13+H13+J13+L13+N13 -> 0 | BG13: =maio!$BE14 -> 0 | BI13: =IF(BH13>0,1,0) -> 0
A14: 6 | AX14: 6 | AY14: =B14+D14+F14+H14+J14+L14+N14+P14+R14+T14+V14+X14+Z14+AB14+AD14+AF14+AH14+AJ14+AL14+AN14+AP14+AR14+AT14+AV14 -> 0 | AZ14: =C14+E14+G14+I14+K14+M14+O14+Q14+S14+U14+W14+Y14+AA14+AC14+AE14+AG14+AI14+AK14+AM14+AO14+AQ14+AS14+AU14+AW14 -> 0 | BA14: =MAX(B14,D14,F14,H14,J14,L14,N14,P14,R14,T14,V14,X14,Z14,AB14,AD14,AF14,AH14,AJ14,AL14,AN14,AP14,AR14,AT14,AV14) -> 0 | BB14: =COUNT(B14,D14,F14,H14,J14,L14,N14,P14,R14,T14,V14,X14,Z14,AB14,AD14,AF14,AH14,AJ14,AL14,AN14,AP14,AR14,AT14,AV14) -> 0 | BD14: =IF(BB14>0,1,0) -> 0 | BE14: =P13+R13+T13+V13+X13+Z13+AB13+AD13+AF13+AH13+AJ13+AL13+AN13+AP13+AR13+AT13+AV13+B14+D14+F14+H14+J14+L14+N14 -> 0 | BG14: =maio!$BE15 -> 0 | BI14: =IF(BH14>0,1,0) -> 0
A15: 7 | AX15: 7 | AY15: =B15+D15+F15+H15+J15+L15+N15+P15+R15+T15+V15+X15+Z15+AB15+AD15+AF15+AH15+AJ15+AL15+AN15+AP15+AR15+AT15+AV15 -> 0 | AZ15: =C15+E15+G15+I15+K15+M15+O15+Q15+S15+U15+W15+Y15+AA15+AC15+AE15+AG15+AI15+AK15+AM15+AO15+AQ15+AS15+AU15+AW15 -> 0 | BA15: =MAX(B15,D15,F15,H15,J15,L15,N15,P15,R15,T15,V15,X15,Z15,AB15,AD15,AF15,AH15,AJ15,AL15,AN15,AP15,AR15,AT15,AV15) -> 0 | BB15: =COUNT(B15,D15,F15,H15,J15,L15,N15,P15,R15,T15,V15,X15,Z15,AB15,AD15,AF15,AH15,AJ15,AL15,AN15,AP15,AR15,AT15,AV15) -> 0 | BD15: =IF(BB15>0,1,0) -> 0 | BE15: =P14+R14+T14+V14+X14+Z14+AB14+AD14+AF14+AH14+AJ14+AL14+AN14+AP14+AR14+AT14+AV14+B15+D15+F15+H15+J15+L15+N15 -> 0 | BG15: =maio!$BE16 -> 0 | BI15: =IF(BH15>0,1,0) -> 0
A16: 8 | AX16: 8 | AY16: =B16+D16+F16+H16+J16+L16+N16+P16+R16+T16+V16+X16+Z16+AB16+AD16+AF16+AH16+AJ16+AL16+AN16+AP16+AR16+AT16+AV16 -> 0 | AZ16: =C16+E16+G16+I16+K16+M16+O16+Q16+S16+U16+W16+Y16+AA16+AC16+AE16+AG16+AI16+AK16+AM16+AO16+AQ16+AS16+AU16+AW16 -> 0 | BA16: =MAX(B16,D16,F16,H16,J16,L16,N16,P16,R16,T16,V16,X16,Z16,AB16,AD16,AF16,AH16,AJ16,AL16,AN16,AP16,AR16,AT16,AV16) -> 0 | BB16: =COUNT(B16,D16,F16,H16,J16,L16,N16,P16,R16,T16,V16,X16,Z16,AB16,AD16,AF16,AH16,AJ16,AL16,AN16,AP16,AR16,AT16,AV16) -> 0 | BD16: =IF(BB16>0,1,0) -> 0 | BE16: =P15+R15+T15+V15+X15+Z15+AB15+AD15+AF15+AH15+AJ15+AL15+AN15+AP15+AR15+AT15+AV15+B16+D16+F16+H16+J16+L16+N16 -> 0 | BG16: =maio!$BE17 -> 0 | BI16: =IF(BH16>0,1,0) -> 0
A17: 9 | AN17: 0.2 | AO17: 5 | AT17: 0.1 | AU17: 5 | AV17: 0.1 | AW17: 10 | AX17: 9 | AY17: =B17+D17+F17+H17+J17+L17+N17+P17+R17+T17+V17+X17+Z17+AB17+AD17+AF17+AH17+AJ17+AL17+AN17+AP17+AR17+AT17+AV17 -> 0.4 | AZ17: =C17+E17+G17+I17+K17+M17+O17+Q17+S17+U17+W17+Y17+AA17+AC17+AE17+AG17+AI17+AK17+AM17+AO17+AQ17+AS17+AU17+AW17 -> 20 | BA17: =MAX(B17,D17,F17,H17,J17,L17,N17,P17,R17,T17,V17,X17,Z17,AB17,AD17,AF17,AH17,AJ17,AL17,AN17,AP17,AR17,AT17,AV17) -> 0.2 | BB17: =COUNT(B17,D17,F17,H17,J17,L17,N17,P17,R17,T17,V17,X17,Z17,AB17,AD17,AF17,AH17,AJ17,AL17,AN17,AP17,AR17,AT17,AV17) -> 3 | BD17: =IF(BB17>0,1,0) -> 1 | BE17: =P16+R16+T16+V16+X16+Z16+AB16+AD16+AF16+AH16+AJ16+AL16+AN16+AP16+AR16+AT16+AV16+B17+D17+F17+H17+J17+L17+N17 -> 0 | BG17: =maio!$BE18 -> 0.4 | BI17: =IF(BH17>0,1,0) -> 0
A18: 10 | AX18: 10 | AY18: =B18+D18+F18+H18+J18+L18+N18+P18+R18+T18+V18+X18+Z18+AB18+AD18+AF18+AH18+AJ18+AL18+AN18+AP18+AR18+AT18+AV18 -> 0 | AZ18: =C18+E18+G18+I18+K18+M18+O18+Q18+S18+U18+W18+Y18+AA18+AC18+AE18+AG18+AI18+AK18+AM18+AO18+AQ18+AS18+AU18+AW18 -> 0 | BA18: =MAX(B18,D18,F18,H18,J18,L18,N18,P18,R18,T18,V18,X18,Z18,AB18,AD18,AF18,AH18,AJ18,AL18,AN18,AP18,AR18,AT18,AV18) -> 0 | BB18: =COUNT(B18,D18,F18,H18,J18,L18,N18,P18,R18,T18,V18,X18,Z18,AB18,AD18,AF18,AH18,AJ18,AL18,AN18,AP18,AR18,AT18,AV18) -> 0 | BD18: =IF(BB18>0,1,0) -> 0 | BE18: =P17+R17+T17+V17+X17+Z17+AB17+AD17+AF17+AH17+AJ17+AL17+AN17+AP17+AR17+AT17+AV17+B18+D18+F18+H18+J18+L18+N18 -> 0.4 | BG18: =maio!$BE19 -> 0 | BI18: =IF(BH18>0,1,0) -> 0
A19: 11 | AX19: 11 | AY19: =B19+D19+F19+H19+J19+L19+N19+P19+R19+T19+V19+X19+Z19+AB19+AD19+AF19+AH19+AJ19+AL19+AN19+AP19+AR19+AT19+AV19 -> 0 | AZ19: =C19+E19+G19+I19+K19+M19+O19+Q19+S19+U19+W19+Y19+AA19+AC19+AE19+AG19+AI19+AK19+AM19+AO19+AQ19+AS19+AU19+AW19 -> 0 | BA19: =MAX(B19,D19,F19,H19,J19,L19,N19,P19,R19,T19,V19,X19,Z19,AB19,AD19,AF19,AH19,AJ19,AL19,AN19,AP19,AR19,AT19,AV19) -> 0 | BB19: =COUNT(B19,D19,F19,H19,J19,L19,N19,P19,R19,T19,V19,X19,Z19,AB19,AD19,AF19,AH19,AJ19,AL19,AN19,AP19,AR19,AT19,AV19) -> 0 | BD19: =IF(BB19>0,1,0) -> 0 | BE19: =P18+R18+T18+V18+X18+Z18+AB18+AD18+AF18+AH18+AJ18+AL18+AN18+AP18+AR18+AT18+AV18+B19+D19+F19+H19+J19+L19+N19 -> 0 | BG19: =maio!$BE20 -> 0 | BI19: =IF(BH19>0,1,0) -> 0
A20: 12 | AX20: 12 | AY20: =B20+D20+F20+H20+J20+L20+N20+P20+R20+T20+V20+X20+Z20+AB20+AD20+AF20+AH20+AJ20+AL20+AN20+AP20+AR20+AT20+AV20 -> 0 | AZ20: =C20+E20+G20+I20+K20+M20+O20+Q20+S20+U20+W20+Y20+AA20+AC20+AE20+AG20+AI20+AK20+AM20+AO20+AQ20+AS20+AU20+AW20 -> 0 | BA20: =MAX(B20,D20,F20,H20,J20,L20,N20,P20,R20,T20,V20,X20,Z20,AB20,AD20,AF20,AH20,AJ20,AL20,AN20,AP20,AR20,AT20,AV20) -> 0 | BB20: =COUNT(B20,D20,F20,H20,J20,L20,N20,P20,R20,T20,V20,X20,Z20,AB20,AD20,AF20,AH20,AJ20,AL20,AN20,AP20,AR20,AT20,AV20) -> 0 | BD20: =IF(BB20>0,1,0) -> 0 | BE20: =P19+R19+T19+V19+X19+Z19+AB19+AD19+AF19+AH19+AJ19+AL19+AN19+AP19+AR19+AT19+AV19+B20+D20+F20+H20+J20+L20+N20 -> 0 | BG20: =maio!$BE21 -> 0 | BI20: =IF(BH20>0,1,0) -> 0
A21: 13 | AX21: 13 | AY21: =B21+D21+F21+H21+J21+L21+N21+P21+R21+T21+V21+X21+Z21+AB21+AD21+AF21+AH21+AJ21+AL21+AN21+AP21+AR21+AT21+AV21 -> 0 | AZ21: =C21+E21+G21+I21+K21+M21+O21+Q21+S21+U21+W21+Y21+AA21+AC21+AE21+AG21+AI21+AK21+AM21+AO21+AQ21+AS21+AU21+AW21 -> 0 | BA21: =MAX(B21,D21,F21,H21,J21,L21,N21,P21,R21,T21,V21,X21,Z21,AB21,AD21,AF21,AH21,AJ21,AL21,AN21,AP21,AR21,AT21,AV21) -> 0 | BB21: =COUNT(B21,D21,F21,H21,J21,L21,N21,P21,R21,T21,V21,X21,Z21,AB21,AD21,AF21,AH21,AJ21,AL21,AN21,AP21,AR21,AT21,AV21) -> 0 | BD21: =IF(BB21>0,1,0) -> 0 | BE21: =P20+R20+T20+V20+X20+Z20+AB20+AD20+AF20+AH20+AJ20+AL20+AN20+AP20+AR20+AT20+AV20+B21+D21+F21+H21+J21+L21+N21 -> 0 | BG21: =maio!$BE22 -> 0.3 | BI21: =IF(BH21>0,1,0) -> 0
A22: 14 | J22: 0.2 | K22: 20 | L22: 0.1 | M22: 40 | X22: 2.1 | Y22: 35 | Z22: 0.2 | AA22: 10 | AF22: 0.1 | AG22: 5 | AX22: 14 | AY22: =B22+D22+F22+H22+J22+L22+N22+P22+R22+T22+V22+X22+Z22+AB22+AD22+AF22+AH22+AJ22+AL22+AN22+AP22+AR22+AT22+AV22 -> 2.7 | AZ22: =C22+E22+G22+I22+K22+M22+O22+Q22+S22+U22+W22+Y22+AA22+AC22+AE22+AG22+AI22+AK22+AM22+AO22+AQ22+AS22+AU22+AW22 -> 110 | BA22: =MAX(B22,D22,F22,H22,J22,L22,N22,P22,R22,T22,V22,X22,Z22,AB22,AD22,AF22,AH22,AJ22,AL22,AN22,AP22,AR22,AT22,AV22) -> 2.1 | BB22: =COUNT(B22,D22,F22,H22,J22,L22,N22,P22,R22,T22,V22,X22,Z22,AB22,AD22,AF22,AH22,AJ22,AL22,AN22,AP22,AR22,AT22,AV22) -> 5 | BD22: =IF(BB22>0,1,0) -> 1 | BE22: =P21+R21+T21+V21+X21+Z21+AB21+AD21+AF21+AH21+AJ21+AL21+AN21+AP21+AR21+AT21+AV21+B22+D22+F22+H22+J22+L22+N22 -> 0.3 | BG22: =maio!$BE23 -> 2.4 | BI22: =IF(BH22>0,1,0) -> 0
A23: 15 | Z23: 0.1 | AA23: 10 | AX23: 15 | AY23: =B23+D23+F23+H23+J23+L23+N23+P23+R23+T23+V23+X23+Z23+AB23+AD23+AF23+AH23+AJ23+AL23+AN23+AP23+AR23+AT23+AV23 -> 0.1 | AZ23: =C23+E23+G23+I23+K23+M23+O23+Q23+S23+U23+W23+Y23+AA23+AC23+AE23+AG23+AI23+AK23+AM23+AO23+AQ23+AS23+AU23+AW23 -> 10 | BA23: =MAX(B23,D23,F23,H23,J23,L23,N23,P23,R23,T23,V23,X23,Z23,AB23,AD23,AF23,AH23,AJ23,AL23,AN23,AP23,AR23,AT23,AV23) -> 0.1 | BB23: =COUNT(B23,D23,F23,H23,J23,L23,N23,P23,R23,T23,V23,X23,Z23,AB23,AD23,AF23,AH23,AJ23,AL23,AN23,AP23,AR23,AT23,AV23) -> 1 | BD23: =IF(BB23>0,1,0) -> 1 | BE23: =P22+R22+T22+V22+X22+Z22+AB22+AD22+AF22+AH22+AJ22+AL22+AN22+AP22+AR22+AT22+AV22+B23+D23+F23+H23+J23+L23+N23 -> 2.4 | BG23: =maio!$BE24 -> 0.1 | BI23: =IF(BH23>0,1,0) -> 0
A24: 16 | AX24: 16 | AY24: =B24+D24+F24+H24+J24+L24+N24+P24+R24+T24+V24+X24+Z24+AB24+AD24+AF24+AH24+AJ24+AL24+AN24+AP24+AR24+AT24+AV24 -> 0 | AZ24: =C24+E24+G24+I24+K24+M24+O24+Q24+S24+U24+W24+Y24+AA24+AC24+AE24+AG24+AI24+AK24+AM24+AO24+AQ24+AS24+AU24+AW24 -> 0 | BA24: =MAX(B24,D24,F24,H24,J24,L24,N24,P24,R24,T24,V24,X24,Z24,AB24,AD24,AF24,AH24,AJ24,AL24,AN24,AP24,AR24,AT24,AV24) -> 0 | BB24: =COUNT(B24,D24,F24,H24,J24,L24,N24,P24,R24,T24,V24,X24,Z24,AB24,AD24,AF24,AH24,AJ24,AL24,AN24,AP24,AR24,AT24,AV24) -> 0 | BD24: =IF(BB24>0,1,0) -> 0 | BE24: =P23+R23+T23+V23+X23+Z23+AB23+AD23+AF23+AH23+AJ23+AL23+AN23+AP23+AR23+AT23+AV23+B24+D24+F24+H24+J24+L24+N24 -> 0.1 | BG24: =maio!$BE25 -> 0 | BI24: =IF(BH24>0,1,0) -> 0
A25: 17 | AX25: 17 | AY25: =B25+D25+F25+H25+J25+L25+N25+P25+R25+T25+V25+X25+Z25+AB25+AD25+AF25+AH25+AJ25+AL25+AN25+AP25+AR25+AT25+AV25 -> 0 | AZ25: =C25+E25+G25+I25+K25+M25+O25+Q25+S25+U25+W25+Y25+AA25+AC25+AE25+AG25+AI25+AK25+AM25+AO25+AQ25+AS25+AU25+AW25 -> 0 | BA25: =MAX(B25,D25,F25,H25,J25,L25,N25,P25,R25,T25,V25,X25,Z25,AB25,AD25,AF25,AH25,AJ25,AL25,AN25,AP25,AR25,AT25,AV25) -> 0 | BB25: =COUNT(B25,D25,F25,H25,J25,L25,N25,P25,R25,T25,V25,X25,Z25,AB25,AD25,AF25,AH25,AJ25,AL25,AN25,AP25,AR25,AT25,AV25) -> 0 | BD25: =IF(BB25>0,1,0) -> 0 | BE25: =P24+R24+T24+V24+X24+Z24+AB24+AD24+AF24+AH24+AJ24+AL24+AN24+AP24+AR24+AT24+AV24+B25+D25+F25+H25+J25+L25+N25 -> 0 | BG25: =maio!$BE26 -> 0 | BI25: =IF(BH25>0,1,0) -> 0
A26: 18 | AX26: 18 | AY26: =B26+D26+F26+H26+J26+L26+N26+P26+R26+T26+V26+X26+Z26+AB26+AD26+AF26+AH26+AJ26+AL26+AN26+AP26+AR26+AT26+AV26 -> 0 | AZ26: =C26+E26+G26+I26+K26+M26+O26+Q26+S26+U26+W26+Y26+AA26+AC26+AE26+AG26+AI26+AK26+AM26+AO26+AQ26+AS26+AU26+AW26 -> 0 | BA26: =MAX(B26,D26,F26,H26,J26,L26,N26,P26,R26,T26,V26,X26,Z26,AB26,AD26,AF26,AH26,AJ26,AL26,AN26,AP26,AR26,AT26,AV26) -> 0 | BB26: =COUNT(B26,D26,F26,H26,J26,L26,N26,P26,R26,T26,V26,X26,Z26,AB26,AD26,AF26,AH26,AJ26,AL26,AN26,AP26,AR26,AT26,AV26) -> 0 | BD26: =IF(BB26>0,1,0) -> 0 | BE26: =P25+R25+T25+V25+X25+Z25+AB25+AD25+AF25+AH25+AJ25+AL25+AN25+AP25+AR25+AT25+AV25+B26+D26+F26+H26+J26+L26+N26 -> 0 | BG26: =maio!$BE27 -> 0 | BI26: =IF(BH26>0,1,0) -> 0
A27: 19 | AX27: 19 | AY27: =B27+D27+F27+H27+J27+L27+N27+P27+R27+T27+V27+X27+Z27+AB27+AD27+AF27+AH27+AJ27+AL27+AN27+AP27+AR27+AT27+AV27 -> 0 | AZ27: =C27+E27+G27+I27+K27+M27+O27+Q27+S27+U27+W27+Y27+AA27+AC27+AE27+AG27+AI27+AK27+AM27+AO27+AQ27+AS27+AU27+AW27 -> 0 | BA27: =MAX(B27,D27,F27,H27,J27,L27,N27,P27,R27,T27,V27,X27,Z27,AB27,AD27,AF27,AH27,AJ27,AL27,AN27,AP27,AR27,AT27,AV27) -> 0 | BB27: =COUNT(B27,D27,F27,H27,J27,L27,N27,P27,R27,T27,V27,X27,Z27,AB27,AD27,AF27,AH27,AJ27,AL27,AN27,AP27,AR27,AT27,AV27) -> 0 | BD27: =IF(BB27>0,1,0) -> 0 | BE27: =P26+R26+T26+V26+X26+Z26+AB26+AD26+AF26+AH26+AJ26+AL26+AN26+AP26+AR26+AT26+AV26+B27+D27+F27+H27+J27+L27+N27 -> 0 | BG27: =maio!$BE28 -> 10 | BI27: =IF(BH27>0,1,0) -> 0
A28: 20 | D28: 9 | E28: 25 | F28: 0.2 | G28: 30 | H28: 0.5 | I28: 20 | J28: 0.2 | K28: 25 | N28: 0.1 | O28: 5 | AV28: 0.1 | AW28: 10 | AX28: 20 | AY28: =B28+D28+F28+H28+J28+L28+N28+P28+R28+T28+V28+X28+Z28+AB28+AD28+AF28+AH28+AJ28+AL28+AN28+AP28+AR28+AT28+AV28 -> 10.1 | AZ28: =C28+E28+G28+I28+K28+M28+O28+Q28+S28+U28+W28+Y28+AA28+AC28+AE28+AG28+AI28+AK28+AM28+AO28+AQ28+AS28+AU28+AW28 -> 115 | BA28: =MAX(B28,D28,F28,H28,J28,L28,N28,P28,R28,T28,V28,X28,Z28,AB28,AD28,AF28,AH28,AJ28,AL28,AN28,AP28,AR28,AT28,AV28) -> 9 | BB28: =COUNT(B28,D28,F28,H28,J28,L28,N28,P28,R28,T28,V28,X28,Z28,AB28,AD28,AF28,AH28,AJ28,AL28,AN28,AP28,AR28,AT28,AV28) -> 6 | BD28: =IF(BB28>0,1,0) -> 1 | BE28: =P27+R27+T27+V27+X27+Z27+AB27+AD27+AF27+AH27+AJ27+AL27+AN27+AP27+AR27+AT27+AV27+B28+D28+F28+H28+J28+L28+N28 -> 10 | BG28: =maio!$BE29 -> 0.2 | BI28: =IF(BH28>0,1,0) -> 0
A29: 21 | B29: 0.1 | C29: 5 | AX29: 21 | AY29: =B29+D29+F29+H29+J29+L29+N29+P29+R29+T29+V29+X29+Z29+AB29+AD29+AF29+AH29+AJ29+AL29+AN29+AP29+AR29+AT29+AV29 -> 0.1 | AZ29: =C29+E29+G29+I29+K29+M29+O29+Q29+S29+U29+W29+Y29+AA29+AC29+AE29+AG29+AI29+AK29+AM29+AO29+AQ29+AS29+AU29+AW29 -> 5 | BA29: =MAX(B29,D29,F29,H29,J29,L29,N29,P29,R29,T29,V29,X29,Z29,AB29,AD29,AF29,AH29,AJ29,AL29,AN29,AP29,AR29,AT29,AV29) -> 0.1 | BB29: =COUNT(B29,D29,F29,H29,J29,L29,N29,P29,R29,T29,V29,X29,Z29,AB29,AD29,AF29,AH29,AJ29,AL29,AN29,AP29,AR29,AT29,AV29) -> 1 | BD29: =IF(BB29>0,1,0) -> 1 | BE29: =P28+R28+T28+V28+X28+Z28+AB28+AD28+AF28+AH28+AJ28+AL28+AN28+AP28+AR28+AT28+AV28+B29+D29+F29+H29+J29+L29+N29 -> 0.2 | BG29: =maio!$BE30 -> 0 | BI29: =IF(BH29>0,1,0) -> 0
A30: 22 | AX30: 22 | AY30: =B30+D30+F30+H30+J30+L30+N30+P30+R30+T30+V30+X30+Z30+AB30+AD30+AF30+AH30+AJ30+AL30+AN30+AP30+AR30+AT30+AV30 -> 0 | AZ30: =C30+E30+G30+I30+K30+M30+O30+Q30+S30+U30+W30+Y30+AA30+AC30+AE30+AG30+AI30+AK30+AM30+AO30+AQ30+AS30+AU30+AW30 -> 0 | BA30: =MAX(B30,D30,F30,H30,J30,L30,N30,P30,R30,T30,V30,X30,Z30,AB30,AD30,AF30,AH30,AJ30,AL30,AN30,AP30,AR30,AT30,AV30) -> 0 | BB30: =COUNT(B30,D30,F30,H30,J30,L30,N30,P30,R30,T30,V30,X30,Z30,AB30,AD30,AF30,AH30,AJ30,AL30,AN30,AP30,AR30,AT30,AV30) -> 0 | BD30: =IF(BB30>0,1,0) -> 0 | BE30: =P29+R29+T29+V29+X29+Z29+AB29+AD29+AF29+AH29+AJ29+AL29+AN29+AP29+AR29+AT29+AV29+B30+D30+F30+H30+J30+L30+N30 -> 0 | BG30: =maio!$BE31 -> 0 | BI30: =IF(BH30>0,1,0) -> 0
A31: 23 | AX31: 23 | AY31: =B31+D31+F31+H31+J31+L31+N31+P31+R31+T31+V31+X31+Z31+AB31+AD31+AF31+AH31+AJ31+AL31+AN31+AP31+AR31+AT31+AV31 -> 0 | AZ31: =C31+E31+G31+I31+K31+M31+O31+Q31+S31+U31+W31+Y31+AA31+AC31+AE31+AG31+AI31+AK31+AM31+AO31+AQ31+AS31+AU31+AW31 -> 0 | BA31: =MAX(B31,D31,F31,H31,J31,L31,N31,P31,R31,T31,V31,X31,Z31,AB31,AD31,AF31,AH31,AJ31,AL31,AN31,AP31,AR31,AT31,AV31) -> 0 | BB31: =COUNT(B31,D31,F31,H31,J31,L31,N31,P31,R31,T31,V31,X31,Z31,AB31,AD31,AF31,AH31,AJ31,AL31,AN31,AP31,AR31,AT31,AV31) -> 0 | BD31: =IF(BB31>0,1,0) -> 0 | BE31: =P30+R30+T30+V30+X30+Z30+AB30+AD30+AF30+AH30+AJ30+AL30+AN30+AP30+AR30+AT30+AV30+B31+D31+F31+H31+J31+L31+N31 -> 0 | BG31: =maio!$BE32 -> 0 | BI31: =IF(BH31>0,1,0) -> 0
A32: 24 | AD32: 2.9 | AE32: 25 | AF32: 0.1 | AG32: 5 | AX32: 24 | AY32: =B32+D32+F32+H32+J32+L32+N32+P32+R32+T32+V32+X32+Z32+AB32+AD32+AF32+AH32+AJ32+AL32+AN32+AP32+AR32+AT32+AV32 -> 3 | AZ32: =C32+E32+G32+I32+K32+M32+O32+Q32+S32+U32+W32+Y32+AA32+AC32+AE32+AG32+AI32+AK32+AM32+AO32+AQ32+AS32+AU32+AW32 -> 30 | BA32: =MAX(B32,D32,F32,H32,J32,L32,N32,P32,R32,T32,V32,X32,Z32,AB32,AD32,AF32,AH32,AJ32,AL32,AN32,AP32,AR32,AT32,AV32) -> 2.9 | BB32: =COUNT(B32,D32,F32,H32,J32,L32,N32,P32,R32,T32,V32,X32,Z32,AB32,AD32,AF32,AH32,AJ32,AL32,AN32,AP32,AR32,AT32,AV32) -> 2 | BD32: =IF(BB32>0,1,0) -> 1 | BE32: =P31+R31+T31+V31+X31+Z31+AB31+AD31+AF31+AH31+AJ31+AL31+AN31+AP31+AR31+AT31+AV31+B32+D32+F32+H32+J32+L32+N32 -> 0 | BG32: =maio!$BE33 -> 3 | BI32: =IF(BH32>0,1,0) -> 0
A33: 25 | AL33: 0.1 | AM33: 5 | AP33: 0.1 | AQ33: 5 | AX33: 25 | AY33: =B33+D33+F33+H33+J33+L33+N33+P33+R33+T33+V33+X33+Z33+AB33+AD33+AF33+AH33+AJ33+AL33+AN33+AP33+AR33+AT33+AV33 -> 0.2 | AZ33: =C33+E33+G33+I33+K33+M33+O33+Q33+S33+U33+W33+Y33+AA33+AC33+AE33+AG33+AI33+AK33+AM33+AO33+AQ33+AS33+AU33+AW33 -> 10 | BA33: =MAX(B33,D33,F33,H33,J33,L33,N33,P33,R33,T33,V33,X33,Z33,AB33,AD33,AF33,AH33,AJ33,AL33,AN33,AP33,AR33,AT33,AV33) -> 0.1 | BB33: =COUNT(B33,D33,F33,H33,J33,L33,N33,P33,R33,T33,V33,X33,Z33,AB33,AD33,AF33,AH33,AJ33,AL33,AN33,AP33,AR33,AT33,AV33) -> 2 | BD33: =IF(BB33>0,1,0) -> 1 | BE33: =P32+R32+T32+V32+X32+Z32+AB32+AD32+AF32+AH32+AJ32+AL32+AN32+AP32+AR32+AT32+AV32+B33+D33+F33+H33+J33+L33+N33 -> 3 | BG33: =maio!$BE34 -> 5.9 | BI33: =IF(BH33>0,1,0) -> 0
A34: 26 | B34: 0.6 | C34: 25 | D34: 0.1 | E34: 5 | H34: 2.6 | I34: 50 | L34: 0.3 | M34: 15 | N34: 2.1 | O34: 60 | P34: 0.1 | Q34: 60 | R34: 2.1 | S34: 50 | T34: 2.8 | U34: 30 | V34: 0.1 | W34: 60 | AR34: 1.6 | AS34: 50 | AT34: 0.8 | AU34: 60 | AV34: 0.6 | AW34: 45 | AX34: 26 | AY34: =B34+D34+F34+H34+J34+L34+N34+P34+R34+T34+V34+X34+Z34+AB34+AD34+AF34+AH34+AJ34+AL34+AN34+AP34+AR34+AT34+AV34 -> 13.8 | AZ34: =C34+E34+G34+I34+K34+M34+O34+Q34+S34+U34+W34+Y34+AA34+AC34+AE34+AG34+AI34+AK34+AM34+AO34+AQ34+AS34+AU34+AW34 -> 510 | BA34: =MAX(B34,D34,F34,H34,J34,L34,N34,P34,R34,T34,V34,X34,Z34,AB34,AD34,AF34,AH34,AJ34,AL34,AN34,AP34,AR34,AT34,AV34) -> 2.8 | BB34: =COUNT(B34,D34,F34,H34,J34,L34,N34,P34,R34,T34,V34,X34,Z34,AB34,AD34,AF34,AH34,AJ34,AL34,AN34,AP34,AR34,AT34,AV34) -> 12 | BD34: =IF(BB34>0,1,0) -> 1 | BE34: =P33+R33+T33+V33+X33+Z33+AB33+AD33+AF33+AH33+AJ33+AL33+AN33+AP33+AR33+AT33+AV33+B34+D34+F34+H34+J34+L34+N34 -> 5.9 | BG34: =maio!$BE35 -> 29.1 | BI34: =IF(BH34>0,1,0) -> 0
A35: 27 | B35: 8.2 | C35: 60 | D35: 3.4 | E35: 60 | F35: 2.4 | G35: 50 | H35: 0.7 | I35: 45 | J35: 0.2 | K35: 40 | L35: 2.8 | M35: 60 | N35: 3.3 | O35: 60 | P35: 2.5 | Q35: 60 | R35: 0.7 | S35: 10 | X35: 0.7 | Y35: 20 | AB35: 0.4 | AC35: 20 | AT35: 0.1 | AU35: 5 | AX35: 27 | AY35: =B35+D35+F35+H35+J35+L35+N35+P35+R35+T35+V35+X35+Z35+AB35+AD35+AF35+AH35+AJ35+AL35+AN35+AP35+AR35+AT35+AV35 -> 25.4 | AZ35: =C35+E35+G35+I35+K35+M35+O35+Q35+S35+U35+W35+Y35+AA35+AC35+AE35+AG35+AI35+AK35+AM35+AO35+AQ35+AS35+AU35+AW35 -> 490 | BA35: =MAX(B35,D35,F35,H35,J35,L35,N35,P35,R35,T35,V35,X35,Z35,AB35,AD35,AF35,AH35,AJ35,AL35,AN35,AP35,AR35,AT35,AV35) -> 8.2 | BB35: =COUNT(B35,D35,F35,H35,J35,L35,N35,P35,R35,T35,V35,X35,Z35,AB35,AD35,AF35,AH35,AJ35,AL35,AN35,AP35,AR35,AT35,AV35) -> 12 | BD35: =IF(BB35>0,1,0) -> 1 | BE35: =P34+R34+T34+V34+X34+Z34+AB34+AD34+AF34+AH34+AJ34+AL34+AN34+AP34+AR34+AT34+AV34+B35+D35+F35+H35+J35+L35+N35 -> 29.1 | BG35: =maio!$BE36 -> 4.4 | BI35: =IF(BH35>0,1,0) -> 0
A36: 28 | AX36: 28 | AY36: =B36+D36+F36+H36+J36+L36+N36+P36+R36+T36+V36+X36+Z36+AB36+AD36+AF36+AH36+AJ36+AL36+AN36+AP36+AR36+AT36+AV36 -> 0 | AZ36: =C36+E36+G36+I36+K36+M36+O36+Q36+S36+U36+W36+Y36+AA36+AC36+AE36+AG36+AI36+AK36+AM36+AO36+AQ36+AS36+AU36+AW36 -> 0 | BA36: =MAX(B36,D36,F36,H36,J36,L36,N36,P36,R36,T36,V36,X36,Z36,AB36,AD36,AF36,AH36,AJ36,AL36,AN36,AP36,AR36,AT36,AV36) -> 0 | BB36: =COUNT(B36,D36,F36,H36,J36,L36,N36,P36,R36,T36,V36,X36,Z36,AB36,AD36,AF36,AH36,AJ36,AL36,AN36,AP36,AR36,AT36,AV36) -> 0 | BD36: =IF(BB36>0,1,0) -> 0 | BE36: =P35+R35+T35+V35+X35+Z35+AB35+AD35+AF35+AH35+AJ35+AL35+AN35+AP35+AR35+AT35+AV35+B36+D36+F36+H36+J36+L36+N36 -> 4.4 | BG36: =maio!$BE37 -> 0 | BI36: =IF(BH36>0,1,0) -> 0
A37: 29 | AX37: 29 | AY37: =B37+D37+F37+H37+J37+L37+N37+P37+R37+T37+V37+X37+Z37+AB37+AD37+AF37+AH37+AJ37+AL37+AN37+AP37+AR37+AT37+AV37 -> 0 | AZ37: =C37+E37+G37+I37+K37+M37+O37+Q37+S37+U37+W37+Y37+AA37+AC37+AE37+AG37+AI37+AK37+AM37+AO37+AQ37+AS37+AU37+AW37 -> 0 | BA37: =MAX(B37,D37,F37,H37,J37,L37,N37,P37,R37,T37,V37,X37,Z37,AB37,AD37,AF37,AH37,AJ37,AL37,AN37,AP37,AR37,AT37,AV37) -> 0 | BB37: =COUNT(B37,D37,F37,H37,J37,L37,N37,P37,R37,T37,V37,X37,Z37,AB37,AD37,AF37,AH37,AJ37,AL37,AN37,AP37,AR37,AT37,AV37) -> 0 | BD37: =IF(BB37>0,1,0) -> 0 | BE37: =P36+R36+T36+V36+X36+Z36+AB36+AD36+AF36+AH36+AJ36+AL36+AN36+AP36+AR36+AT36+AV36+B37+D37+F37+H37+J37+L37+N37 -> 0 | BG37: =maio!$BE38 -> 0 | BI37: =IF(BH37>0,1,0) -> 0
A38: 30 | AX38: 30 | AY38: =B38+D38+F38+H38+J38+L38+N38+P38+R38+T38+V38+X38+Z38+AB38+AD38+AF38+AH38+AJ38+AL38+AN38+AP38+AR38+AT38+AV38 -> 0 | AZ38: =C38+E38+G38+I38+K38+M38+O38+Q38+S38+U38+W38+Y38+AA38+AC38+AE38+AG38+AI38+AK38+AM38+AO38+AQ38+AS38+AU38+AW38 -> 0 | BA38: =MAX(B38,D38,F38,H38,J38,L38,N38,P38,R38,T38,V38,X38,Z38,AB38,AD38,AF38,AH38,AJ38,AL38,AN38,AP38,AR38,AT38,AV38) -> 0 | BB38: =COUNT(B38,D38,F38,H38,J38,L38,N38,P38,R38,T38,V38,X38,Z38,AB38,AD38,AF38,AH38,AJ38,AL38,AN38,AP38,AR38,AT38,AV38) -> 0 | BD38: =IF(BB38>0,1,0) -> 0 | BE38: =P37+R37+T37+V37+X37+Z37+AB37+AD37+AF37+AH37+AJ37+AL37+AN37+AP37+AR37+AT37+AV37+B38+D38+F38+H38+J38+L38+N38 -> 0 | BG38: =maio!$BE39 -> 0 | BI38: =IF(BH38>0,1,0) -> 0
A39: 31 | AX39: 31 | AY39: =B39+D39+F39+H39+J39+L39+N39+P39+R39+T39+V39+X39+Z39+AB39+AD39+AF39+AH39+AJ39+AL39+AN39+AP39+AR39+AT39+AV39 -> 0 | AZ39: =C39+E39+G39+I39+K39+M39+O39+Q39+S39+U39+W39+Y39+AA39+AC39+AE39+AG39+AI39+AK39+AM39+AO39+AQ39+AS39+AU39+AW39 -> 0 | BA39: =MAX(B39,D39,F39,H39,J39,L39,N39,P39,R39,T39,V39,X39,Z39,AB39,AD39,AF39,AH39,AJ39,AL39,AN39,AP39,AR39,AT39,AV39) -> 0 | BB39: =COUNT(B39,D39,F39,H39,J39,L39,N39,P39,R39,T39,V39,X39,Z39,AB39,AD39,AF39,AH39,AJ39,AL39,AN39,AP39,AR39,AT39,AV39) -> 0 | BD39: =IF(BB39>0,1,0) -> 0 | BE39: =P38+R38+T38+V38+X38+Z38+AB38+AD38+AF38+AH38+AJ38+AL38+AN38+AP38+AR38+AT38+AV38+B39+D39+F39+H39+J39+L39+N39 -> 0 | BG39: =maio!$BH40 -> 0 | BH39: 43983 | BI39: =IF(BH39>0,1,0) -> 1
A40: 1 | AY40: VALORES MENSAIS | BD40: TOTAL | BE40: =SUM(BE9:BE39) -> 55.8 | BH40: =P39+R39+T39+V39+X39+Z39+AB39+AD39+AF39+AH39+AJ39+AL39+AN39+AP39+AR39+AT39+AV39+B40+D40+F40+H40+J40+L40+N40 -> 0
B41: 0 - 1 | D41: 1 - 2 | F41: 2 - 3 | H41: 3 - 4 | J41: 4 - 5 | L41: 5 - 6 | N41: 6 - 7 | P41: 7 - 8 | R41: 8 - 9 | T41: 9 - 10 | V41: 10 - 11 | X41: 11 - 12 | Z41: 12 - 13 | AB41: 13 - 14 | AD41: 14 - 15 | AF41: 15 - 16 | AH41: 16 - 17 | AJ41: 17 - 18 | AL41: 18 - 19 | AN41: 19 - 20 | AP41: 20 - 21 | AR41: 21 - 22 | AT41: 22 - 23 | AV41: 23 - 24 | AY41: Altura | AZ41: Duração | BA41: Máxima | BB41: Horas | BD41: MÁXIMO | BE41: =MAX(BE9:BE39) -> 29.1
B42: ALT. | C42: DUR. | D42: ALT. | E42: DUR. | F42: ALT. | G42: DUR. | H42: ALT. | I42: DUR. | J42: ALT. | K42: DUR. | L42: ALT. | M42: DUR. | N42: ALT. | O42: DUR. | P42: ALT. | Q42: DUR. | R42: ALT. | S42: DUR. | T42: ALT. | U42: DUR. | V42: ALT. | W42: DUR. | X42: ALT. | Y42: DUR. | Z42: ALT. | AA42: DUR. | AB42: ALT. | AC42: DUR. | AD42: ALT. | AE42: DUR. | AF42: ALT. | AG42: DUR. | AH42: ALT. | AI42: DUR. | AJ42: ALT. | AK42: DUR. | AL42: ALT. | AM42: DUR. | AN42: ALT. | AO42: DUR. | AP42: ALT. | AQ42: DUR. | AR42: ALT. | AS42: DUR. | AT42: ALT. | AU42: DUR. | AV42: ALT. | AW42: DUR. | AY42: Total | AZ42: total | BA42: altura | BB42: com | BD42: DIAS >=1 | BE42: =COUNTIF(BE9:BE39,">=1") -> 6
A43: A | B43: =SUM(B9:B39) -> 8.9 | D43: =SUM(D9:D39) -> 12.5 | F43: =SUM(F9:F39) -> 2.6 | H43: =SUM(H9:H39) -> 3.8 | J43: =SUM(J9:J39) -> 0.6 | L43: =SUM(L9:L39) -> 3.2 | N43: =SUM(N9:N39) -> 5.5 | P43: =SUM(P9:P39) -> 2.6 | R43: =SUM(R9:R39) -> 2.8 | T43: =SUM(T9:T39) -> 2.8 | V43: =SUM(V9:V39) -> 0.1 | X43: =SUM(X9:X39) -> 2.8 | Z43: =SUM(Z9:Z39) -> 0.3 | AB43: =SUM(AB9:AB39) -> 0.4 | AD43: =SUM(AD9:AD39) -> 2.9 | AF43: =SUM(AF9:AF39) -> 0.2 | AH43: =SUM(AH9:AH39) -> 0 | AJ43: =SUM(AJ9:AJ39) -> 0 | AL43: =SUM(AL9:AL39) -> 0.1 | AN43: =SUM(AN9:AN39) -> 0.2 | AP43: =SUM(AP9:AP39) -> 0.1 | AR43: =SUM(AR9:AR39) -> 1.6 | AT43: =SUM(AT9:AT39) -> 1 | AV43: =SUM(AV9:AV39) -> 0.8 | AY43: (mm) | AZ43: (min) | BA43: horária | BB43: chuva
A44: D | C44: =SUM(C9:C39) -> 90 | E44: =SUM(E9:E39) -> 90 | G44: =SUM(G9:G39) -> 80 | I44: =SUM(I9:I39) -> 115 | K44: =SUM(K9:K39) -> 85 | M44: =SUM(M9:M39) -> 115 | O44: =SUM(O9:O39) -> 125 | Q44: =SUM(Q9:Q39) -> 120 | S44: =SUM(S9:S39) -> 60 | U44: =SUM(U9:U39) -> 30 | W44: =SUM(W9:W39) -> 60 | Y44: =SUM(Y9:Y39) -> 55 | AA44: =SUM(AA9:AA39) -> 20 | AC44: =SUM(AC9:AC39) -> 20 | AE44: =SUM(AE9:AE39) -> 25 | AG44: =SUM(AG9:AG39) -> 10 | AI44: =SUM(AI9:AI39) -> 0 | AK44: =SUM(AK9:AK39) -> 0 | AM44: =SUM(AM9:AM39) -> 5 | AO44: =SUM(AO9:AO39) -> 5 | AQ44: =SUM(AQ9:AQ39) -> 5 | AS44: =SUM(AS9:AS39) -> 50 | AU44: =SUM(AU9:AU39) -> 70 | AW44: =SUM(AW9:AW39) -> 65 | AY44: =AY9+AY10+AY11+AY12+AY13+AY14+AY15+AY16+AY17+AY18+AY19+AY20+AY21+AY22+AY23+AY24+AY25+AY26+AY27+AY28+AY29+AY30+AY31+AY32+AY33+AY34+AY35+AY36+AY37+AY38+AY39 -> 55.8 | AZ44: =AZ9+AZ10+AZ11+AZ12+AZ13+AZ14+AZ15+AZ16+AZ17+AZ18+AZ19+AZ20+AZ21+AZ22+AZ23+AZ24+AZ25+AZ26+AZ27+AZ28+AZ29+AZ30+AZ31+AZ32+AZ33+AZ34+AZ35+AZ36+AZ37+AZ38+AZ39 -> 1300 | BA44: =MAX(BA9:BA39) -> 9 | BB44: =SUM(BB8:BB39) -> 44
A45: F | B45: =COUNT(B9:B39) -> 3 | D45: =COUNT(D9:D39) -> 3 | F45: =COUNT(F9:F39) -> 2 | H45: =COUNT(H9:H39) -> 3 | J45: =COUNT(J9:J39) -> 3 | L45: =COUNT(L9:L39) -> 3 | N45: =COUNT(N9:N39) -> 3 | P45: =COUNT(P9:P39) -> 2 | R45: =COUNT(R9:R39) -> 2 | T45: =COUNT(T9:T39) -> 1 | V45: =COUNT(V9:V39) -> 1 | X45: =COUNT(X9:X39) -> 2 | Z45: =COUNT(Z9:Z39) -> 2 | AB45: =COUNT(AB9:AB39) -> 1 | AD45: =COUNT(AD9:AD39) -> 1 | AF45: =COUNT(AF9:AF39) -> 2 | AH45: =COUNT(AH9:AH39) -> 0 | AJ45: =COUNT(AJ9:AJ39) -> 0 | AL45: =COUNT(AL9:AL39) -> 1 | AN45: =COUNT(AN9:AN39) -> 1 | AP45: =COUNT(AP9:AP39) -> 1 | AR45: =COUNT(AR9:AR39) -> 1 | AT45: =COUNT(AT9:AT39) -> 3 | AV45: =COUNT(AV9:AV39) -> 3 | AY45: Normal | AZ45: 1933-2002 | BB45: Dias
AY46: =[1]ano!G44 -> 64.142314 | BB46: com
B47: A = Altura mensal neste horário (mm) | AY47: Desvio | BB47: chuva
B48: D = Duração (minutos com chuva no mês neste horário) | AY48: =AY44-AY46 -> -8.3423143 | BB48: =SUM(BD9:BD39) -> 9
B49: F = Freqüência (dias com chuva no mês neste horário)

Sheet junho
B1: JUNHO DE 2024 | J1: INSTITUTO ASTRONÔMICO E GEOFÍSICO DA UNIVERSIDADE DE SÃO PAULO
B2: DIGITADO POR EDVALDO GOMES
B3: VERIFICADO POR EDVALDO GOMES | M3: RESULTADOS EXTRAÍDOS DE PLUVIOGRAMA DIÁRIO (mm DE CHUVA)
AY4: VALORES DIÁRIOS | BE4: VALORES DIÁRIOS
AY5: (de 00h a 24h) | BE5: DAEE | BF5: DESVIO | BG5: EMAE
AY6: Altura | AZ6: Duração | BA6: Máxima | BE6: Altura | BG6: Máxima
A7: H. | B7: 0 - 1 | D7: 1 - 2 | F7: 2 - 3 | H7: 3 - 4 | J7: 4 - 5 | L7: 5 - 6 | N7: 6 - 7 | P7: 7 - 8 | R7: 8 - 9 | T7: 9 - 10 | V7: 10 - 11 | X7: 11 - 12 | Z7: 12 - 13 | AB7: 13 - 14 | AD7: 14 - 15 | AF7: 15 - 16 | AH7: 16 - 17 | AJ7: 17 - 18 | AL7: 18 - 19 | AN7: 19 - 20 | AP7: 20 - 21 | AR7: 21 - 22 | AT7: 22 - 23 | AV7: 23 - 24 | AX7: H. | AY7: total | AZ7: total | BA7: altura | BB7: Freq. | BE7: total | BG7: altura
A8: D. | B8: ALT. | C8: DUR. | D8: ALT. | E8: DUR. | F8: ALT. | G8: DUR. | H8: ALT. | I8: DUR. | J8: ALT. | K8: DUR. | L8: ALT. | M8: DUR. | N8: ALT. | O8: DUR. | P8: ALT. | Q8: DUR. | R8: ALT. | S8: DUR. | T8: ALT. | U8: DUR. | V8: ALT. | W8: DUR. | X8: ALT. | Y8: DUR. | Z8: ALT. | AA8: DUR. | AB8: ALT. | AC8: DUR. | AD8: ALT. | AE8: DUR. | AF8: ALT. | AG8: DUR. | AH8: ALT. | AI8: DUR. | AJ8: ALT. | AK8: DUR. | AL8: ALT. | AM8: DUR. | AN8: ALT. | AO8: DUR. | AP8: ALT. | AQ8: DUR. | AR8: ALT. | AS8: DUR. | AT8: ALT. | AU8: DUR. | AV8: ALT. | AW8: DUR. | AX8: D. | AY8: (mm) | AZ8: (min) | BA8: horária | BB8: (horas) | BE8: (mm) | BG8: horária | BH8: (horas)
A9: 1 | AX9: 1 | AY9: =B9+D9+F9+H9+J9+L9+N9+P9+R9+T9+V9+X9+Z9+AB9+AD9+AF9+AH9+AJ9+AL9+AN9+AP9+AR9+AT9+AV9 -> 0 | AZ9: =C9+E9+G9+I9+K9+M9+O9+Q9+S9+U9+W9+Y9+AA9+AC9+AE9+AG9+AI9+AK9+AM9+AO9+AQ9+AS9+AU9+AW9 -> 0 | BA9: =MAX(B9,D9,F9,H9,J9,L9,N9,P9,R9,T9,V9,X9,Z9,AB9,AD9,AF9,AH9,AJ9,AL9,AN9,AP9,AR9,AT9,AV9) -> 0 | BB9: =COUNT(B9,D9,F9,H9,J9,L9,N9,P9,R9,T9,V9,X9,Z9,AB9,AD9,AF9,AH9,AJ9,AL9,AN9,AP9,AR9,AT9,AV9) -> 0 | BD9: =IF(BB9>0,1,0) -> 0 | BE9: =maio!$BH40 -> 0 | BF9: 39233 | BG9: =junho!$BE10 -> 0.1 | BI9: =IF(BH9>0,1,0) -> 0
A10: 2 | N10: 0.1 | O10: 60 | AX10: 2 | AY10: =B10+D10+F10+H10+J10+L10+N10+P10+R10+T10+V10+X10+Z10+AB10+AD10+AF10+AH10+AJ10+AL10+AN10+AP10+AR10+AT10+AV10 -> 0.1 | AZ10: =C10+E10+G10+I10+K10+M10+O10+Q10+S10+U10+W10+Y10+AA10+AC10+AE10+AG10+AI10+AK10+AM10+AO10+AQ10+AS10+AU10+AW10 -> 60 | BA10: =MAX(B10,D10,F10,H10,J10,L10,N10,P10,R10,T10,V10,X10,Z10,AB10,AD10,AF10,AH10,AJ10,AL10,AN10,AP10,AR10,AT10,AV10) -> 0.1 | BB10: =COUNT(B10,D10,F10,H10,J10,L10,N10,P10,R10,T10,V10,X10,Z10,AB10,AD10,AF10,AH10,AJ10,AL10,AN10,AP10,AR10,AT10,AV10) -> 1 | BD10: =IF(BB10>0,1,0) -> 1 | BE10: =P9+R9+T9+V9+X9+Z9+AB9+AD9+AF9+AH9+AJ9+AL9+AN9+AP9+AR9+AT9+AV9+B10+D10+F10+H10+J10+L10+N10 -> 0.1 | BG10: =junho!$BE11 -> 0 | BI10: =IF(BH10>0,1,0) -> 0
A11: 3 | AX11: 3 | AY11: =B11+D11+F11+H11+J11+L11+N11+P11+R11+T11+V11+X11+Z11+AB11+AD11+AF11+AH11+AJ11+AL11+AN11+AP11+AR11+AT11+AV11 -> 0 | AZ11: =C11+E11+G11+I11+K11+M11+O11+Q11+S11+U11+W11+Y11+AA11+AC11+AE11+AG11+AI11+AK11+AM11+AO11+AQ11+AS11+AU11+AW11 -> 0 | BA11: =MAX(B11,D11,F11,H11,J11,L11,N11,P11,R11,T11,V11,X11,Z11,AB11,AD11,AF11,AH11,AJ11,AL11,AN11,AP11,AR11,AT11,AV11) -> 0 | BB11: =COUNT(B11,D11,F11,H11,J11,L11,N11,P11,R11,T11,V11,X11,Z11,AB11,AD11,AF11,AH11,AJ11,AL11,AN11,AP11,AR11,AT11,AV11) -> 0 | BD11: =IF(BB11>0,1,0) -> 0 | BE11: =P10+R10+T10+V10+X10+Z10+AB10+AD10+AF10+AH10+AJ10+AL10+AN10+AP10+AR10+AT10+AV10+B11+D11+F11+H11+J11+L11+N11 -> 0 | BF11: =Q10+S10+U10+W10+Y10+AA10+AC10+AE10+AG10+AI10+AK10+AM10+AO10+AQ10+AS10+AU10+AW10+C11+E11+G11+I11+K11+M11+O11 -> 0 | BG11: =junho!$BE12 -> 0 | BI11: =IF(BH11>0,1,0) -> 0
A12: 4 | P12: 0.1 | Q12: 10 | V12: 0.3 | W12: 25 | Z12: 0.1 | AA12: 5 | AX12: 4 | AY12: =B12+D12+F12+H12+J12+L12+N12+P12+R12+T12+V12+X12+Z12+AB12+AD12+AF12+AH12+AJ12+AL12+AN12+AP12+AR12+AT12+AV12 -> 0.5 | AZ12: =C12+E12+G12+I12+K12+M12+O12+Q12+S12+U12+W12+Y12+AA12+AC12+AE12+AG12+AI12+AK12+AM12+AO12+AQ12+AS12+AU12+AW12 -> 40 | BA12: =MAX(B12,D12,F12,H12,J12,L12,N12,P12,R12,T12,V12,X12,Z12,AB12,AD12,AF12,AH12,AJ12,AL12,AN12,AP12,AR12,AT12,AV12) -> 0.3 | BB12: =COUNT(B12,D12,F12,H12,J12,L12,N12,P12,R12,T12,V12,X12,Z12,AB12,AD12,AF12,AH12,AJ12,AL12,AN12,AP12,AR12,AT12,AV12) -> 3 | BD12: =IF(BB12>0,1,0) -> 1 | BE12: =P11+R11+T11+V11+X11+Z11+AB11+AD11+AF11+AH11+AJ11+AL11+AN11+AP11+AR11+AT11+AV11+B12+D12+F12+H12+J12+L12+N12 -> 0 | BF12: =Q11+S11+U11+W11+Y11+AA11+AC11+AE11+AG11+AI11+AK11+AM11+AO11+AQ11+AS11+AU11+AW11+C12+E12+G12+I12+K12+M12+O12 -> 0 | BG12: =junho!$BE13 -> 0.5 | BI12: =IF(BH12>0,1,0) -> 0
A13: 5 | AX13: 5 | AY13: =B13+D13+F13+H13+J13+L13+N13+P13+R13+T13+V13+X13+Z13+AB13+AD13+AF13+AH13+AJ13+AL13+AN13+AP13+AR13+AT13+AV13 -> 0 | AZ13: =C13+E13+G13+I13+K13+M13+O13+Q13+S13+U13+W13+Y13+AA13+AC13+AE13+AG13+AI13+AK13+AM13+AO13+AQ13+AS13+AU13+AW13 -> 0 | BA13: =MAX(B13,D13,F13,H13,J13,L13,N13,P13,R13,T13,V13,X13,Z13,AB13,AD13,AF13,AH13,AJ13,AL13,AN13,AP13,AR13,AT13,AV13) -> 0 | BB13: =COUNT(B13,D13,F13,H13,J13,L13,N13,P13,R13,T13,V13,X13,Z13,AB13,AD13,AF13,AH13,AJ13,AL13,AN13,AP13,AR13,AT13,AV13) -> 0 | BD13: =IF(BB13>0,1,0) -> 0 | BE13: =P12+R12+T12+V12+X12+Z12+AB12+AD12+AF12+AH12+AJ12+AL12+AN12+AP12+AR12+AT12+AV12+B13+D13+F13+H13+J13+L13+N13 -> 0.5 | BF13: =Q12+S12+U12+W12+Y12+AA12+AC12+AE12+AG12+AI12+AK12+AM12+AO12+AQ12+AS12+AU12+AW12+C13+E13+G13+I13+K13+M13+O13 -> 40 | BG13: =junho!$BE14 -> 0.2 | BI13: =IF(BH13>0,1,0) -> 0
A14: 6 | B14: 0.1 | C14: 60 | L14: 0.1 | M14: 60 | AX14: 6 | AY14: =B14+D14+F14+H14+J14+L14+N14+P14+R14+T14+V14+X14+Z14+AB14+AD14+AF14+AH14+AJ14+AL14+AN14+AP14+AR14+AT14+AV14 -> 0.2 | AZ14: =C14+E14+G14+I14+K14+M14+O14+Q14+S14+U14+W14+Y14+AA14+AC14+AE14+AG14+AI14+AK14+AM14+AO14+AQ14+AS14+AU14+AW14 -> 120 | BA14: =MAX(B14,D14,F14,H14,J14,L14,N14,P14,R14,T14,V14,X14,Z14,AB14,AD14,AF14,AH14,AJ14,AL14,AN14,AP14,AR14,AT14,AV14) -> 0.1 | BB14: =COUNT(B14,D14,F14,H14,J14,L14,N14,P14,R14,T14,V14,X14,Z14,AB14,AD14,AF14,AH14,AJ14,AL14,AN14,AP14,AR14,AT14,AV14) -> 2 | BD14: =IF(BB14>0,1,0) -> 1 | BE14: =P13+R13+T13+V13+X13+Z13+AB13+AD13+AF13+AH13+AJ13+AL13+AN13+AP13+AR13+AT13+AV13+B14+D14+F14+H14+J14+L14+N14 -> 0.2 | BF14: =Q13+S13+U13+W13+Y13+AA13+AC13+AE13+AG13+AI13+AK13+AM13+AO13+AQ13+AS13+AU13+AW13+C14+E14+G14+I14+K14+M14+O14 -> 120 | BG14: =junho!$BE15 -> 0.1 | BI14: =IF(BH14>0,1,0) -> 0
A15: 7 | N15: 0.1 | O15: 60 | AX15: 7 | AY15: =B15+D15+F15+H15+J15+L15+N15+P15+R15+T15+V15+X15+Z15+AB15+AD15+AF15+AH15+AJ15+AL15+AN15+AP15+AR15+AT15+AV15 -> 0.1 | AZ15: =C15+E15+G15+I15+K15+M15+O15+Q15+S15+U15+W15+Y15+AA15+AC15+AE15+AG15+AI15+AK15+AM15+AO15+AQ15+AS15+AU15+AW15 -> 60 | BA15: =MAX(B15,D15,F15,H15,J15,L15,N15,P15,R15,T15,V15,X15,Z15,AB15,AD15,AF15,AH15,AJ15,AL15,AN15,AP15,AR15,AT15,AV15) -> 0.1 | BB15: =COUNT(B15,D15,F15,H15,J15,L15,N15,P15,R15,T15,V15,X15,Z15,AB15,AD15,AF15,AH15,AJ15,AL15,AN15,AP15,AR15,AT15,AV15) -> 1 | BD15: =IF(BB15>0,1,0) -> 1 | BE15: =P14+R14+T14+V14+X14+Z14+AB14+AD14+AF14+AH14+AJ14+AL14+AN14+AP14+AR14+AT14+AV14+B15+D15+F15+H15+J15+L15+N15 -> 0.1 | BF15: =Q14+S14+U14+W14+Y14+AA14+AC14+AE14+AG14+AI14+AK14+AM14+AO14+AQ14+AS14+AU14+AW14+C15+E15+G15+I15+K15+M15+O15 -> 60 | BG15: =junho!$BE16 -> 0 | BI15: =IF(BH15>0,1,0) -> 0
A16: 8 | AX16: 8 | AY16: =B16+D16+F16+H16+J16+L16+N16+P16+R16+T16+V16+X16+Z16+AB16+AD16+AF16+AH16+AJ16+AL16+AN16+AP16+AR16+AT16+AV16 -> 0 | AZ16: =C16+E16+G16+I16+K16+M16+O16+Q16+S16+U16+W16+Y16+AA16+AC16+AE16+AG16+AI16+AK16+AM16+AO16+AQ16+AS16+AU16+AW16 -> 0 | BA16: =MAX(B16,D16,F16,H16,J16,L16,N16,P16,R16,T16,V16,X16,Z16,AB16,AD16,AF16,AH16,AJ16,AL16,AN16,AP16,AR16,AT16,AV16) -> 0 | BB16: =COUNT(B16,D16,F16,H16,J16,L16,N16,P16,R16,T16,V16,X16,Z16,AB16,AD16,AF16,AH16,AJ16,AL16,AN16,AP16,AR16,AT16,AV16) -> 0 | BD16: =IF(BB16>0,1,0) -> 0 | BE16: =P15+R15+T15+V15+X15+Z15+AB15+AD15+AF15+AH15+AJ15+AL15+AN15+AP15+AR15+AT15+AV15+B16+D16+F16+H16+J16+L16+N16 -> 0 | BF16: =Q15+S15+U15+W15+Y15+AA15+AC15+AE15+AG15+AI15+AK15+AM15+AO15+AQ15+AS15+AU15+AW15+C16+E16+G16+I16+K16+M16+O16 -> 0 | BG16: =junho!$BE17 -> 0.1 | BI16: =IF(BH16>0,1,0) -> 0
A17: 9 | N17: 0.1 | O17: 60 | AX17: 9 | AY17: =B17+D17+F17+H17+J17+L17+N17+P17+R17+T17+V17+X17+Z17+AB17+AD17+AF17+AH17+AJ17+AL17+AN17+AP17+AR17+AT17+AV17 -> 0.1 | AZ17: =C17+E17+G17+I17+K17+M17+O17+Q17+S17+U17+W17+Y17+AA17+AC17+AE17+AG17+AI17+AK17+AM17+AO17+AQ17+AS17+AU17+AW17 -> 60 | BA17: =MAX(B17,D17,F17,H17,J17,L17,N17,P17,R17,T17,V17,X17,Z17,AB17,AD17,AF17,AH17,AJ17,AL17,AN17,AP17,AR17,AT17,AV17) -> 0.1 | BB17: =COUNT(B17,D17,F17,H17,J17,L17,N17,P17,R17,T17,V17,X17,Z17,AB17,AD17,AF17,AH17,AJ17,AL17,AN17,AP17,AR17,AT17,AV17) -> 1 | BD17: =IF(BB17>0,1,0) -> 1 | BE17: =P16+R16+T16+V16+X16+Z16+AB16+AD16+AF16+AH16+AJ16+AL16+AN16+AP16+AR16+AT16+AV16+B17+D17+F17+H17+J17+L17+N17 -> 0.1 | BF17: =Q16+S16+U16+W16+Y16+AA16+AC16+AE16+AG16+AI16+AK16+AM16+AO16+AQ16+AS16+AU16+AW16+C17+E17+G17+I17+K17+M17+O17 -> 60 | BG17: =junho!$BE18 -> 0 | BI17: =IF(BH17>0,1,0) -> 0
A18: 10 | AX18: 10 | AY18: =B18+D18+F18+H18+J18+L18+N18+P18+R18+T18+V18+X18+Z18+AB18+AD18+AF18+AH18+AJ18+AL18+AN18+AP18+AR18+AT18+AV18 -> 0 | AZ18: =C18+E18+G18+I18+K18+M18+O18+Q18+S18+U18+W18+Y18+AA18+AC18+AE18+AG18+AI18+AK18+AM18+AO18+AQ18+AS18+AU18+AW18 -> 0 | BA18: =MAX(B18,D18,F18,H18,J18,L18,N18,P18,R18,T18,V18,X18,Z18,AB18,AD18,AF18,AH18,AJ18,AL18,AN18,AP18,AR18,AT18,AV18) -> 0 | BB18: =COUNT(B18,D18,F18,H18,J18,L18,N18,P18,R18,T18,V18,X18,Z18,AB18,AD18,AF18,AH18,AJ18,AL18,AN18,AP18,AR18,AT18,AV18) -> 0 | BD18: =IF(BB18>0,1,0) -> 0 | BE18: =P17+R17+T17+V17+X17+Z17+AB17+AD17+AF17+AH17+AJ17+AL17+AN17+AP17+AR17+AT17+AV17+B18+D18+F18+H18+J18+L18+N18 -> 0 | BF18: =Q17+S17+U17+W17+Y17+AA17+AC17+AE17+AG17+AI17+AK17+AM17+AO17+AQ17+AS17+AU17+AW17+C18+E18+G18+I18+K18+M18+O18 -> 0 | BG18: =junho!$BE19 -> 0 | BI18: =IF(BH18>0,1,0) -> 0
A19: 11 | AX19: 11 | AY19: =B19+D19+F19+H19+J19+L19+N19+P19+R19+T19+V19+X19+Z19+AB19+AD19+AF19+AH19+AJ19+AL19+AN19+AP19+AR19+AT19+AV19 -> 0 | AZ19: =C19+E19+G19+I19+K19+M19+O19+Q19+S19+U19+W19+Y19+AA19+AC19+AE19+AG19+AI19+AK19+AM19+AO19+AQ19+AS19+AU19+AW19 -> 0 | BA19: =MAX(B19,D19,F19,H19,J19,L19,N19,P19,R19,T19,V19,X19,Z19,AB19,AD19,AF19,AH19,AJ19,AL19,AN19,AP19,AR19,AT19,AV19) -> 0 | BB19: =COUNT(B19,D19,F19,H19,J19,L19,N19,P19,R19,T19,V19,X19,Z19,AB19,AD19,AF19,AH19,AJ19,AL19,AN19,AP19,AR19,AT19,AV19) -> 0 | BD19: =IF(BB19>0,1,0) -> 0 | BE19: =P18+R18+T18+V18+X18+Z18+AB18+AD18+AF18+AH18+AJ18+AL18+AN18+AP18+AR18+AT18+AV18+B19+D19+F19+H19+J19+L19+N19 -> 0 | BF19: =Q18+S18+U18+W18+Y18+AA18+AC18+AE18+AG18+AI18+AK18+AM18+AO18+AQ18+AS18+AU18+AW18+C19+E19+G19+I19+K19+M19+O19 -> 0 | BG19: =junho!$BE20 -> 0 | BI19: =IF(BH19>0,1,0) -> 0
A20: 12 | AX20: 12 | AY20: =B20+D20+F20+H20+J20+L20+N20+P20+R20+T20+V20+X20+Z20+AB20+AD20+AF20+AH20+AJ20+AL20+AN20+AP20+AR20+AT20+AV20 -> 0 | AZ20: =C20+E20+G20+I20+K20+M20+O20+Q20+S20+U20+W20+Y20+AA20+AC20+AE20+AG20+AI20+AK20+AM20+AO20+AQ20+AS20+AU20+AW20 -> 0 | BA20: =MAX(B20,D20,F20,H20,J20,L20,N20,P20,R20,T20,V20,X20,Z20,AB20,AD20,AF20,AH20,AJ20,AL20,AN20,AP20,AR20,AT20,AV20) -> 0 | BB20: =COUNT(B20,D20,F20,H20,J20,L20,N20,P20,R20,T20,V20,X20,Z20,AB20,AD20,AF20,AH20,AJ20,AL20,AN20,AP20,AR20,AT20,AV20) -> 0 | BD20: =IF(BB20>0,1,0) -> 0 | BE20: =P19+R19+T19+V19+X19+Z19+AB19+AD19+AF19+AH19+AJ19+AL19+AN19+AP19+AR19+AT19+AV19+B20+D20+F20+H20+J20+L20+N20 -> 0 | BF20: =Q19+S19+U19+W19+Y19+AA19+AC19+AE19+AG19+AI19+AK19+AM19+AO19+AQ19+AS19+AU19+AW19+C20+E20+G20+I20+K20+M20+O20 -> 0 | BG20: =junho!$BE21 -> 0.2 | BI20: =IF(BH20>0,1,0) -> 0
A21: 13 | J21: 0.1 | K21: 60 | N21: 0.1 | O21: 60 | AX21: 13 | AY21: =B21+D21+F21+H21+J21+L21+N21+P21+R21+T21+V21+X21+Z21+AB21+AD21+AF21+AH21+AJ21+AL21+AN21+AP21+AR21+AT21+AV21 -> 0.2 | AZ21: =C21+E21+G21+I21+K21+M21+O21+Q21+S21+U21+W21+Y21+AA21+AC21+AE21+AG21+AI21+AK21+AM21+AO21+AQ21+AS21+AU21+AW21 -> 120 | BA21: =MAX(B21,D21,F21,H21,J21,L21,N21,P21,R21,T21,V21,X21,Z21,AB21,AD21,AF21,AH21,AJ21,AL21,AN21,AP21,AR21,AT21,AV21) -> 0.1 | BB21: =COUNT(B21,D21,F21,H21,J21,L21,N21,P21,R21,T21,V21,X21,Z21,AB21,AD21,AF21,AH21,AJ21,AL21,AN21,AP21,AR21,AT21,AV21) -> 2 | BD21: =IF(BB21>0,1,0) -> 1 | BE21: =P20+R20+T20+V20+X20+Z20+AB20+AD20+AF20+AH20+AJ20+AL20+AN20+AP20+AR20+AT20+AV20+B21+D21+F21+H21+J21+L21+N21 -> 0.2 | BF21: =Q20+S20+U20+W20+Y20+AA20+AC20+AE20+AG20+AI20+AK20+AM20+AO20+AQ20+AS20+AU20+AW20+C21+E21+G21+I21+K21+M21+O21 -> 120 | BG21: =junho!$BE22 -> 0 | BI21: =IF(BH21>0,1,0) -> 0
A22: 14 | AX22: 14 | AY22: =B22+D22+F22+H22+J22+L22+N22+P22+R22+T22+V22+X22+Z22+AB22+AD22+AF22+AH22+AJ22+AL22+AN22+AP22+AR22+AT22+AV22 -> 0 | AZ22: =C22+E22+G22+I22+K22+M22+O22+Q22+S22+U22+W22+Y22+AA22+AC22+AE22+AG22+AI22+AK22+AM22+AO22+AQ22+AS22+AU22+AW22 -> 0 | BA22: =MAX(B22,D22,F22,H22,J22,L22,N22,P22,R22,T22,V22,X22,Z22,AB22,AD22,AF22,AH22,AJ22,AL22,AN22,AP22,AR22,AT22,AV22) -> 0 | BB22: =COUNT(B22,D22,F22,H22,J22,L22,N22,P22,R22,T22,V22,X22,Z22,AB22,AD22,AF22,AH22,AJ22,AL22,AN22,AP22,AR22,AT22,AV22) -> 0 | BD22: =IF(BB22>0,1,0) -> 0 | BE22: =P21+R21+T21+V21+X21+Z21+AB21+AD21+AF21+AH21+AJ21+AL21+AN21+AP21+AR21+AT21+AV21+B22+D22+F22+H22+J22+L22+N22 -> 0 | BF22: =Q21+S21+U21+W21+Y21+AA21+AC21+AE21+AG21+AI21+AK21+AM21+AO21+AQ21+AS21+AU21+AW21+C22+E22+G22+I22+K22+M22+O22 -> 0 | BG22: =junho!$BE23 -> 0 | BI22: =IF(BH22>0,1,0) -> 0
A23: 15 | AX23: 15 | AY23: =B23+D23+F23+H23+J23+L23+N23+P23+R23+T23+V23+X23+Z23+AB23+AD23+AF23+AH23+AJ23+AL23+AN23+AP23+AR23+AT23+AV23 -> 0 | AZ23: =C23+E23+G23+I23+K23+M23+O23+Q23+S23+U23+W23+Y23+AA23+AC23+AE23+AG23+AI23+AK23+AM23+AO23+AQ23+AS23+AU23+AW23 -> 0 | BA23: =MAX(B23,D23,F23,H23,J23,L23,N23,P23,R23,T23,V23,X23,Z23,AB23,AD23,AF23,AH23,AJ23,AL23,AN23,AP23,AR23,AT23,AV23) -> 0 | BB23: =COUNT(B23,D23,F23,H23,J23,L23,N23,P23,R23,T23,V23,X23,Z23,AB23,AD23,AF23,AH23,AJ23,AL23,AN23,AP23,AR23,AT23,AV23) -> 0 | BD23: =IF(BB23>0,1,0) -> 0 | BE23: =P22+R22+T22+V22+X22+Z22+AB22+AD22+AF22+AH22+AJ22+AL22+AN22+AP22+AR22+AT22+AV22+B23+D23+F23+H23+J23+L23+N23 -> 0 | BF23: =Q22+S22+U22+W22+Y22+AA22+AC22+AE22+AG22+AI22+AK22+AM22+AO22+AQ22+AS22+AU22+AW22+C23+E23+G23+I23+K23+M23+O23 -> 0 | BG23: =junho!$BE24 -> 0 | BI23: =IF(BH23>0,1,0) -> 0
A24: 16 | AX24: 16 | AY24: =B24+D24+F24+H24+J24+L24+N24+P24+R24+T24+V24+X24+Z24+AB24+AD24+AF24+AH24+AJ24+AL24+AN24+AP24+AR24+AT24+AV24 -> 0 | AZ24: =C24+E24+G24+I24+K24+M24+O24+Q24+S24+U24+W24+Y24+AA24+AC24+AE24+AG24+AI24+AK24+AM24+AO24+AQ24+AS24+AU24+AW24 -> 0 | BA24: =MAX(B24,D24,F24,H24,J24,L24,N24,P24,R24,T24,V24,X24,Z24,AB24,AD24,AF24,AH24,AJ24,AL24,AN24,AP24,AR24,AT24,AV24) -> 0 | BB24: =COUNT(B24,D24,F24,H24,J24,L24,N24,P24,R24,T24,V24,X24,Z24,AB24,AD24,AF24,AH24,AJ24,AL24,AN24,AP24,AR24,AT24,AV24) -> 0 | BD24: =IF(BB24>0,1,0) -> 0 | BE24: =P23+R23+T23+V23+X23+Z23+AB23+AD23+AF23+AH23+AJ23+AL23+AN23+AP23+AR23+AT23+AV23+B24+D24+F24+H24+J24+L24+N24 -> 0 | BF24: =Q23+S23+U23+W23+Y23+AA23+AC23+AE23+AG23+AI23+AK23+AM23+AO23+AQ23+AS23+AU23+AW23+C24+E24+G24+I24+K24+M24+O24 -> 0 | BG24: =junho!$BE25 -> 0 | BI24: =IF(BH24>0,1,0) -> 0
A25: 17 | AX25: 17 | AY25: =B25+D25+F25+H25+J25+L25+N25+P25+R25+T25+V25+X25+Z25+AB25+AD25+AF25+AH25+AJ25+AL25+AN25+AP25+AR25+AT25+AV25 -> 0 | AZ25: =C25+E25+G25+I25+K25+M25+O25+Q25+S25+U25+W25+Y25+AA25+AC25+AE25+AG25+AI25+AK25+AM25+AO25+AQ25+AS25+AU25+AW25 -> 0 | BA25: =MAX(B25,D25,F25,H25,J25,L25,N25,P25,R25,T25,V25,X25,Z25,AB25,AD25,AF25,AH25,AJ25,AL25,AN25,AP25,AR25,AT25,AV25) -> 0 | BB25: =COUNT(B25,D25,F25,H25,J25,L25,N25,P25,R25,T25,V25,X25,Z25,AB25,AD25,AF25,AH25,AJ25,AL25,AN25,AP25,AR25,AT25,AV25) -> 0 | BD25: =IF(BB25>0,1,0) -> 0 | BE25: =P24+R24+T24+V24+X24+Z24+AB24+AD24+AF24+AH24+AJ24+AL24+AN24+AP24+AR24+AT24+AV24+B25+D25+F25+H25+J25+L25+N25 -> 0 | BF25: =Q24+S24+U24+W24+Y24+AA24+AC24+AE24+AG24+AI24+AK24+AM24+AO24+AQ24+AS24+AU24+AW24+C25+E25+G25+I25+K25+M25+O25 -> 0 | BG25: =junho!$BE26 -> 0 | BI25: =IF(BH25>0,1,0) -> 0
A26: 18 | AX26: 18 | AY26: =B26+D26+F26+H26+J26+L26+N26+P26+R26+T26+V26+X26+Z26+AB26+AD26+AF26+AH26+AJ26+AL26+AN26+AP26+AR26+AT26+AV26 -> 0 | AZ26: =C26+E26+G26+I26+K26+M26+O26+Q26+S26+U26+W26+Y26+AA26+AC26+AE26+AG26+AI26+AK26+AM26+AO26+AQ26+AS26+AU26+AW26 -> 0 | BA26: =MAX(B26,D26,F26,H26,J26,L26,N26,P26,R26,T26,V26,X26,Z26,AB26,AD26,AF26,AH26,AJ26,AL26,AN26,AP26,AR26,AT26,AV26) -> 0 | BB26: =COUNT(B26,D26,F26,H26,J26,L26,N26,P26,R26,T26,V26,X26,Z26,AB26,AD26,AF26,AH26,AJ26,AL26,AN26,AP26,AR26,AT26,AV26) -> 0 | BD26: =IF(BB26>0,1,0) -> 0 | BE26: =P25+R25+T25+V25+X25+Z25+AB25+AD25+AF25+AH25+AJ25+AL25+AN25+AP25+AR25+AT25+AV25+B26+D26+F26+H26+J26+L26+N26 -> 0 | BF26: =Q25+S25+U25+W25+Y25+AA25+AC25+AE25+AG25+AI25+AK25+AM25+AO25+AQ25+AS25+AU25+AW25+C26+E26+G26+I26+K26+M26+O26 -> 0 | BG26: =junho!$BE27 -> 0 | BI26: =IF(BH26>0,1,0) -> 0
A27: 19 | AX27: 19 | AY27: =B27+D27+F27+H27+J27+L27+N27+P27+R27+T27+V27+X27+Z27+AB27+AD27+AF27+AH27+AJ27+AL27+AN27+AP27+AR27+AT27+AV27 -> 0 | AZ27: =C27+E27+G27+I27+K27+M27+O27+Q27+S27+U27+W27+Y27+AA27+AC27+AE27+AG27+AI27+AK27+AM27+AO27+AQ27+AS27+AU27+AW27 -> 0 | BA27: =MAX(B27,D27,F27,H27,J27,L27,N27,P27,R27,T27,V27,X27,Z27,AB27,AD27,AF27,AH27,AJ27,AL27,AN27,AP27,AR27,AT27,AV27) -> 0 | BB27: =COUNT(B27,D27,F27,H27,J27,L27,N27,P27,R27,T27,V27,X27,Z27,AB27,AD27,AF27,AH27,AJ27,AL27,AN27,AP27,AR27,AT27,AV27) -> 0 | BD27: =IF(BB27>0,1,0) -> 0 | BE27: =P26+R26+T26+V26+X26+Z26+AB26+AD26+AF26+AH26+AJ26+AL26+AN26+AP26+AR26+AT26+AV26+B27+D27+F27+H27+J27+L27+N27 -> 0 | BF27: =Q26+S26+U26+W26+Y26+AA26+AC26+AE26+AG26+AI26+AK26+AM26+AO26+AQ26+AS26+AU26+AW26+C27+E27+G27+I27+K27+M27+O27 -> 0 | BG27: =junho!$BE28 -> 0 | BI27: =IF(BH27>0,1,0) -> 0
A28: 20 | AX28: 20 | AY28: =B28+D28+F28+H28+J28+L28+N28+P28+R28+T28+V28+X28+Z28+AB28+AD28+AF28+AH28+AJ28+AL28+AN28+AP28+AR28+AT28+AV28 -> 0 | AZ28: =C28+E28+G28+I28+K28+M28+O28+Q28+S28+U28+W28+Y28+AA28+AC28+AE28+AG28+AI28+AK28+AM28+AO28+AQ28+AS28+AU28+AW28 -> 0 | BA28: =MAX(B28,D28,F28,H28,J28,L28,N28,P28,R28,T28,V28,X28,Z28,AB28,AD28,AF28,AH28,AJ28,AL28,AN28,AP28,AR28,AT28,AV28) -> 0 | BB28: =COUNT(B28,D28,F28,H28,J28,L28,N28,P28,R28,T28,V28,X28,Z28,AB28,AD28,AF28,AH28,AJ28,AL28,AN28,AP28,AR28,AT28,AV28) -> 0 | BD28: =IF(BB28>0,1,0) -> 0 | BE28: =P27+R27+T27+V27+X27+Z27+AB27+AD27+AF27+AH27+AJ27+AL27+AN27+AP27+AR27+AT27+AV27+B28+D28+F28+H28+J28+L28+N28 -> 0 | BF28: =Q27+S27+U27+W27+Y27+AA27+AC27+AE27+AG27+AI27+AK27+AM27+AO27+AQ27+AS27+AU27+AW27+C28+E28+G28+I28+K28+M28+O28 -> 0 | BG28: =junho!$BE29 -> 0 | BI28: =IF(BH28>0,1,0) -> 0
A29: 21 | AX29: 21 | AY29: =B29+D29+F29+H29+J29+L29+N29+P29+R29+T29+V29+X29+Z29+AB29+AD29+AF29+AH29+AJ29+AL29+AN29+AP29+AR29+AT29+AV29 -> 0 | AZ29: =C29+E29+G29+I29+K29+M29+O29+Q29+S29+U29+W29+Y29+AA29+AC29+AE29+AG29+AI29+AK29+AM29+AO29+AQ29+AS29+AU29+AW29 -> 0 | BA29: =MAX(B29,D29,F29,H29,J29,L29,N29,P29,R29,T29,V29,X29,Z29,AB29,AD29,AF29,AH29,AJ29,AL29,AN29,AP29,AR29,AT29,AV29) -> 0 | BB29: =COUNT(B29,D29,F29,H29,J29,L29,N29,P29,R29,T29,V29,X29,Z29,AB29,AD29,AF29,AH29,AJ29,AL29,AN29,AP29,AR29,AT29,AV29) -> 0 | BD29: =IF(BB29>0,1,0) -> 0 | BE29: =P28+R28+T28+V28+X28+Z28+AB28+AD28+AF28+AH28+AJ28+AL28+AN28+AP28+AR28+AT28+AV28+B29+D29+F29+H29+J29+L29+N29 -> 0 | BF29: =Q28+S28+U28+W28+Y28+AA28+AC28+AE28+AG28+AI28+AK28+AM28+AO28+AQ28+AS28+AU28+AW28+C29+E29+G29+I29+K29+M29+O29 -> 0 | BG29: =junho!$BE30 -> 0 | BI29: =IF(BH29>0,1,0) -> 0
A30: 22 | AX30: 22 | AY30: =B30+D30+F30+H30+J30+L30+N30+P30+R30+T30+V30+X30+Z30+AB30+AD30+AF30+AH30+AJ30+AL30+AN30+AP30+AR30+AT30+AV30 -> 0 | AZ30: =C30+E30+G30+I30+K30+M30+O30+Q30+S30+U30+W30+Y30+AA30+AC30+AE30+AG30+AI30+AK30+AM30+AO30+AQ30+AS30+AU30+AW30 -> 0 | BA30: =MAX(B30,D30,F30,H30,J30,L30,N30,P30,R30,T30,V30,X30,Z30,AB30,AD30,AF30,AH30,AJ30,AL30,AN30,AP30,AR30,AT30,AV30) -> 0 | BB30: =COUNT(B30,D30,F30,H30,J30,L30,N30,P30,R30,T30,V30,X30,Z30,AB30,AD30,AF30,AH30,AJ30,AL30,AN30,AP30,AR30,AT30,AV30) -> 0 | BD30: =IF(BB30>0,1,0) -> 0 | BE30: =P29+R29+T29+V29+X29+Z29+AB29+AD29+AF29+AH29+AJ29+AL29+AN29+AP29+AR29+AT29+AV29+B30+D30+F30+H30+J30+L30+N30 -> 0 | BF30: =Q29+S29+U29+W29+Y29+AA29+AC29+AE29+AG29+AI29+AK29+AM29+AO29+AQ29+AS29+AU29+AW29+C30+E30+G30+I30+K30+M30+O30 -> 0 | BG30: =junho!$BE31 -> 0 | BI30: =IF(BH30>0,1,0) -> 0
A31: 23 | AX31: 23 | AY31: =B31+D31+F31+H31+J31+L31+N31+P31+R31+T31+V31+X31+Z31+AB31+AD31+AF31+AH31+AJ31+AL31+AN31+AP31+AR31+AT31+AV31 -> 0 | AZ31: =C31+E31+G31+I31+K31+M31+O31+Q31+S31+U31+W31+Y31+AA31+AC31+AE31+AG31+AI31+AK31+AM31+AO31+AQ31+AS31+AU31+AW31 -> 0 | BA31: =MAX(B31,D31,F31,H31,J31,L31,N31,P31,R31,T31,V31,X31,Z31,AB31,AD31,AF31,AH31,AJ31,AL31,AN31,AP31,AR31,AT31,AV31) -> 0 | BB31: =COUNT(B31,D31,F31,H31,J31,L31,N31,P31,R31,T31,V31,X31,Z31,AB31,AD31,AF31,AH31,AJ31,AL31,AN31,AP31,AR31,AT31,AV31) -> 0 | BD31: =IF(BB31>0,1,0) -> 0 | BE31: =P30+R30+T30+V30+X30+Z30+AB30+AD30+AF30+AH30+AJ30+AL30+AN30+AP30+AR30+AT30+AV30+B31+D31+F31+H31+J31+L31+N31 -> 0 | BF31: =Q30+S30+U30+W30+Y30+AA30+AC30+AE30+AG30+AI30+AK30+AM30+AO30+AQ30+AS30+AU30+AW30+C31+E31+G31+I31+K31+M31+O31 -> 0 | BG31: =junho!$BE32 -> 0 | BI31: =IF(BH31>0,1,0) -> 0
A32: 24 | AX32: 24 | AY32: =B32+D32+F32+H32+J32+L32+N32+P32+R32+T32+V32+X32+Z32+AB32+AD32+AF32+AH32+AJ32+AL32+AN32+AP32+AR32+AT32+AV32 -> 0 | AZ32: =C32+E32+G32+I32+K32+M32+O32+Q32+S32+U32+W32+Y32+AA32+AC32+AE32+AG32+AI32+AK32+AM32+AO32+AQ32+AS32+AU32+AW32 -> 0 | BA32: =MAX(B32,D32,F32,H32,J32,L32,N32,P32,R32,T32,V32,X32,Z32,AB32,AD32,AF32,AH32,AJ32,AL32,AN32,AP32,AR32,AT32,AV32) -> 0 | BB32: =COUNT(B32,D32,F32,H32,J32,L32,N32,P32,R32,T32,V32,X32,Z32,AB32,AD32,AF32,AH32,AJ32,AL32,AN32,AP32,AR32,AT32,AV32) -> 0 | BD32: =IF(BB32>0,1,0) -> 0 | BE32: =P31+R31+T31+V31+X31+Z31+AB31+AD31+AF31+AH31+AJ31+AL31+AN31+AP31+AR31+AT31+AV31+B32+D32+F32+H32+J32+L32+N32 -> 0 | BF32: =Q31+S31+U31+W31+Y31+AA31+AC31+AE31+AG31+AI31+AK31+AM31+AO31+AQ31+AS31+AU31+AW31+C32+E32+G32+I32+K32+M32+O32 -> 0 | BG32: =junho!$BE33 -> 0 | BI32: =IF(BH32>0,1,0) -> 0
A33: 25 | P33: 0.1 | Q33: 30 | AB33: 0.1 | AC33: 25 | AD33: 0.1 | AE33: 10 | AX33: 25 | AY33: =B33+D33+F33+H33+J33+L33+N33+P33+R33+T33+V33+X33+Z33+AB33+AD33+AF33+AH33+AJ33+AL33+AN33+AP33+AR33+AT33+AV33 -> 0.3 | AZ33: =C33+E33+G33+I33+K33+M33+O33+Q33+S33+U33+W33+Y33+AA33+AC33+AE33+AG33+AI33+AK33+AM33+AO33+AQ33+AS33+AU33+AW33 -> 65 | BA33: =MAX(B33,D33,F33,H33,J33,L33,N33,P33,R33,T33,V33,X33,Z33,AB33,AD33,AF33,AH33,AJ33,AL33,AN33,AP33,AR33,AT33,AV33) -> 0.1 | BB33: =COUNT(B33,D33,F33,H33,J33,L33,N33,P33,R33,T33,V33,X33,Z33,AB33,AD33,AF33,AH33,AJ33,AL33,AN33,AP33,AR33,AT33,AV33) -> 3 | BD33: =IF(BB33>0,1,0) -> 1 | BE33: =P32+R32+T32+V32+X32+Z32+AB32+AD32+AF32+AH32+AJ32+AL32+AN32+AP32+AR32+AT32+AV32+B33+D33+F33+H33+J33+L33+N33 -> 0 | BF33: =Q32+S32+U32+W32+Y32+AA32+AC32+AE32+AG32+AI32+AK32+AM32+AO32+AQ32+AS32+AU32+AW32+C33+E33+G33+I33+K33+M33+O33 -> 0 | BG33: =junho!$BE34 -> 0.3 | BI33: =IF(BH33>0,1,0) -> 0
A34: 26 | AX34: 26 | AY34: =B34+D34+F34+H34+J34+L34+N34+P34+R34+T34+V34+X34+Z34+AB34+AD34+AF34+AH34+AJ34+AL34+AN34+AP34+AR34+AT34+AV34 -> 0 | AZ34: =C34+E34+G34+I34+K34+M34+O34+Q34+S34+U34+W34+Y34+AA34+AC34+AE34+AG34+AI34+AK34+AM34+AO34+AQ34+AS34+AU34+AW34 -> 0 | BA34: =MAX(B34,D34,F34,H34,J34,L34,N34,P34,R34,T34,V34,X34,Z34,AB34,AD34,AF34,AH34,AJ34,AL34,AN34,AP34,AR34,AT34,AV34) -> 0 | BB34: =COUNT(B34,D34,F34,H34,J34,L34,N34,P34,R34,T34,V34,X34,Z34,AB34,AD34,AF34,AH34,AJ34,AL34,AN34,AP34,AR34,AT34,AV34) -> 0 | BD34: =IF(BB34>0,1,0) -> 0 | BE34: =P33+R33+T33+V33+X33+Z33+AB33+AD33+AF33+AH33+AJ33+AL33+AN33+AP33+AR33+AT33+AV33+B34+D34+F34+H34+J34+L34+N34 -> 0.3 | BF34: =Q33+S33+U33+W33+Y33+AA33+AC33+AE33+AG33+AI33+AK33+AM33+AO33+AQ33+AS33+AU33+AW33+C34+E34+G34+I34+K34+M34+O34 -> 65 | BG34: =junho!$BE35 -> 0 | BI34: =IF(BH34>0,1,0) -> 0
A35: 27 | AX35: 27 | AY35: =B35+D35+F35+H35+J35+L35+N35+P35+R35+T35+V35+X35+Z35+AB35+AD35+AF35+AH35+AJ35+AL35+AN35+AP35+AR35+AT35+AV35 -> 0 | AZ35: =C35+E35+G35+I35+K35+M35+O35+Q35+S35+U35+W35+Y35+AA35+AC35+AE35+AG35+AI35+AK35+AM35+AO35+AQ35+AS35+AU35+AW35 -> 0 | BA35: =MAX(B35,D35,F35,H35,J35,L35,N35,P35,R35,T35,V35,X35,Z35,AB35,AD35,AF35,AH35,AJ35,AL35,AN35,AP35,AR35,AT35,AV35) -> 0 | BB35: =COUNT(B35,D35,F35,H35,J35,L35,N35,P35,R35,T35,V35,X35,Z35,AB35,AD35,AF35,AH35,AJ35,AL35,AN35,AP35,AR35,AT35,AV35) -> 0 | BD35: =IF(BB35>0,1,0) -> 0 | BE35: =P34+R34+T34+V34+X34+Z34+AB34+AD34+AF34+AH34+AJ34+AL34+AN34+AP34+AR34+AT34+AV34+B35+D35+F35+H35+J35+L35+N35 -> 0 | BF35: =Q34+S34+U34+W34+Y34+AA34+AC34+AE34+AG34+AI34+AK34+AM34+AO34+AQ34+AS34+AU34+AW34+C35+E35+G35+I35+K35+M35+O35 -> 0 | BG35: =junho!$BE36 -> 0 | BI35: =IF(BH35>0,1,0) -> 0
A36: 28 | AX36: 28 | AY36: =B36+D36+F36+H36+J36+L36+N36+P36+R36+T36+V36+X36+Z36+AB36+AD36+AF36+AH36+AJ36+AL36+AN36+AP36+AR36+AT36+AV36 -> 0 | AZ36: =C36+E36+G36+I36+K36+M36+O36+Q36+S36+U36+W36+Y36+AA36+AC36+AE36+AG36+AI36+AK36+AM36+AO36+AQ36+AS36+AU36+AW36 -> 0 | BA36: =MAX(B36,D36,F36,H36,J36,L36,N36,P36,R36,T36,V36,X36,Z36,AB36,AD36,AF36,AH36,AJ36,AL36,AN36,AP36,AR36,AT36,AV36) -> 0 | BB36: =COUNT(B36,D36,F36,H36,J36,L36,N36,P36,R36,T36,V36,X36,Z36,AB36,AD36,AF36,AH36,AJ36,AL36,AN36,AP36,AR36,AT36,AV36) -> 0 | BD36: =IF(BB36>0,1,0) -> 0 | BE36: =P35+R35+T35+V35+X35+Z35+AB35+AD35+AF35+AH35+AJ35+AL35+AN35+AP35+AR35+AT35+AV35+B36+D36+F36+H36+J36+L36+N36 -> 0 | BF36: =Q35+S35+U35+W35+Y35+AA35+AC35+AE35+AG35+AI35+AK35+AM35+AO35+AQ35+AS35+AU35+AW35+C36+E36+G36+I36+K36+M36+O36 -> 0 | BG36: =junho!$BE37 -> 0 | BI36: =IF(BH36>0,1,0) -> 0
A37: 29 | AP37: 0.1 | AQ37: 40 | AX37: 29 | AY37: =B37+D37+F37+H37+J37+L37+N37+P37+R37+T37+V37+X37+Z37+AB37+AD37+AF37+AH37+AJ37+AL37+AN37+AP37+AR37+AT37+AV37 -> 0.1 | AZ37: =C37+E37+G37+I37+K37+M37+O37+Q37+S37+U37+W37+Y37+AA37+AC37+AE37+AG37+AI37+AK37+AM37+AO37+AQ37+AS37+AU37+AW37 -> 40 | BA37: =MAX(B37,D37,F37,H37,J37,L37,N37,P37,R37,T37,V37,X37,Z37,AB37,AD37,AF37,AH37,AJ37,AL37,AN37,AP37,AR37,AT37,AV37) -> 0.1 | BB37: =COUNT(B37,D37,F37,H37,J37,L37,N37,P37,R37,T37,V37,X37,Z37,AB37,AD37,AF37,AH37,AJ37,AL37,AN37,AP37,AR37,AT37,AV37) -> 1 | BD37: =IF(BB37>0,1,0) -> 1 | BE37: =P36+R36+T36+V36+X36+Z36+AB36+AD36+AF36+AH36+AJ36+AL36+AN36+AP36+AR36+AT36+AV36+B37+D37+F37+H37+J37+L37+N37 -> 0 | BF37: =Q36+S36+U36+W36+Y36+AA36+AC36+AE36+AG36+AI36+AK36+AM36+AO36+AQ36+AS36+AU36+AW36+C37+E37+G37+I37+K37+M37+O37 -> 0 | BG37: =junho!$BE38 -> 0.4 | BI37: =IF(BH37>0,1,0) -> 0
A38: 30 | B38: 0.2 | C38: 25 | D38: 0.1 | E38: 60 | AX38: 30 | AY38: =B38+D38+F38+H38+J38+L38+N38+P38+R38+T38+V38+X38+Z38+AB38+AD38+AF38+AH38+AJ38+AL38+AN38+AP38+AR38+AT38+AV38 -> 0.3 | AZ38: =C38+E38+G38+I38+K38+M38+O38+Q38+S38+U38+W38+Y38+AA38+AC38+AE38+AG38+AI38+AK38+AM38+AO38+AQ38+AS38+AU38+AW38 -> 85 | BA38: =MAX(B38,D38,F38,H38,J38,L38,N38,P38,R38,T38,V38,X38,Z38,AB38,AD38,AF38,AH38,AJ38,AL38,AN38,AP38,AR38,AT38,AV38) -> 0.2 | BB38: =COUNT(B38,D38,F38,H38,J38,L38,N38,P38,R38,T38,V38,X38,Z38,AB38,AD38,AF38,AH38,AJ38,AL38,AN38,AP38,AR38,AT38,AV38) -> 2 | BD38: =IF(BB38>0,1,0) -> 1 | BE38: =P37+R37+T37+V37+X37+Z37+AB37+AD37+AF37+AH37+AJ37+AL37+AN37+AP37+AR37+AT37+AV37+B38+D38+F38+H38+J38+L38+N38 -> 0.4 | BF38: =Q37+S37+U37+W37+Y37+AA37+AC37+AE37+AG37+AI37+AK37+AM37+AO37+AQ37+AS37+AU37+AW37+C38+E38+G38+I38+K38+M38+O38 -> 125 | BG38: =junho!$BH40 -> 0 | BI38: =IF(BH38>0,1,0) -> 0
A39: 1 | BH39: 44013
AY40: VALORES MENSAIS | BD40: TOTAL | BE40: =SUM(BE9:BE39) -> 1.9 | BH40: =P38+R38+T38+V38+X38+Z38+AB38+AD38+AF38+AH38+AJ38+AL38+AN38+AP38+AR38+AT38+AV38+B39+D39+F39+H39+J39+L39+N39 -> 0
B41: 0 - 1 | D41: 1 - 2 | F41: 2 - 3 | H41: 3 - 4 | J41: 4 - 5 | L41: 5 - 6 | N41: 6 - 7 | P41: 7 - 8 | R41: 8 - 9 | T41: 9 - 10 | V41: 10 - 11 | X41: 11 - 12 | Z41: 12 - 13 | AB41: 13 - 14 | AD41: 14 - 15 | AF41: 15 - 16 | AH41: 16 - 17 | AJ41: 17 - 18 | AL41: 18 - 19 | AN41: 19 - 20 | AP41: 20 - 21 | AR41: 21 - 22 | AT41: 22 - 23 | AV41: 23 - 24 | AY41: Altura | AZ41: Duração | BA41: Máxima | BB41: Horas | BD41: MÁXIMO | BE41: =MAX(BE9:BE39) -> 0.5
B42: ALT. | C42: DUR. | D42: ALT. | E42: DUR. | F42: ALT. | G42: DUR. | H42: ALT. | I42: DUR. | J42: ALT. | K42: DUR. | L42: ALT. | M42: DUR. | N42: ALT. | O42: DUR. | P42: ALT. | Q42: DUR. | R42: ALT. | S42: DUR. | T42: ALT. | U42: DUR. | V42: ALT. | W42: DUR. | X42: ALT. | Y42: DUR. | Z42: ALT. | AA42: DUR. | AB42: ALT. | AC42: DUR. | AD42: ALT. | AE42: DUR. | AF42: ALT. | AG42: DUR. | AH42: ALT. | AI42: DUR. | AJ42: ALT. | AK42: DUR. | AL42: ALT. | AM42: DUR. | AN42: ALT. | AO42: DUR. | AP42: ALT. | AQ42: DUR. | AR42: ALT. | AS42: DUR. | AT42: ALT. | AU42: DUR. | AV42: ALT. | AW42: DUR. | AY42: Total | AZ42: total | BA42: altura | BB42: com | BD42: DIAS >=1 | BE42: =COUNTIF(BE9:BE39,">=1") -> 0
A43: A | B43: =SUM(B9:B38) -> 0.3 | D43: =SUM(D9:D38) -> 0.1 | F43: =SUM(F9:F38) -> 0 | H43: =SUM(H9:H38) -> 0 | J43: =SUM(J9:J38) -> 0.1 | L43: =SUM(L9:L38) -> 0.1 | N43: =SUM(N9:N38) -> 0.4 | P43: =SUM(P9:P38) -> 0.2 | R43: =SUM(R9:R38) -> 0 | T43: =SUM(T9:T38) -> 0 | V43: =SUM(V9:V38) -> 0.3 | X43: =SUM(X9:X38) -> 0 | Z43: =SUM(Z9:Z38) -> 0.1 | AB43: =SUM(AB9:AB38) -> 0.1 | AD43: =SUM(AD9:AD38) -> 0.1 | AF43: =SUM(AF9:AF38) -> 0 | AH43: =SUM(AH9:AH38) -> 0 | AJ43: =SUM(AJ9:AJ38) -> 0 | AL43: =SUM(AL9:AL38) -> 0 | AN43: =SUM(AN9:AN38) -> 0 | AP43: =SUM(AP9:AP38) -> 0.1 | AR43: =SUM(AR9:AR38) -> 0 | AT43: =SUM(AT9:AT38) -> 0 | AV43: =SUM(AV9:AV38) -> 0 | AY43: (mm) | AZ43: (min) | BA43: horária | BB43: chuva
A44: D | C44: =SUM(C9:C38) -> 85 | E44: =SUM(E9:E38) -> 60 | G44: =SUM(G9:G38) -> 0 | I44: =SUM(I9:I38) -> 0 | K44: =SUM(K9:K38) -> 60 | M44: =SUM(M9:M38) -> 60 | O44: =SUM(O9:O38) -> 240 | Q44: =SUM(Q9:Q38) -> 40 | S44: =SUM(S9:S38) -> 0 | U44: =SUM(U9:U38) -> 0 | W44: =SUM(W9:W38) -> 25 | Y44: =SUM(Y9:Y38) -> 0 | AA44: =SUM(AA9:AA38) -> 5 | AC44: =SUM(AC9:AC38) -> 25 | AE44: =SUM(AE9:AE38) -> 10 | AG44: =SUM(AG9:AG38) -> 0 | AI44: =SUM(AI9:AI38) -> 0 | AK44: =SUM(AK9:AK38) -> 0 | AM44: =SUM(AM9:AM38) -> 0 | AO44: =SUM(AO9:AO38) -> 0 | AQ44: =SUM(AQ9:AQ38) -> 40 | AS44: =SUM(AS9:AS38) -> 0 | AU44: =SUM(AU9:AU38) -> 0 | AW44: =SUM(AW9:AW38) -> 0 | AY44: =AY9+AY10+AY11+AY12+AY13+AY14+AY15+AY16+AY17+AY18+AY19+AY20+AY21+AY22+AY23+AY24+AY25+AY26+AY27+AY28+AY29+AY30+AY31+AY32+AY33+AY34+AY35+AY36+AY37+AY38 -> 1.9 | AZ44: =AZ9+AZ10+AZ11+AZ12+AZ13+AZ14+AZ15+AZ16+AZ17+AZ18+AZ19+AZ20+AZ21+AZ22+AZ23+AZ24+AZ25+AZ26+AZ27+AZ28+AZ29+AZ30+AZ31+AZ32+AZ33+AZ34+AZ35+AZ36+AZ37+AZ38 -> 650 | BA44: =MAX(BA9:BA38) -> 0.3 | BB44: =SUM(BB8:BB38) -> 16
A45: F | B45: =COUNT(B9:B38) -> 2 | D45: =COUNT(D9:D38) -> 1 | F45: =COUNT(F9:F38) -> 0 | H45: =COUNT(H9:H38) -> 0 | J45: =COUNT(J9:J38) -> 1 | L45: =COUNT(L9:L38) -> 1 | N45: =COUNT(N9:N38) -> 4 | P45: =COUNT(P9:P38) -> 2 | R45: =COUNT(R9:R38) -> 0 | T45: =COUNT(T9:T38) -> 0 | V45: =COUNT(V9:V38) -> 1 | X45: =COUNT(X9:X38) -> 0 | Z45: =COUNT(Z9:Z38) -> 1 | AB45: =COUNT(AB9:AB38) -> 1 | AD45: =COUNT(AD9:AD38) -> 1 | AF45: =COUNT(AF9:AF38) -> 0 | AH45: =COUNT(AH9:AH38) -> 0 | AJ45: =COUNT(AJ9:AJ38) -> 0 | AL45: =COUNT(AL9:AL38) -> 0 | AN45: =COUNT(AN9:AN38) -> 0 | AP45: =COUNT(AP9:AP38) -> 1 | AR45: =COUNT(AR9:AR38) -> 0 | AT45: =COUNT(AT9:AT38) -> 0 | AV45: =COUNT(AV9:AV38) -> 0 | AY45: Normal | AZ45: 1933-2002 | BB45: Dias
AY46: =[1]ano!H44 -> 50.681571 | BB46: com
B47: A = Altura mensal neste horário (mm) | AY47: Desvio | BB47: chuva
B48: D = Duração (minutos com chuva no mês neste horário) | AY48: =AY44-AY46 -> -48.781571 | BB48: =SUM(BD9:BD38) -> 9
B49: F = Freqüência (dias com chuva no mês neste horário)

Sheet julho
B1: JULHO DE 2024 | J1: INSTITUTO ASTRONÔMICO E GEOFÍSICO DA UNIVERSIDADE DE SÃO PAULO
B2: DIGITADO POR EDVALDO GOMES
B3: VERIFICADO POR EDVALDO GOMES | M3: RESULTADOS EXTRAÍDOS DE PLUVIOGRAMA DIÁRIO (mm DE CHUVA)
AY4: VALORES DIÁRIOS | BE4: VALORES DIÁRIOS
AY5: (de 00h a 24h) | BE5: DAEE | BF5: DESVIO | BG5: EMAE
AY6: Altura | AZ6: Duração | BA6: Máxima | BE6: Altura | BG6: Máxima
A7: H. | B7: 0 - 1 | D7: 1 - 2 | F7: 2 - 3 | H7: 3 - 4 | J7: 4 - 5 | L7: 5 - 6 | N7: 6 - 7 | P7: 7 - 8 | R7: 8 - 9 | T7: 9 - 10 | V7: 10 - 11 | X7: 11 - 12 | Z7: 12 - 13 | AB7: 13 - 14 | AD7: 14 - 15 | AF7: 15 - 16 | AH7: 16 - 17 | AJ7: 17 - 18 | AL7: 18 - 19 | AN7: 19 - 20 | AP7: 20 - 21 | AR7: 21 - 22 | AT7: 22 - 23 | AV7: 23 - 24 | AX7: H. | AY7: total | AZ7: total | BA7: altura | BB7: Freq. | BE7: total | BG7: altura
A8: D. | B8: ALT. | C8: DUR. | D8: ALT. | E8: DUR. | F8: ALT. | G8: DUR. | H8: ALT. | I8: DUR. | J8: ALT. | K8: DUR. | L8: ALT. | M8: DUR. | N8: ALT. | O8: DUR. | P8: ALT. | Q8: DUR. | R8: ALT. | S8: DUR. | T8: ALT. | U8: DUR. | V8: ALT. | W8: DUR. | X8: ALT. | Y8: DUR. | Z8: ALT. | AA8: DUR. | AB8: ALT. | AC8: DUR. | AD8: ALT. | AE8: DUR. | AF8: ALT. | AG8: DUR. | AH8: ALT. | AI8: DUR. | AJ8: ALT. | AK8: DUR. | AL8: ALT. | AM8: DUR. | AN8: ALT. | AO8: DUR. | AP8: ALT. | AQ8: DUR. | AR8: ALT. | AS8: DUR. | AT8: ALT. | AU8: DUR. | AV8: ALT. | AW8: DUR. | AX8: D. | AY8: (mm) | AZ8: (min) | BA8: horária | BB8: (horas) | BE8: (mm) | BG8: horária | BH8: (horas)
A9: 1 | AX9: 1 | AY9: =B9+D9+F9+H9+J9+L9+N9+P9+R9+T9+V9+X9+Z9+AB9+AD9+AF9+AH9+AJ9+AL9+AN9+AP9+AR9+AT9+AV9 -> 0 | AZ9: =C9+E9+G9+I9+K9+M9+O9+Q9+S9+U9+W9+Y9+AA9+AC9+AE9+AG9+AI9+AK9+AM9+AO9+AQ9+AS9+AU9+AW9 -> 0 | BA9: =MAX(B9,D9,F9,H9,J9,L9,N9,P9,R9,T9,V9,X9,Z9,AB9,AD9,AF9,AH9,AJ9,AL9,AN9,AP9,AR9,AT9,AV9) -> 0 | BB9: =COUNT(B9,D9,F9,H9,J9,L9,N9,P9,R9,T9,V9,X9,Z9,AB9,AD9,AF9,AH9,AJ9,AL9,AN9,AP9,AR9,AT9,AV9) -> 0 | BD9: =IF(BB9>0,1,0) -> 0 | BE9: =junho!$BH40 -> 0 | BF9: 39263 | BG9: =julho!$BE10 -> 0 | BI9: =IF(BH9>0,1,0) -> 0
A10: 2 | AX10: 2 | AY10: =B10+D10+F10+H10+J10+L10+N10+P10+R10+T10+V10+X10+Z10+AB10+AD10+AF10+AH10+AJ10+AL10+AN10+AP10+AR10+AT10+AV10 -> 0 | AZ10: =C10+E10+G10+I10+K10+M10+O10+Q10+S10+U10+W10+Y10+AA10+AC10+AE10+AG10+AI10+AK10+AM10+AO10+AQ10+AS10+AU10+AW10 -> 0 | BA10: =MAX(B10,D10,F10,H10,J10,L10,N10,P10,R10,T10,V10,X10,Z10,AB10,AD10,AF10,AH10,AJ10,AL10,AN10,AP10,AR10,AT10,AV10) -> 0 | BB10: =COUNT(B10,D10,F10,H10,J10,L10,N10,P10,R10,T10,V10,X10,Z10,AB10,AD10,AF10,AH10,AJ10,AL10,AN10,AP10,AR10,AT10,AV10) -> 0 | BD10: =IF(BB10>0,1,0) -> 0 | BE10: =P9+R9+T9+V9+X9+Z9+AB9+AD9+AF9+AH9+AJ9+AL9+AN9+AP9+AR9+AT9+AV9+B10+D10+F10+H10+J10+L10+N10 -> 0 | BG10: =julho!$BE11 -> 0 | BI10: =IF(BH10>0,1,0) -> 0
A11: 3 | AX11: 3 | AY11: =B11+D11+F11+H11+J11+L11+N11+P11+R11+T11+V11+X11+Z11+AB11+AD11+AF11+AH11+AJ11+AL11+AN11+AP11+AR11+AT11+AV11 -> 0 | AZ11: =C11+E11+G11+I11+K11+M11+O11+Q11+S11+U11+W11+Y11+AA11+AC11+AE11+AG11+AI11+AK11+AM11+AO11+AQ11+AS11+AU11+AW11 -> 0 | BA11: =MAX(B11,D11,F11,H11,J11,L11,N11,P11,R11,T11,V11,X11,Z11,AB11,AD11,AF11,AH11,AJ11,AL11,AN11,AP11,AR11,AT11,AV11) -> 0 | BB11: =COUNT(B11,D11,F11,H11,J11,L11,N11,P11,R11,T11,V11,X11,Z11,AB11,AD11,AF11,AH11,AJ11,AL11,AN11,AP11,AR11,AT11,AV11) -> 0 | BD11: =IF(BB11>0,1,0) -> 0 | BE11: =P10+R10+T10+V10+X10+Z10+AB10+AD10+AF10+AH10+AJ10+AL10+AN10+AP10+AR10+AT10+AV10+B11+D11+F11+H11+J11+L11+N11 -> 0 | BG11: =julho!$BE12 -> 0 | BI11: =IF(BH11>0,1,0) -> 0
A12: 4 | AX12: 4 | AY12: =B12+D12+F12+H12+J12+L12+N12+P12+R12+T12+V12+X12+Z12+AB12+AD12+AF12+AH12+AJ12+AL12+AN12+AP12+AR12+AT12+AV12 -> 0 | AZ12: =C12+E12+G12+I12+K12+M12+O12+Q12+S12+U12+W12+Y12+AA12+AC12+AE12+AG12+AI12+AK12+AM12+AO12+AQ12+AS12+AU12+AW12 -> 0 | BA12: =MAX(B12,D12,F12,H12,J12,L12,N12,P12,R12,T12,V12,X12,Z12,AB12,AD12,AF12,AH12,AJ12,AL12,AN12,AP12,AR12,AT12,AV12) -> 0 | BB12: =COUNT(B12,D12,F12,H12,J12,L12,N12,P12,R12,T12,V12,X12,Z12,AB12,AD12,AF12,AH12,AJ12,AL12,AN12,AP12,AR12,AT12,AV12) -> 0 | BD12: =IF(BB12>0,1,0) -> 0 | BE12: =P11+R11+T11+V11+X11+Z11+AB11+AD11+AF11+AH11+AJ11+AL11+AN11+AP11+AR11+AT11+AV11+B12+D12+F12+H12+J12+L12+N12 -> 0 | BG12: =julho!$BE13 -> 0 | BI12: =IF(BH12>0,1,0) -> 0
A13: 5 | AX13: 5 | AY13: =B13+D13+F13+H13+J13+L13+N13+P13+R13+T13+V13+X13+Z13+AB13+AD13+AF13+AH13+AJ13+AL13+AN13+AP13+AR13+AT13+AV13 -> 0 | AZ13: =C13+E13+G13+I13+K13+M13+O13+Q13+S13+U13+W13+Y13+AA13+AC13+AE13+AG13+AI13+AK13+AM13+AO13+AQ13+AS13+AU13+AW13 -> 0 | BA13: =MAX(B13,D13,F13,H13,J13,L13,N13,P13,R13,T13,V13,X13,Z13,AB13,AD13,AF13,AH13,AJ13,AL13,AN13,AP13,AR13,AT13,AV13) -> 0 | BB13: =COUNT(B13,D13,F13,H13,J13,L13,N13,P13,R13,T13,V13,X13,Z13,AB13,AD13,AF13,AH13,AJ13,AL13,AN13,AP13,AR13,AT13,AV13) -> 0 | BD13: =IF(BB13>0,1,0) -> 0 | BE13: =P12+R12+T12+V12+X12+Z12+AB12+AD12+AF12+AH12+AJ12+AL12+AN12+AP12+AR12+AT12+AV12+B13+D13+F13+H13+J13+L13+N13 -> 0 | BG13: =julho!$BE14 -> 0 | BI13: =IF(BH13>0,1,0) -> 0
A14: 6 | AX14: 6 | AY14: =B14+D14+F14+H14+J14+L14+N14+P14+R14+T14+V14+X14+Z14+AB14+AD14+AF14+AH14+AJ14+AL14+AN14+AP14+AR14+AT14+AV14 -> 0 | AZ14: =C14+E14+G14+I14+K14+M14+O14+Q14+S14+U14+W14+Y14+AA14+AC14+AE14+AG14+AI14+AK14+AM14+AO14+AQ14+AS14+AU14+AW14 -> 0 | BA14: =MAX(B14,D14,F14,H14,J14,L14,N14,P14,R14,T14,V14,X14,Z14,AB14,AD14,AF14,AH14,AJ14,AL14,AN14,AP14,AR14,AT14,AV14) -> 0 | BB14: =COUNT(B14,D14,F14,H14,J14,L14,N14,P14,R14,T14,V14,X14,Z14,AB14,AD14,AF14,AH14,AJ14,AL14,AN14,AP14,AR14,AT14,AV14) -> 0 | BD14: =IF(BB14>0,1,0) -> 0 | BE14: =P13+R13+T13+V13+X13+Z13+AB13+AD13+AF13+AH13+AJ13+AL13+AN13+AP13+AR13+AT13+AV13+B14+D14+F14+H14+J14+L14+N14 -> 0 | BG14: =julho!$BE15 -> 0 | BI14: =IF(BH14>0,1,0) -> 0
A15: 7 | AX15: 7 | AY15: =B15+D15+F15+H15+J15+L15+N15+P15+R15+T15+V15+X15+Z15+AB15+AD15+AF15+AH15+AJ15+AL15+AN15+AP15+AR15+AT15+AV15 -> 0 | AZ15: =C15+E15+G15+I15+K15+M15+O15+Q15+S15+U15+W15+Y15+AA15+AC15+AE15+AG15+AI15+AK15+AM15+AO15+AQ15+AS15+AU15+AW15 -> 0 | BA15: =MAX(B15,D15,F15,H15,J15,L15,N15,P15,R15,T15,V15,X15,Z15,AB15,AD15,AF15,AH15,AJ15,AL15,AN15,AP15,AR15,AT15,AV15) -> 0 | BB15: =COUNT(B15,D15,F15,H15,J15,L15,N15,P15,R15,T15,V15,X15,Z15,AB15,AD15,AF15,AH15,AJ15,AL15,AN15,AP15,AR15,AT15,AV15) -> 0 | BD15: =IF(BB15>0,1,0) -> 0 | BE15: =P14+R14+T14+V14+X14+Z14+AB14+AD14+AF14+AH14+AJ14+AL14+AN14+AP14+AR14+AT14+AV14+B15+D15+F15+H15+J15+L15+N15 -> 0 | BG15: =julho!$BE16 -> 0 | BI15: =IF(BH15>0,1,0) -> 0
A16: 8 | V16: 1 | W16: 15 | X16: 0.1 | Y16: 5 | AD16: 1 | AE16: 5 | AH16: 0.2 | AI16: 5 | AJ16: 0.7 | AK16: 20 | AL16: 0.2 | AM16: 25 | AN16: 0.2 | AO16: 20 | AR16: 1.8 | AS16: 60 | AT16: 1 | AU16: 35 | AV16: 2.8 | AW16: 60 | AX16: 8 | AY16: =B16+D16+F16+H16+J16+L16+N16+P16+R16+T16+V16+X16+Z16+AB16+AD16+AF16+AH16+AJ16+AL16+AN16+AP16+AR16+AT16+AV16 -> 9 | AZ16: =C16+E16+G16+I16+K16+M16+O16+Q16+S16+U16+W16+Y16+AA16+AC16+AE16+AG16+AI16+AK16+AM16+AO16+AQ16+AS16+AU16+AW16 -> 250 | BA16: =MAX(B16,D16,F16,H16,J16,L16,N16,P16,R16,T16,V16,X16,Z16,AB16,AD16,AF16,AH16,AJ16,AL16,AN16,AP16,AR16,AT16,AV16) -> 2.8 | BB16: =COUNT(B16,D16,F16,H16,J16,L16,N16,P16,R16,T16,V16,X16,Z16,AB16,AD16,AF16,AH16,AJ16,AL16,AN16,AP16,AR16,AT16,AV16) -> 10 | BD16: =IF(BB16>0,1,0) -> 1 | BE16: =P15+R15+T15+V15+X15+Z15+AB15+AD15+AF15+AH15+AJ15+AL15+AN15+AP15+AR15+AT15+AV15+B16+D16+F16+H16+J16+L16+N16 -> 0 | BG16: =julho!$BE17 -> 28 | BI16: =IF(BH16>0,1,0) -> 0
A17: 9 | B17: 2.6 | C17: 60 | D17: 5.5 | E17: 60 | F17: 1.5 | G17: 45 | H17: 2.2 | I17: 60 | L17: 0.1 | M17: 10 | N17: 7.1 | O17: 60 | P17: 0.2 | Q17: 5 | T17: 0.5 | U17: 20 | V17: 1.4 | W17: 60 | X17: 1.3 | Y17: 60 | Z17: 1.3 | AA17: 45 | AB17: 3.1 | AC17: 55 | AD17: 2.8 | AE17: 60 | AF17: 1.1 | AG17: 60 | AH17: 0.9 | AI17: 60 | AJ17: 0.3 | AK17: 10 | AL17: 0.1 | AM17: 25 | AN17: 1.6 | AO17: 60 | AP17: 4.3 | AQ17: 50 | AR17: 1.1 | AS17: 40 | AV17: 0.2 | AW17: 10 | AX17: 9 | AY17: =B17+D17+F17+H17+J17+L17+N17+P17+R17+T17+V17+X17+Z17+AB17+AD17+AF17+AH17+AJ17+AL17+AN17+AP17+AR17+AT17+AV17 -> 39.2 | AZ17: =C17+E17+G17+I17+K17+M17+O17+Q17+S17+U17+W17+Y17+AA17+AC17+AE17+AG17+AI17+AK17+AM17+AO17+AQ17+AS17+AU17+AW17 -> 915 | BA17: =MAX(B17,D17,F17,H17,J17,L17,N17,P17,R17,T17,V17,X17,Z17,AB17,AD17,AF17,AH17,AJ17,AL17,AN17,AP17,AR17,AT17,AV17) -> 7.1 | BB17: =COUNT(B17,D17,F17,H17,J17,L17,N17,P17,R17,T17,V17,X17,Z17,AB17,AD17,AF17,AH17,AJ17,AL17,AN17,AP17,AR17,AT17,AV17) -> 21 | BD17: =IF(BB17>0,1,0) -> 1 | BE17: =P16+R16+T16+V16+X16+Z16+AB16+AD16+AF16+AH16+AJ16+AL16+AN16+AP16+AR16+AT16+AV16+B17+D17+F17+H17+J17+L17+N17 -> 28 | BG17: =julho!$BE18 -> 34.3 | BI17: =IF(BH17>0,1,0) -> 0
A18: 10 | B18: 6.9 | C18: 60 | D18: 3.5 | E18: 60 | F18: 1.6 | G18: 35 | H18: 0.5 | I18: 10 | N18: 1.6 | O18: 25 | AX18: 10 | AY18: =B18+D18+F18+H18+J18+L18+N18+P18+R18+T18+V18+X18+Z18+AB18+AD18+AF18+AH18+AJ18+AL18+AN18+AP18+AR18+AT18+AV18 -> 14.1 | AZ18: =C18+E18+G18+I18+K18+M18+O18+Q18+S18+U18+W18+Y18+AA18+AC18+AE18+AG18+AI18+AK18+AM18+AO18+AQ18+AS18+AU18+AW18 -> 190 | BA18: =MAX(B18,D18,F18,H18,J18,L18,N18,P18,R18,T18,V18,X18,Z18,AB18,AD18,AF18,AH18,AJ18,AL18,AN18,AP18,AR18,AT18,AV18) -> 6.9 | BB18: =COUNT(B18,D18,F18,H18,J18,L18,N18,P18,R18,T18,V18,X18,Z18,AB18,AD18,AF18,AH18,AJ18,AL18,AN18,AP18,AR18,AT18,AV18) -> 5 | BD18: =IF(BB18>0,1,0) -> 1 | BE18: =P17+R17+T17+V17+X17+Z17+AB17+AD17+AF17+AH17+AJ17+AL17+AN17+AP17+AR17+AT17+AV17+B18+D18+F18+H18+J18+L18+N18 -> 34.3 | BG18: =julho!$BE19 -> 0 | BI18: =IF(BH18>0,1,0) -> 0
A19: 11 | AX19: 11 | AY19: =B19+D19+F19+H19+J19+L19+N19+P19+R19+T19+V19+X19+Z19+AB19+AD19+AF19+AH19+AJ19+AL19+AN19+AP19+AR19+AT19+AV19 -> 0 | AZ19: =C19+E19+G19+I19+K19+M19+O19+Q19+S19+U19+W19+Y19+AA19+AC19+AE19+AG19+AI19+AK19+AM19+AO19+AQ19+AS19+AU19+AW19 -> 0 | BA19: =MAX(B19,D19,F19,H19,J19,L19,N19,P19,R19,T19,V19,X19,Z19,AB19,AD19,AF19,AH19,AJ19,AL19,AN19,AP19,AR19,AT19,AV19) -> 0 | BB19: =COUNT(B19,D19,F19,H19,J19,L19,N19,P19,R19,T19,V19,X19,Z19,AB19,AD19,AF19,AH19,AJ19,AL19,AN19,AP19,AR19,AT19,AV19) -> 0 | BD19: =IF(BB19>0,1,0) -> 0 | BE19: =P18+R18+T18+V18+X18+Z18+AB18+AD18+AF18+AH18+AJ18+AL18+AN18+AP18+AR18+AT18+AV18+B19+D19+F19+H19+J19+L19+N19 -> 0 | BG19: =julho!$BE20 -> 0 | BI19: =IF(BH19>0,1,0) -> 0
A20: 12 | AX20: 12 | AY20: =B20+D20+F20+H20+J20+L20+N20+P20+R20+T20+V20+X20+Z20+AB20+AD20+AF20+AH20+AJ20+AL20+AN20+AP20+AR20+AT20+AV20 -> 0 | AZ20: =C20+E20+G20+I20+K20+M20+O20+Q20+S20+U20+W20+Y20+AA20+AC20+AE20+AG20+AI20+AK20+AM20+AO20+AQ20+AS20+AU20+AW20 -> 0 | BA20: =MAX(B20,D20,F20,H20,J20,L20,N20,P20,R20,T20,V20,X20,Z20,AB20,AD20,AF20,AH20,AJ20,AL20,AN20,AP20,AR20,AT20,AV20) -> 0 | BB20: =COUNT(B20,D20,F20,H20,J20,L20,N20,P20,R20,T20,V20,X20,Z20,AB20,AD20,AF20,AH20,AJ20,AL20,AN20,AP20,AR20,AT20,AV20) -> 0 | BD20: =IF(BB20>0,1,0) -> 0 | BE20: =P19+R19+T19+V19+X19+Z19+AB19+AD19+AF19+AH19+AJ19+AL19+AN19+AP19+AR19+AT19+AV19+B20+D20+F20+H20+J20+L20+N20 -> 0 | BG20: =julho!$BE21 -> 0 | BI20: =IF(BH20>0,1,0) -> 0
A21: 13 | AX21: 13 | AY21: =B21+D21+F21+H21+J21+L21+N21+P21+R21+T21+V21+X21+Z21+AB21+AD21+AF21+AH21+AJ21+AL21+AN21+AP21+AR21+AT21+AV21 -> 0 | AZ21: =C21+E21+G21+I21+K21+M21+O21+Q21+S21+U21+W21+Y21+AA21+AC21+AE21+AG21+AI21+AK21+AM21+AO21+AQ21+AS21+AU21+AW21 -> 0 | BA21: =MAX(B21,D21,F21,H21,J21,L21,N21,P21,R21,T21,V21,X21,Z21,AB21,AD21,AF21,AH21,AJ21,AL21,AN21,AP21,AR21,AT21,AV21) -> 0 | BB21: =COUNT(B21,D21,F21,H21,J21,L21,N21,P21,R21,T21,V21,X21,Z21,AB21,AD21,AF21,AH21,AJ21,AL21,AN21,AP21,AR21,AT21,AV21) -> 0 | BD21: =IF(BB21>0,1,0) -> 0 | BE21: =P20+R20+T20+V20+X20+Z20+AB20+AD20+AF20+AH20+AJ20+AL20+AN20+AP20+AR20+AT20+AV20+B21+D21+F21+H21+J21+L21+N21 -> 0 | BG21: =julho!$BE22 -> 0 | BI21: =IF(BH21>0,1,0) -> 0
A22: 14 | AX22: 14 | AY22: =B22+D22+F22+H22+J22+L22+N22+P22+R22+T22+V22+X22+Z22+AB22+AD22+AF22+AH22+AJ22+AL22+AN22+AP22+AR22+AT22+AV22 -> 0 | AZ22: =C22+E22+G22+I22+K22+M22+O22+Q22+S22+U22+W22+Y22+AA22+AC22+AE22+AG22+AI22+AK22+AM22+AO22+AQ22+AS22+AU22+AW22 -> 0 | BA22: =MAX(B22,D22,F22,H22,J22,L22,N22,P22,R22,T22,V22,X22,Z22,AB22,AD22,AF22,AH22,AJ22,AL22,AN22,AP22,AR22,AT22,AV22) -> 0 | BB22: =COUNT(B22,D22,F22,H22,J22,L22,N22,P22,R22,T22,V22,X22,Z22,AB22,AD22,AF22,AH22,AJ22,AL22,AN22,AP22,AR22,AT22,AV22) -> 0 | BD22: =IF(BB22>0,1,0) -> 0 | BE22: =P21+R21+T21+V21+X21+Z21+AB21+AD21+AF21+AH21+AJ21+AL21+AN21+AP21+AR21+AT21+AV21+B22+D22+F22+H22+J22+L22+N22 -> 0 | BG22: =julho!$BE23 -> 0 | BI22: =IF(BH22>0,1,0) -> 0
A23: 15 | AX23: 15 | AY23: =B23+D23+F23+H23+J23+L23+N23+P23+R23+T23+V23+X23+Z23+AB23+AD23+AF23+AH23+AJ23+AL23+AN23+AP23+AR23+AT23+AV23 -> 0 | AZ23: =C23+E23+G23+I23+K23+M23+O23+Q23+S23+U23+W23+Y23+AA23+AC23+AE23+AG23+AI23+AK23+AM23+AO23+AQ23+AS23+AU23+AW23 -> 0 | BA23: =MAX(B23,D23,F23,H23,J23,L23,N23,P23,R23,T23,V23,X23,Z23,AB23,AD23,AF23,AH23,AJ23,AL23,AN23,AP23,AR23,AT23,AV23) -> 0 | BB23: =COUNT(B23,D23,F23,H23,J23,L23,N23,P23,R23,T23,V23,X23,Z23,AB23,AD23,AF23,AH23,AJ23,AL23,AN23,AP23,AR23,AT23,AV23) -> 0 | BD23: =IF(BB23>0,1,0) -> 0 | BE23: =P22+R22+T22+V22+X22+Z22+AB22+AD22+AF22+AH22+AJ22+AL22+AN22+AP22+AR22+AT22+AV22+B23+D23+F23+H23+J23+L23+N23 -> 0 | BG23: =julho!$BE24 -> 0 | BI23: =IF(BH23>0,1,0) -> 0
A24: 16 | AX24: 16 | AY24: =B24+D24+F24+H24+J24+L24+N24+P24+R24+T24+V24+X24+Z24+AB24+AD24+AF24+AH24+AJ24+AL24+AN24+AP24+AR24+AT24+AV24 -> 0 | AZ24: =C24+E24+G24+I24+K24+M24+O24+Q24+S24+U24+W24+Y24+AA24+AC24+AE24+AG24+AI24+AK24+AM24+AO24+AQ24+AS24+AU24+AW24 -> 0 | BA24: =MAX(B24,D24,F24,H24,J24,L24,N24,P24,R24,T24,V24,X24,Z24,AB24,AD24,AF24,AH24,AJ24,AL24,AN24,AP24,AR24,AT24,AV24) -> 0 | BB24: =COUNT(B24,D24,F24,H24,J24,L24,N24,P24,R24,T24,V24,X24,Z24,AB24,AD24,AF24,AH24,AJ24,AL24,AN24,AP24,AR24,AT24,AV24) -> 0 | BD24: =IF(BB24>0,1,0) -> 0 | BE24: =P23+R23+T23+V23+X23+Z23+AB23+AD23+AF23+AH23+AJ23+AL23+AN23+AP23+AR23+AT23+AV23+B24+D24+F24+H24+J24+L24+N24 -> 0 | BG24: =julho!$BE25 -> 0 | BI24: =IF(BH24>0,1,0) -> 0
A25: 17 | AX25: 17 | AY25: =B25+D25+F25+H25+J25+L25+N25+P25+R25+T25+V25+X25+Z25+AB25+AD25+AF25+AH25+AJ25+AL25+AN25+AP25+AR25+AT25+AV25 -> 0 | AZ25: =C25+E25+G25+I25+K25+M25+O25+Q25+S25+U25+W25+Y25+AA25+AC25+AE25+AG25+AI25+AK25+AM25+AO25+AQ25+AS25+AU25+AW25 -> 0 | BA25: =MAX(B25,D25,F25,H25,J25,L25,N25,P25,R25,T25,V25,X25,Z25,AB25,AD25,AF25,AH25,AJ25,AL25,AN25,AP25,AR25,AT25,AV25) -> 0 | BB25: =COUNT(B25,D25,F25,H25,J25,L25,N25,P25,R25,T25,V25,X25,Z25,AB25,AD25,AF25,AH25,AJ25,AL25,AN25,AP25,AR25,AT25,AV25) -> 0 | BD25: =IF(BB25>0,1,0) -> 0 | BE25: =P24+R24+T24+V24+X24+Z24+AB24+AD24+AF24+AH24+AJ24+AL24+AN24+AP24+AR24+AT24+AV24+B25+D25+F25+H25+J25+L25+N25 -> 0 | BG25: =julho!$BE26 -> 0 | BI25: =IF(BH25>0,1,0) -> 0
A26: 18 | AX26: 18 | AY26: =B26+D26+F26+H26+J26+L26+N26+P26+R26+T26+V26+X26+Z26+AB26+AD26+AF26+AH26+AJ26+AL26+AN26+AP26+AR26+AT26+AV26 -> 0 | AZ26: =C26+E26+G26+I26+K26+M26+O26+Q26+S26+U26+W26+Y26+AA26+AC26+AE26+AG26+AI26+AK26+AM26+AO26+AQ26+AS26+AU26+AW26 -> 0 | BA26: =MAX(B26,D26,F26,H26,J26,L26,N26,P26,R26,T26,V26,X26,Z26,AB26,AD26,AF26,AH26,AJ26,AL26,AN26,AP26,AR26,AT26,AV26) -> 0 | BB26: =COUNT(B26,D26,F26,H26,J26,L26,N26,P26,R26,T26,V26,X26,Z26,AB26,AD26,AF26,AH26,AJ26,AL26,AN26,AP26,AR26,AT26,AV26) -> 0 | BD26: =IF(BB26>0,1,0) -> 0 | BE26: =P25+R25+T25+V25+X25+Z25+AB25+AD25+AF25+AH25+AJ25+AL25+AN25+AP25+AR25+AT25+AV25+B26+D26+F26+H26+J26+L26+N26 -> 0 | BG26: =julho!$BE27 -> 0 | BI26: =IF(BH26>0,1,0) -> 0
A27: 19 | AX27: 19 | AY27: =B27+D27+F27+H27+J27+L27+N27+P27+R27+T27+V27+X27+Z27+AB27+AD27+AF27+AH27+AJ27+AL27+AN27+AP27+AR27+AT27+AV27 -> 0 | AZ27: =C27+E27+G27+I27+K27+M27+O27+Q27+S27+U27+W27+Y27+AA27+AC27+AE27+AG27+AI27+AK27+AM27+AO27+AQ27+AS27+AU27+AW27 -> 0 | BA27: =MAX(B27,D27,F27,H27,J27,L27,N27,P27,R27,T27,V27,X27,Z27,AB27,AD27,AF27,AH27,AJ27,AL27,AN27,AP27,AR27,AT27,AV27) -> 0 | BB27: =COUNT(B27,D27,F27,H27,J27,L27,N27,P27,R27,T27,V27,X27,Z27,AB27,AD27,AF27,AH27,AJ27,AL27,AN27,AP27,AR27,AT27,AV27) -> 0 | BD27: =IF(BB27>0,1,0) -> 0 | BE27: =P26+R26+T26+V26+X26+Z26+AB26+AD26+AF26+AH26+AJ26+AL26+AN26+AP26+AR26+AT26+AV26+B27+D27+F27+H27+J27+L27+N27 -> 0 | BG27: =julho!$BE28 -> 0.1 | BI27: =IF(BH27>0,1,0) -> 0
A28: 20 | H28: 0.1 | I28: 60 | AX28: 20 | AY28: =B28+D28+F28+H28+J28+L28+N28+P28+R28+T28+V28+X28+Z28+AB28+AD28+AF28+AH28+AJ28+AL28+AN28+AP28+AR28+AT28+AV28 -> 0.1 | AZ28: =C28+E28+G28+I28+K28+M28+O28+Q28+S28+U28+W28+Y28+AA28+AC28+AE28+AG28+AI28+AK28+AM28+AO28+AQ28+AS28+AU28+AW28 -> 60 | BA28: =MAX(B28,D28,F28,H28,J28,L28,N28,P28,R28,T28,V28,X28,Z28,AB28,AD28,AF28,AH28,AJ28,AL28,AN28,AP28,AR28,AT28,AV28) -> 0.1 | BB28: =COUNT(B28,D28,F28,H28,J28,L28,N28,P28,R28,T28,V28,X28,Z28,AB28,AD28,AF28,AH28,AJ28,AL28,AN28,AP28,AR28,AT28,AV28) -> 1 | BD28: =IF(BB28>0,1,0) -> 1 | BE28: =P27+R27+T27+V27+X27+Z27+AB27+AD27+AF27+AH27+AJ27+AL27+AN27+AP27+AR27+AT27+AV27+B28+D28+F28+H28+J28+L28+N28 -> 0.1 | BG28: =julho!$BE29 -> 0 | BI28: =IF(BH28>0,1,0) -> 0
A29: 21 | AX29: 21 | AY29: =B29+D29+F29+H29+J29+L29+N29+P29+R29+T29+V29+X29+Z29+AB29+AD29+AF29+AH29+AJ29+AL29+AN29+AP29+AR29+AT29+AV29 -> 0 | AZ29: =C29+E29+G29+I29+K29+M29+O29+Q29+S29+U29+W29+Y29+AA29+AC29+AE29+AG29+AI29+AK29+AM29+AO29+AQ29+AS29+AU29+AW29 -> 0 | BA29: =MAX(B29,D29,F29,H29,J29,L29,N29,P29,R29,T29,V29,X29,Z29,AB29,AD29,AF29,AH29,AJ29,AL29,AN29,AP29,AR29,AT29,AV29) -> 0 | BB29: =COUNT(B29,D29,F29,H29,J29,L29,N29,P29,R29,T29,V29,X29,Z29,AB29,AD29,AF29,AH29,AJ29,AL29,AN29,AP29,AR29,AT29,AV29) -> 0 | BD29: =IF(BB29>0,1,0) -> 0 | BE29: =P28+R28+T28+V28+X28+Z28+AB28+AD28+AF28+AH28+AJ28+AL28+AN28+AP28+AR28+AT28+AV28+B29+D29+F29+H29+J29+L29+N29 -> 0 | BG29: =julho!$BE30 -> 0.1 | BI29: =IF(BH29>0,1,0) -> 0
A30: 22 | J30: 0.1 | K30: 60 | AX30: 22 | AY30: =B30+D30+F30+H30+J30+L30+N30+P30+R30+T30+V30+X30+Z30+AB30+AD30+AF30+AH30+AJ30+AL30+AN30+AP30+AR30+AT30+AV30 -> 0.1 | AZ30: =C30+E30+G30+I30+K30+M30+O30+Q30+S30+U30+W30+Y30+AA30+AC30+AE30+AG30+AI30+AK30+AM30+AO30+AQ30+AS30+AU30+AW30 -> 60 | BA30: =MAX(B30,D30,F30,H30,J30,L30,N30,P30,R30,T30,V30,X30,Z30,AB30,AD30,AF30,AH30,AJ30,AL30,AN30,AP30,AR30,AT30,AV30) -> 0.1 | BB30: =COUNT(B30,D30,F30,H30,J30,L30,N30,P30,R30,T30,V30,X30,Z30,AB30,AD30,AF30,AH30,AJ30,AL30,AN30,AP30,AR30,AT30,AV30) -> 1 | BD30: =IF(BB30>0,1,0) -> 1 | BE30: =P29+R29+T29+V29+X29+Z29+AB29+AD29+AF29+AH29+AJ29+AL29+AN29+AP29+AR29+AT29+AV29+B30+D30+F30+H30+J30+L30+N30 -> 0.1 | BG30: =julho!$BE31 -> 0.1 | BI30: =IF(BH30>0,1,0) -> 0
A31: 23 | N31: 0.1 | O31: 60 | AX31: 23 | AY31: =B31+D31+F31+H31+J31+L31+N31+P31+R31+T31+V31+X31+Z31+AB31+AD31+AF31+AH31+AJ31+AL31+AN31+AP31+AR31+AT31+AV31 -> 0.1 | AZ31: =C31+E31+G31+I31+K31+M31+O31+Q31+S31+U31+W31+Y31+AA31+AC31+AE31+AG31+AI31+AK31+AM31+AO31+AQ31+AS31+AU31+AW31 -> 60 | BA31: =MAX(B31,D31,F31,H31,J31,L31,N31,P31,R31,T31,V31,X31,Z31,AB31,AD31,AF31,AH31,AJ31,AL31,AN31,AP31,AR31,AT31,AV31) -> 0.1 | BB31: =COUNT(B31,D31,F31,H31,J31,L31,N31,P31,R31,T31,V31,X31,Z31,AB31,AD31,AF31,AH31,AJ31,AL31,AN31,AP31,AR31,AT31,AV31) -> 1 | BD31: =IF(BB31>0,1,0) -> 1 | BE31: =P30+R30+T30+V30+X30+Z30+AB30+AD30+AF30+AH30+AJ30+AL30+AN30+AP30+AR30+AT30+AV30+B31+D31+F31+H31+J31+L31+N31 -> 0.1 | BG31: =julho!$BE32 -> 0 | BI31: =IF(BH31>0,1,0) -> 0
A32: 24 | AX32: 24 | AY32: =B32+D32+F32+H32+J32+L32+N32+P32+R32+T32+V32+X32+Z32+AB32+AD32+AF32+AH32+AJ32+AL32+AN32+AP32+AR32+AT32+AV32 -> 0 | AZ32: =C32+E32+G32+I32+K32+M32+O32+Q32+S32+U32+W32+Y32+AA32+AC32+AE32+AG32+AI32+AK32+AM32+AO32+AQ32+AS32+AU32+AW32 -> 0 | BA32: =MAX(B32,D32,F32,H32,J32,L32,N32,P32,R32,T32,V32,X32,Z32,AB32,AD32,AF32,AH32,AJ32,AL32,AN32,AP32,AR32,AT32,AV32) -> 0 | BB32: =COUNT(B32,D32,F32,H32,J32,L32,N32,P32,R32,T32,V32,X32,Z32,AB32,AD32,AF32,AH32,AJ32,AL32,AN32,AP32,AR32,AT32,AV32) -> 0 | BD32: =IF(BB32>0,1,0) -> 0 | BE32: =P31+R31+T31+V31+X31+Z31+AB31+AD31+AF31+AH31+AJ31+AL31+AN31+AP31+AR31+AT31+AV31+B32+D32+F32+H32+J32+L32+N32 -> 0 | BG32: =julho!$BE33 -> 0 | BI32: =IF(BH32>0,1,0) -> 0
A33: 25 | AX33: 25 | AY33: =B33+D33+F33+H33+J33+L33+N33+P33+R33+T33+V33+X33+Z33+AB33+AD33+AF33+AH33+AJ33+AL33+AN33+AP33+AR33+AT33+AV33 -> 0 | AZ33: =C33+E33+G33+I33+K33+M33+O33+Q33+S33+U33+W33+Y33+AA33+AC33+AE33+AG33+AI33+AK33+AM33+AO33+AQ33+AS33+AU33+AW33 -> 0 | BA33: =MAX(B33,D33,F33,H33,J33,L33,N33,P33,R33,T33,V33,X33,Z33,AB33,AD33,AF33,AH33,AJ33,AL33,AN33,AP33,AR33,AT33,AV33) -> 0 | BB33: =COUNT(B33,D33,F33,H33,J33,L33,N33,P33,R33,T33,V33,X33,Z33,AB33,AD33,AF33,AH33,AJ33,AL33,AN33,AP33,AR33,AT33,AV33) -> 0 | BD33: =IF(BB33>0,1,0) -> 0 | BE33: =P32+R32+T32+V32+X32+Z32+AB32+AD32+AF32+AH32+AJ32+AL32+AN32+AP32+AR32+AT32+AV32+B33+D33+F33+H33+J33+L33+N33 -> 0 | BG33: =julho!$BE34 -> 0 | BI33: =IF(BH33>0,1,0) -> 0
A34: 26 | AX34: 26 | AY34: =B34+D34+F34+H34+J34+L34+N34+P34+R34+T34+V34+X34+Z34+AB34+AD34+AF34+AH34+AJ34+AL34+AN34+AP34+AR34+AT34+AV34 -> 0 | AZ34: =C34+E34+G34+I34+K34+M34+O34+Q34+S34+U34+W34+Y34+AA34+AC34+AE34+AG34+AI34+AK34+AM34+AO34+AQ34+AS34+AU34+AW34 -> 0 | BA34: =MAX(B34,D34,F34,H34,J34,L34,N34,P34,R34,T34,V34,X34,Z34,AB34,AD34,AF34,AH34,AJ34,AL34,AN34,AP34,AR34,AT34,AV34) -> 0 | BB34: =COUNT(B34,D34,F34,H34,J34,L34,N34,P34,R34,T34,V34,X34,Z34,AB34,AD34,AF34,AH34,AJ34,AL34,AN34,AP34,AR34,AT34,AV34) -> 0 | BD34: =IF(BB34>0,1,0) -> 0 | BE34: =P33+R33+T33+V33+X33+Z33+AB33+AD33+AF33+AH33+AJ33+AL33+AN33+AP33+AR33+AT33+AV33+B34+D34+F34+H34+J34+L34+N34 -> 0 | BG34: =julho!$BE35 -> 0 | BI34: =IF(BH34>0,1,0) -> 0
